emp_id,name,age,department,salary
1,Tara Patel,18,Finance,114561.49
2,Akanksha Khatri,29,Engineering,58738.87
3,Rohit Jain,50,Engineering,20927.66
4,Sanjay Khatri,47,Engineering,35786.03
5,Tara Raina,35,Marketing,172613.37
6,Rohit Khatri,53,Support,130756.19
7,Kavish Raina,53,Engineering,70714.6
8,Akanksha Patel,50,Marketing,156346.18
9,Agnijeet Patel,43,Engineering,62686.27
10,Akanksha Patel,48,HR,174439.27
11,Rina Sharma,54,HR,178842.14
12,Agnijeet Patel,49,Engineering,130471.38
13,Kavish Paraswar,61,Support,125116.43
14,Rohit Kamble,25,HR,44500.77
15,Rohit Kamble,53,HR,39846.71
16,Kriti Jain,38,Finance,163374.15
17,Rina Jain,63,HR,63066.1
18,Kavish Raina,56,Sales,119035.62
19,Kavish Jain,47,Engineering,124449.86
20,Tara Sharma,63,Support,115071.65
21,Rina Jain,23,Sales,173169.77
22,Rohit Paraswar,26,Sales,75151.92
23,Agnijeet Desai,48,Support,28660.72
24,Amit Desai,32,Finance,149988.19
25,Amit Raina,49,Marketing,30110.41
26,Tara Khatri,26,HR,58740.42
27,Akanksha Kamble,47,Support,124465.22
28,Rohit Kamble,45,HR,151762.73
29,Akanksha Sharma,31,Marketing,131389.77
30,Amit Jain,44,Marketing,191568.59
31,Akanksha Sharma,22,Support,77597.65
32,Sanjay Raina,39,Support,179818.9
33,Tara Sharma,33,Marketing,122134.55
34,Sanjay Kamble,20,Finance,95977.26
35,Amit Jain,25,Sales,111759.42
36,Kriti Sharma,58,HR,60181.4
37,Agnijeet Raina,24,Engineering,96168.77
38,Rina Khatri,59,HR,61530.22
39,Rohit Desai,54,Engineering,25095.17
40,Rohit Patel,27,Marketing,37082.49
41,Kriti Sharma,62,Finance,115730.61
42,Sanjay Patel,41,HR,31461.57
43,Kriti Jain,64,HR,54459.74
44,Kriti Raina,47,Engineering,64039.85
45,Rohit Khatri,31,HR,108535.51
46,Amit Kamble,58,Finance,129141.94
47,Rina Raina,40,Sales,130361.83
48,Vaidehi Desai,63,Engineering,81041.87
49,Vaidehi Jain,64,Support,167035.31
50,Agnijeet Sharma,29,Sales,130764.46
51,Rohit Sharma,26,Finance,109848.55
52,Tara Desai,25,Sales,29127.33
53,Sanjay Jain,24,Finance,53663.41
54,Rohit Patel,28,HR,101076.34
55,Rohit Raina,49,Finance,185072.88
56,Agnijeet Khatri,26,Engineering,134624.51
57,Vaidehi Kamble,31,Marketing,52051.25
58,Amit Kamble,59,Engineering,160131.53
59,Kriti Jain,55,Marketing,25559.31
60,Amit Khatri,40,Marketing,24147.95
61,Kavish Khatri,18,Finance,47035.55
62,Kriti Jain,62,Marketing,30810.07
63,Tara Jain,40,HR,22359.09
64,Kavish Raina,50,Marketing,33154.19
65,Kriti Sharma,32,HR,58894.08
66,Kavish Paraswar,63,Finance,149411.01
67,Rina Kamble,63,Finance,107852.23
68,Tara Jain,22,Finance,42457.72
69,Vaidehi Khatri,62,HR,136515.42
70,Kavish Sharma,34,Sales,113734.99
71,Akanksha Raina,34,Marketing,164924.19
72,Kavish Raina,34,Finance,33488.42
73,Rohit Patel,53,Finance,97117.49
74,Kavish Desai,51,Marketing,169584.73
75,Vaidehi Sharma,34,Finance,118689.11
76,Akanksha Patel,61,Engineering,138030.54
77,Vaidehi Patel,64,Marketing,62720.99
78,Rohit Jain,23,HR,106556.52
79,Agnijeet Sharma,55,Support,125621.25
80,Akanksha Desai,51,Support,112700.67
81,Rohit Desai,57,Support,65723.16
82,Rohit Khatri,40,HR,35300.54
83,Sanjay Patel,56,Support,115938.0
84,Sanjay Patel,65,Marketing,148808.05
85,Agnijeet Khatri,18,Support,93590.8
86,Kavish Sharma,63,Engineering,171760.72
87,Tara Patel,23,Sales,29806.66
88,Kriti Raina,36,HR,99333.07
89,Tara Kamble,20,Support,73182.69
90,Sanjay Desai,46,Marketing,149671.38
91,Tara Paraswar,25,Sales,113665.51
92,Agnijeet Khatri,53,Support,108679.28
93,Kriti Sharma,46,Sales,95883.59
94,Tara Kamble,28,HR,167721.06
95,Kavish Kamble,20,Sales,117906.42
96,Kavish Sharma,64,Marketing,105720.04
97,Akanksha Raina,45,Sales,59097.05
98,Akanksha Kamble,65,Marketing,79692.68
99,Sanjay Jain,54,Engineering,23807.75
100,Rohit Jain,36,Sales,28624.61
101,Sanjay Sharma,57,Sales,169729.13
102,Akanksha Sharma,36,Marketing,98037.69
103,Kavish Paraswar,37,Engineering,156077.94
104,Kriti Jain,44,Marketing,80168.23
105,Rohit Paraswar,20,Marketing,24656.26
106,Kriti Jain,46,Engineering,114733.7
107,Kriti Jain,47,Support,103878.82
108,Vaidehi Kamble,57,Marketing,38729.14
109,Kriti Sharma,48,Marketing,72797.62
110,Rohit Sharma,63,HR,21669.72
111,Kavish Kamble,42,Engineering,83631.62
112,Kriti Raina,33,Support,147308.45
113,Vaidehi Jain,30,Sales,140385.74
114,Rohit Patel,61,Sales,57738.05
115,Vaidehi Jain,36,Support,187649.58
116,Vaidehi Jain,29,Finance,138343.29
117,Akanksha Jain,46,Sales,103072.16
118,Tara Raina,64,Finance,196207.91
119,Amit Desai,38,Finance,27953.25
120,Kriti Desai,41,Finance,141341.07
121,Sanjay Paraswar,22,Finance,88483.0
122,Agnijeet Sharma,27,HR,61765.08
123,Rina Raina,60,Support,167480.41
124,Sanjay Sharma,21,HR,23236.19
125,Vaidehi Kamble,50,HR,41423.04
126,Kavish Khatri,51,HR,183061.5
127,Sanjay Desai,18,Support,90811.98
128,Agnijeet Desai,21,Finance,32846.55
129,Kriti Paraswar,64,HR,75657.54
130,Agnijeet Patel,45,Marketing,180606.21
131,Sanjay Patel,52,Finance,163752.47
132,Amit Jain,62,Finance,121104.82
133,Rina Raina,45,Support,76857.52
134,Agnijeet Khatri,54,Support,80667.83
135,Rina Jain,56,Engineering,121746.26
136,Rina Khatri,57,Finance,26419.13
137,Kriti Paraswar,64,HR,198272.08
138,Akanksha Patel,25,Engineering,57903.01
139,Tara Khatri,36,HR,128985.82
140,Akanksha Desai,46,Engineering,191507.96
141,Agnijeet Paraswar,61,HR,134950.83
142,Akanksha Jain,32,Support,39445.92
143,Vaidehi Khatri,51,Marketing,121600.72
144,Kavish Khatri,58,Sales,192723.03
145,Rina Jain,33,Sales,126846.91
146,Rina Paraswar,51,Support,90648.95
147,Vaidehi Sharma,48,Marketing,95974.27
148,Sanjay Jain,36,HR,24768.42
149,Vaidehi Desai,44,Sales,64513.09
150,Tara Sharma,33,Finance,97078.34
151,Agnijeet Khatri,52,Sales,161557.62
152,Tara Sharma,29,Engineering,49106.83
153,Rina Raina,57,Marketing,115682.66
154,Rina Khatri,36,Marketing,134271.97
155,Kavish Desai,56,Marketing,162837.03
156,Rohit Sharma,61,Finance,127396.83
157,Kavish Sharma,65,Finance,46097.81
158,Tara Desai,39,Sales,84731.47
159,Sanjay Raina,30,Finance,142723.99
160,Vaidehi Khatri,50,Sales,31698.03
161,Rina Patel,49,Sales,124872.14
162,Akanksha Patel,50,Finance,35788.52
163,Sanjay Patel,57,Engineering,37522.46
164,Rina Desai,38,Engineering,198139.12
165,Amit Paraswar,20,HR,162484.88
166,Rohit Khatri,57,Marketing,30185.74
167,Tara Sharma,56,HR,42780.8
168,Rina Kamble,21,Sales,165937.99
169,Amit Jain,34,HR,170570.74
170,Rohit Patel,31,HR,113748.35
171,Akanksha Kamble,40,Support,78406.75
172,Rina Patel,20,Sales,118575.16
173,Kavish Desai,55,Engineering,112618.12
174,Agnijeet Raina,19,Engineering,76167.15
175,Vaidehi Raina,55,Finance,106533.76
176,Amit Sharma,29,Sales,133331.59
177,Agnijeet Kamble,53,Marketing,131178.56
178,Amit Paraswar,60,Sales,102543.42
179,Kavish Paraswar,61,Sales,130519.74
180,Akanksha Desai,55,Engineering,31495.31
181,Agnijeet Raina,64,Support,183679.19
182,Vaidehi Paraswar,25,HR,167313.72
183,Vaidehi Desai,65,Finance,110423.99
184,Sanjay Raina,65,Sales,72493.04
185,Sanjay Desai,30,HR,172236.12
186,Kavish Desai,26,Engineering,112851.73
187,Tara Patel,26,Finance,89879.8
188,Amit Khatri,19,Sales,88862.5
189,Kriti Paraswar,51,Engineering,131059.96
190,Vaidehi Desai,30,Marketing,48854.54
191,Rohit Jain,21,Support,131644.72
192,Rina Raina,30,HR,20812.02
193,Vaidehi Khatri,25,Support,49301.01
194,Akanksha Raina,38,Support,48513.02
195,Agnijeet Desai,38,Sales,199497.95
196,Tara Jain,26,HR,166513.2
197,Kavish Khatri,59,Finance,83863.83
198,Rina Sharma,49,Support,147930.25
199,Sanjay Kamble,43,Finance,33328.54
200,Kavish Kamble,38,Marketing,37768.17
201,Tara Jain,52,Finance,29965.99
202,Amit Jain,37,Marketing,68134.45
203,Akanksha Jain,54,Sales,132901.18
204,Sanjay Khatri,20,Marketing,79702.5
205,Rina Patel,50,Engineering,166861.5
206,Kriti Kamble,31,Finance,176165.93
207,Amit Sharma,19,Marketing,147584.49
208,Agnijeet Khatri,36,Engineering,73896.48
209,Amit Jain,47,Engineering,27946.25
210,Kavish Jain,41,Engineering,196485.6
211,Sanjay Kamble,58,Marketing,132679.43
212,Kriti Paraswar,57,Marketing,174931.82
213,Akanksha Jain,40,Support,132105.48
214,Kriti Jain,33,Support,90453.09
215,Kriti Jain,38,Support,116089.64
216,Akanksha Raina,33,HR,112877.71
217,Rohit Raina,35,Engineering,39764.43
218,Vaidehi Sharma,31,Support,177558.83
219,Kriti Desai,22,Sales,38059.57
220,Sanjay Raina,21,Finance,90918.15
221,Agnijeet Kamble,20,Finance,121208.66
222,Sanjay Jain,33,Sales,46087.67
223,Vaidehi Paraswar,54,Sales,77826.68
224,Vaidehi Sharma,52,Support,65437.56
225,Agnijeet Sharma,64,Finance,27303.32
226,Akanksha Sharma,50,Engineering,138194.95
227,Agnijeet Desai,35,Marketing,87346.68
228,Sanjay Desai,32,Support,129793.87
229,Tara Desai,39,Marketing,25703.54
230,Agnijeet Raina,19,Finance,134985.15
231,Vaidehi Patel,22,Engineering,98449.91
232,Kriti Kamble,41,Support,140291.54
233,Kriti Desai,49,Finance,28395.79
234,Sanjay Khatri,46,Finance,108079.62
235,Amit Sharma,24,Marketing,116060.37
236,Tara Jain,50,Marketing,102066.28
237,Rina Patel,27,HR,152690.35
238,Rohit Khatri,34,Support,105925.48
239,Kriti Raina,57,HR,48067.74
240,Kavish Patel,28,HR,151017.56
241,Kavish Desai,36,HR,35728.08
242,Sanjay Khatri,62,Engineering,89591.08
243,Akanksha Kamble,51,HR,199982.68
244,Kriti Desai,22,Sales,167287.71
245,Amit Raina,23,Marketing,117674.65
246,Vaidehi Raina,59,HR,132823.69
247,Vaidehi Patel,55,Engineering,36108.11
248,Agnijeet Khatri,62,HR,148879.46
249,Amit Patel,28,Engineering,77860.72
250,Akanksha Khatri,58,Engineering,161098.8
251,Akanksha Paraswar,65,Finance,110891.08
252,Vaidehi Kamble,57,Engineering,32272.87
253,Rina Raina,52,HR,156469.48
254,Rohit Paraswar,23,Marketing,198568.28
255,Sanjay Patel,47,Marketing,185016.92
256,Tara Kamble,60,Marketing,53120.74
257,Rina Raina,49,Engineering,98821.08
258,Rohit Paraswar,26,Engineering,164503.23
259,Agnijeet Sharma,32,Finance,156453.5
260,Rina Sharma,30,Marketing,104963.17
261,Akanksha Jain,46,Finance,103016.92
262,Tara Kamble,62,HR,109369.1
263,Rina Kamble,26,HR,31996.92
264,Rina Khatri,29,Finance,148839.23
265,Vaidehi Kamble,21,Finance,119338.67
266,Sanjay Khatri,37,Sales,116483.49
267,Akanksha Raina,61,Marketing,163428.06
268,Agnijeet Desai,52,Marketing,138006.51
269,Vaidehi Khatri,65,Finance,173725.9
270,Akanksha Patel,51,Finance,100567.25
271,Akanksha Paraswar,46,HR,76420.93
272,Sanjay Jain,36,HR,144794.11
273,Rohit Kamble,57,Support,173205.66
274,Kriti Desai,25,HR,83777.16
275,Tara Jain,49,Support,97510.4
276,Amit Sharma,45,Support,80122.94
277,Rohit Khatri,48,Marketing,100041.7
278,Akanksha Paraswar,46,Engineering,84098.99
279,Agnijeet Raina,50,Finance,192427.72
280,Tara Patel,35,Finance,72066.59
281,Akanksha Kamble,34,HR,40974.25
282,Amit Kamble,62,Sales,113462.89
283,Kriti Khatri,34,Support,47128.12
284,Amit Jain,63,HR,50192.31
285,Tara Kamble,35,Marketing,30130.92
286,Vaidehi Jain,52,Finance,82268.73
287,Akanksha Raina,52,Support,133467.09
288,Agnijeet Raina,30,Finance,80711.66
289,Agnijeet Khatri,26,Sales,162737.52
290,Sanjay Jain,61,HR,171156.83
291,Agnijeet Jain,61,Engineering,168781.84
292,Amit Kamble,55,Finance,167565.71
293,Akanksha Khatri,42,Engineering,160914.05
294,Rohit Khatri,23,HR,57743.95
295,Kriti Sharma,25,Finance,74111.99
296,Tara Patel,18,Support,34407.45
297,Amit Kamble,55,HR,192443.6
298,Amit Patel,33,Engineering,170863.25
299,Amit Jain,51,Support,63694.32
300,Rohit Paraswar,50,Marketing,143831.7
301,Amit Khatri,41,Sales,35935.39
302,Rina Raina,62,Engineering,47671.86
303,Kavish Paraswar,18,Sales,39977.04
304,Kriti Paraswar,51,HR,98143.52
305,Sanjay Jain,43,Sales,21009.9
306,Kriti Desai,37,Engineering,131575.34
307,Rohit Khatri,22,Sales,195716.73
308,Vaidehi Sharma,38,Engineering,111055.38
309,Amit Kamble,57,HR,126845.26
310,Tara Jain,61,Engineering,186830.67
311,Rohit Khatri,65,Marketing,35320.24
312,Kavish Paraswar,40,Support,57726.49
313,Agnijeet Desai,34,HR,63625.38
314,Amit Jain,45,Support,46823.1
315,Vaidehi Raina,33,Support,147971.36
316,Sanjay Jain,28,Support,21219.17
317,Rohit Kamble,55,Engineering,80145.7
318,Vaidehi Jain,26,Support,84600.09
319,Sanjay Patel,38,Support,133974.79
320,Rina Kamble,47,HR,141014.04
321,Amit Jain,64,Engineering,103205.94
322,Kavish Kamble,19,Marketing,60914.59
323,Vaidehi Raina,33,Marketing,57533.63
324,Tara Kamble,23,HR,82576.2
325,Rohit Patel,18,Support,118695.01
326,Kriti Kamble,27,Marketing,72814.28
327,Agnijeet Desai,29,Support,67051.04
328,Akanksha Patel,48,Sales,160454.26
329,Sanjay Jain,35,HR,155558.84
330,Agnijeet Jain,25,Support,172802.16
331,Rina Desai,27,HR,25856.46
332,Kavish Sharma,46,Finance,73030.18
333,Amit Kamble,57,Finance,56415.54
334,Akanksha Patel,39,Marketing,27415.82
335,Agnijeet Desai,61,Engineering,104893.91
336,Kavish Paraswar,57,Support,125327.79
337,Kriti Raina,32,Marketing,109411.04
338,Tara Sharma,38,Engineering,68507.48
339,Rina Kamble,62,Engineering,29745.29
340,Kriti Jain,41,Marketing,150809.73
341,Vaidehi Jain,29,Support,40145.48
342,Kavish Paraswar,47,Support,157016.39
343,Sanjay Patel,19,Support,24039.03
344,Akanksha Kamble,18,Engineering,196177.4
345,Kavish Patel,51,Sales,84041.14
346,Akanksha Kamble,43,HR,86752.41
347,Amit Desai,31,Sales,199574.27
348,Sanjay Sharma,41,Support,112767.68
349,Rina Jain,39,HR,166100.96
350,Sanjay Kamble,33,Finance,43322.09
351,Tara Jain,35,Finance,58021.33
352,Vaidehi Sharma,54,Engineering,65035.78
353,Amit Sharma,36,Support,28556.75
354,Sanjay Kamble,20,Support,187472.86
355,Vaidehi Sharma,23,Marketing,97218.59
356,Sanjay Desai,23,HR,119312.01
357,Kavish Khatri,18,Support,115262.15
358,Vaidehi Desai,30,HR,30796.05
359,Tara Sharma,36,Support,66950.94
360,Akanksha Khatri,62,Engineering,117817.79
361,Sanjay Raina,50,Sales,38173.72
362,Tara Patel,54,Engineering,164107.38
363,Kriti Khatri,49,Sales,157050.65
364,Amit Paraswar,39,Marketing,93913.74
365,Agnijeet Desai,31,HR,92623.01
366,Agnijeet Paraswar,23,Finance,99670.96
367,Amit Patel,33,HR,113098.26
368,Rohit Paraswar,45,Support,55340.61
369,Rina Raina,43,Marketing,170608.75
370,Rina Khatri,37,HR,182209.74
371,Kriti Raina,41,Support,171253.97
372,Sanjay Patel,45,Marketing,72549.7
373,Kriti Kamble,21,Support,72379.69
374,Rina Kamble,34,Marketing,34905.33
375,Rohit Raina,56,Sales,155167.65
376,Akanksha Kamble,25,Finance,103620.36
377,Amit Desai,20,Finance,52475.53
378,Rohit Paraswar,27,Engineering,48080.36
379,Vaidehi Desai,57,Support,97526.66
380,Kavish Raina,26,Sales,144623.64
381,Kavish Khatri,38,Finance,36537.21
382,Kriti Sharma,37,HR,175307.3
383,Kriti Raina,52,Sales,29635.14
384,Vaidehi Khatri,25,Engineering,91458.54
385,Agnijeet Kamble,53,Finance,73980.66
386,Agnijeet Sharma,22,Marketing,116320.73
387,Tara Desai,56,Sales,139531.1
388,Tara Desai,41,Engineering,161904.96
389,Amit Raina,64,HR,113490.48
390,Kriti Sharma,35,Support,107652.22
391,Agnijeet Desai,40,Sales,78987.0
392,Rina Jain,33,Finance,82301.5
393,Kriti Jain,28,Engineering,129142.58
394,Amit Jain,42,HR,47561.18
395,Rohit Raina,57,HR,191812.96
396,Rina Jain,64,Engineering,162058.77
397,Tara Patel,37,Support,183488.15
398,Tara Khatri,58,Support,45374.85
399,Akanksha Desai,61,Engineering,123119.16
400,Sanjay Paraswar,60,HR,152216.34
401,Amit Jain,28,Finance,147867.29
402,Amit Sharma,58,Engineering,90343.43
403,Kriti Desai,49,Finance,107293.72
404,Vaidehi Jain,54,HR,98039.07
405,Sanjay Jain,60,Engineering,20077.74
406,Vaidehi Patel,34,HR,106182.11
407,Kriti Khatri,57,Support,194595.95
408,Kavish Kamble,44,Marketing,173928.67
409,Kriti Patel,35,Finance,22982.58
410,Amit Patel,51,Finance,179548.1
411,Rina Paraswar,45,Finance,33861.23
412,Agnijeet Patel,47,Sales,34490.48
413,Rina Raina,41,Marketing,107292.3
414,Tara Raina,19,Sales,73452.36
415,Sanjay Desai,63,Sales,130021.07
416,Kriti Khatri,41,Sales,87608.19
417,Sanjay Jain,49,Marketing,174145.62
418,Sanjay Sharma,38,Engineering,62952.77
419,Kriti Sharma,33,Support,32036.23
420,Agnijeet Sharma,35,Sales,183519.59
421,Vaidehi Patel,33,Marketing,35394.12
422,Akanksha Jain,54,Sales,98618.83
423,Rina Khatri,30,Sales,130453.12
424,Rina Patel,45,Engineering,192747.12
425,Rohit Desai,64,HR,97624.11
426,Sanjay Khatri,62,Engineering,155783.42
427,Kavish Patel,35,HR,80118.82
428,Amit Kamble,54,HR,174380.56
429,Vaidehi Raina,37,Sales,132886.8
430,Vaidehi Khatri,37,Support,166597.44
431,Akanksha Raina,53,Engineering,129030.05
432,Kriti Patel,40,HR,190185.63
433,Vaidehi Sharma,41,Support,173294.65
434,Rohit Sharma,37,Support,195076.79
435,Amit Jain,40,HR,192357.91
436,Amit Raina,53,Finance,85652.13
437,Akanksha Raina,45,Support,168738.49
438,Rina Khatri,51,Support,187825.29
439,Kavish Patel,22,Finance,62022.6
440,Sanjay Desai,54,Engineering,92834.62
441,Rohit Paraswar,41,Finance,80738.41
442,Rina Patel,35,Engineering,105638.35
443,Rohit Kamble,23,Engineering,153150.91
444,Agnijeet Jain,28,Marketing,184951.88
445,Kavish Sharma,52,Marketing,126809.7
446,Amit Kamble,19,Engineering,174537.72
447,Tara Raina,18,Sales,49510.42
448,Rohit Desai,23,Support,136619.79
449,Kriti Sharma,40,HR,114924.84
450,Amit Jain,38,HR,139352.37
451,Kavish Raina,43,Sales,155857.58
452,Kriti Khatri,31,Sales,134098.84
453,Kavish Khatri,53,Marketing,153212.17
454,Rina Sharma,45,HR,58923.64
455,Agnijeet Khatri,25,Sales,167950.53
456,Kavish Khatri,35,HR,140669.69
457,Agnijeet Kamble,25,Support,132214.97
458,Kavish Khatri,26,Finance,166151.74
459,Sanjay Sharma,41,Support,61410.31
460,Amit Paraswar,61,HR,40993.34
461,Kavish Paraswar,26,Engineering,184572.42
462,Tara Desai,48,HR,167499.23
463,Amit Raina,26,Marketing,192184.67
464,Kavish Raina,58,Finance,117594.44
465,Vaidehi Desai,20,Sales,196238.7
466,Vaidehi Raina,58,Engineering,154707.12
467,Kriti Kamble,39,Marketing,82411.86
468,Amit Desai,36,Engineering,170646.78
469,Rohit Patel,37,HR,122198.3
470,Akanksha Khatri,21,Marketing,87758.5
471,Akanksha Kamble,56,HR,89531.13
472,Kriti Patel,49,HR,148598.89
473,Vaidehi Kamble,43,Engineering,74524.92
474,Sanjay Raina,27,Support,98210.09
475,Rohit Kamble,37,Engineering,100455.75
476,Sanjay Desai,64,HR,165712.16
477,Kavish Paraswar,54,Marketing,99050.11
478,Rohit Sharma,48,Finance,76506.67
479,Vaidehi Patel,18,Support,120792.09
480,Agnijeet Desai,31,Finance,77718.93
481,Vaidehi Kamble,57,Marketing,196922.92
482,Sanjay Paraswar,35,Marketing,185802.95
483,Kavish Sharma,63,Engineering,161590.16
484,Rohit Khatri,29,Support,48476.77
485,Rohit Khatri,60,Engineering,142704.17
486,Amit Desai,32,Finance,178243.69
487,Vaidehi Desai,53,Engineering,36418.22
488,Sanjay Khatri,33,HR,85640.94
489,Amit Raina,57,Finance,53980.89
490,Vaidehi Jain,47,HR,121334.95
491,Agnijeet Raina,27,Finance,133051.7
492,Rina Kamble,60,Engineering,103417.75
493,Kavish Kamble,65,Marketing,128480.94
494,Sanjay Raina,28,Support,64865.52
495,Rohit Paraswar,20,Sales,184926.15
496,Amit Raina,64,Engineering,80061.2
497,Sanjay Kamble,25,Support,137890.89
498,Kriti Raina,44,Finance,195689.86
499,Amit Raina,23,Support,67855.62
500,Akanksha Sharma,45,Sales,36796.65
501,Akanksha Desai,43,Marketing,90182.21
502,Amit Patel,23,Support,174577.85
503,Rina Raina,59,Finance,144525.53
504,Vaidehi Patel,63,Engineering,185236.61
505,Kriti Jain,20,HR,41381.83
506,Tara Jain,62,HR,29660.32
507,Sanjay Paraswar,37,Support,112628.34
508,Sanjay Jain,63,Marketing,30627.07
509,Agnijeet Khatri,34,Engineering,180530.09
510,Tara Patel,43,Sales,91900.68
511,Rina Paraswar,32,Engineering,105787.85
512,Vaidehi Patel,45,HR,73037.03
513,Tara Paraswar,64,Engineering,46159.29
514,Sanjay Raina,56,Marketing,42384.83
515,Kriti Paraswar,23,Finance,110329.52
516,Kriti Khatri,39,HR,151502.43
517,Rohit Kamble,62,Support,28013.06
518,Kriti Kamble,32,HR,51386.33
519,Amit Khatri,29,HR,43571.28
520,Rina Patel,42,HR,93069.26
521,Rohit Jain,21,Finance,45413.68
522,Akanksha Khatri,61,HR,135529.65
523,Tara Desai,51,Support,63076.92
524,Tara Raina,64,Engineering,155723.39
525,Rohit Patel,27,Sales,44439.44
526,Rina Sharma,19,Engineering,38645.52
527,Sanjay Kamble,41,Finance,190378.32
528,Tara Paraswar,27,Engineering,175753.91
529,Rohit Jain,35,Support,90484.26
530,Akanksha Khatri,56,Sales,40568.72
531,Akanksha Desai,34,Sales,68841.43
532,Kriti Raina,41,Support,120058.6
533,Kavish Jain,58,Engineering,49461.76
534,Amit Paraswar,52,Engineering,156363.09
535,Sanjay Sharma,32,Support,77557.22
536,Tara Jain,34,Finance,163069.33
537,Sanjay Paraswar,30,Engineering,50838.4
538,Sanjay Kamble,38,Finance,181400.4
539,Agnijeet Jain,64,Engineering,81716.57
540,Sanjay Sharma,33,HR,103982.41
541,Akanksha Desai,51,Marketing,49581.76
542,Akanksha Patel,57,Engineering,135271.72
543,Rina Patel,41,Marketing,46194.1
544,Akanksha Desai,58,Finance,79273.45
545,Tara Jain,29,Sales,45663.66
546,Akanksha Khatri,22,Engineering,53176.72
547,Vaidehi Desai,31,HR,160510.66
548,Rina Jain,51,Sales,178181.35
549,Rohit Patel,31,Support,171844.64
550,Rina Raina,65,Marketing,56800.72
551,Rohit Khatri,54,Finance,132316.67
552,Rina Paraswar,52,Finance,79501.0
553,Tara Jain,54,Marketing,168153.55
554,Kriti Kamble,47,HR,196234.46
555,Sanjay Patel,55,Finance,76241.68
556,Kavish Raina,41,Finance,115169.92
557,Rohit Raina,59,Engineering,193999.97
558,Rina Khatri,24,HR,140102.15
559,Rohit Desai,62,Finance,102620.97
560,Agnijeet Paraswar,45,Sales,23897.59
561,Rina Khatri,30,Marketing,63054.53
562,Amit Paraswar,38,HR,98762.39
563,Akanksha Khatri,57,Sales,175362.41
564,Sanjay Sharma,24,Support,176465.15
565,Agnijeet Khatri,51,Marketing,193739.11
566,Tara Kamble,45,Engineering,71008.68
567,Akanksha Patel,44,HR,74295.14
568,Kavish Khatri,50,Marketing,152987.83
569,Rina Khatri,65,Finance,122982.07
570,Amit Jain,23,Marketing,136469.29
571,Akanksha Kamble,26,Marketing,121869.78
572,Agnijeet Sharma,27,Finance,129927.05
573,Agnijeet Desai,41,Sales,141337.64
574,Sanjay Raina,52,Engineering,168424.92
575,Amit Sharma,22,Finance,170663.21
576,Kriti Jain,52,HR,159473.7
577,Rina Jain,61,Finance,46649.21
578,Akanksha Sharma,48,Sales,188120.93
579,Sanjay Khatri,63,Support,35333.02
580,Kriti Patel,57,Finance,98881.76
581,Agnijeet Desai,37,Marketing,116647.64
582,Kriti Jain,61,Finance,48053.02
583,Tara Sharma,39,Support,142771.91
584,Sanjay Kamble,38,HR,30908.96
585,Akanksha Kamble,49,Marketing,188280.87
586,Sanjay Jain,20,HR,52306.92
587,Amit Paraswar,37,Marketing,55364.13
588,Kriti Patel,47,Support,166351.95
589,Vaidehi Jain,27,Sales,134018.1
590,Kavish Raina,35,HR,48266.42
591,Rohit Patel,31,Finance,87482.6
592,Vaidehi Raina,27,Engineering,153234.74
593,Tara Khatri,43,Marketing,145650.08
594,Akanksha Kamble,33,HR,31146.7
595,Agnijeet Desai,21,Finance,83519.69
596,Sanjay Kamble,37,Support,118930.51
597,Vaidehi Kamble,47,Support,147108.68
598,Rohit Kamble,47,Engineering,138541.3
599,Sanjay Patel,50,Finance,107390.42
600,Vaidehi Patel,25,Marketing,99805.13
601,Amit Patel,52,HR,161332.75
602,Amit Paraswar,31,Finance,71737.5
603,Kriti Raina,33,Engineering,183756.54
604,Vaidehi Patel,21,Engineering,127275.9
605,Rina Paraswar,53,Finance,131676.32
606,Kriti Desai,19,Finance,24431.09
607,Sanjay Khatri,20,Support,83996.03
608,Kavish Kamble,33,Engineering,145633.6
609,Vaidehi Desai,43,Support,51687.57
610,Vaidehi Patel,23,HR,95379.02
611,Kriti Desai,62,Sales,65657.09
612,Rina Patel,19,Marketing,55351.81
613,Kriti Khatri,30,Marketing,76745.69
614,Akanksha Desai,55,HR,185787.39
615,Tara Paraswar,41,Finance,121702.7
616,Tara Patel,56,Sales,192815.31
617,Sanjay Jain,47,Support,66725.23
618,Akanksha Sharma,27,Support,60457.66
619,Amit Sharma,52,Sales,99924.52
620,Amit Kamble,25,Engineering,50307.99
621,Kavish Sharma,26,Support,102509.52
622,Sanjay Kamble,21,HR,98688.66
623,Akanksha Desai,58,Support,172384.96
624,Rohit Sharma,29,Sales,82103.79
625,Vaidehi Jain,45,Sales,131847.97
626,Amit Kamble,54,Finance,186291.84
627,Rina Khatri,42,Engineering,135641.26
628,Akanksha Patel,20,Sales,188494.51
629,Agnijeet Paraswar,46,HR,26219.24
630,Amit Kamble,55,Support,141732.98
631,Rina Raina,64,HR,52557.76
632,Sanjay Paraswar,61,HR,142755.62
633,Kavish Desai,56,Support,110771.8
634,Kavish Patel,42,Support,97235.73
635,Rina Jain,35,Finance,26884.68
636,Vaidehi Patel,39,Support,143133.02
637,Amit Patel,51,Finance,173924.45
638,Kavish Kamble,64,Marketing,110262.53
639,Rohit Khatri,19,Engineering,55518.83
640,Akanksha Kamble,29,Finance,24591.95
641,Kriti Paraswar,22,Support,51216.73
642,Rina Paraswar,35,Sales,95572.96
643,Tara Khatri,23,Sales,27308.76
644,Rina Paraswar,31,Finance,193938.11
645,Akanksha Kamble,48,Marketing,112967.49
646,Rina Patel,47,HR,71128.69
647,Rina Sharma,30,Engineering,40732.37
648,Vaidehi Raina,37,Marketing,169773.79
649,Kavish Patel,53,Support,21372.05
650,Rina Patel,21,HR,29980.01
651,Tara Patel,39,Engineering,80502.36
652,Kriti Sharma,55,Finance,42941.94
653,Rohit Desai,26,Engineering,84911.17
654,Kriti Jain,21,Finance,55309.29
655,Rina Patel,64,Support,79695.81
656,Amit Paraswar,62,Sales,194006.17
657,Amit Desai,30,HR,194177.17
658,Kriti Sharma,47,Engineering,110512.67
659,Akanksha Desai,61,Engineering,109673.24
660,Tara Kamble,33,Sales,33532.66
661,Akanksha Kamble,22,Sales,148448.97
662,Rina Sharma,39,Engineering,74007.64
663,Amit Desai,27,Engineering,62025.23
664,Kavish Jain,46,Engineering,120437.38
665,Tara Khatri,62,Marketing,73827.54
666,Akanksha Paraswar,64,Support,171557.29
667,Agnijeet Khatri,39,Finance,49295.32
668,Akanksha Paraswar,26,Sales,98796.16
669,Akanksha Raina,59,Support,84259.14
670,Kavish Khatri,34,Marketing,117165.51
671,Sanjay Patel,35,Finance,180098.34
672,Agnijeet Raina,19,Marketing,49991.5
673,Tara Jain,61,Finance,64287.59
674,Amit Khatri,31,Finance,153269.41
675,Vaidehi Jain,35,Sales,83949.11
676,Vaidehi Sharma,23,Sales,190975.05
677,Amit Raina,34,HR,198240.55
678,Kavish Sharma,44,HR,183987.72
679,Akanksha Jain,22,Support,90046.66
680,Tara Khatri,59,Engineering,193835.23
681,Rina Desai,52,HR,195641.82
682,Akanksha Jain,60,HR,89089.61
683,Akanksha Desai,46,HR,59706.89
684,Akanksha Jain,45,Sales,115243.27
685,Kavish Khatri,29,Engineering,134697.33
686,Amit Jain,58,Finance,90834.06
687,Akanksha Desai,19,Engineering,187097.53
688,Kriti Khatri,58,HR,48218.89
689,Tara Jain,29,Marketing,123015.55
690,Kavish Patel,23,Finance,108190.0
691,Sanjay Sharma,45,Marketing,33423.86
692,Sanjay Kamble,45,Finance,199998.53
693,Agnijeet Khatri,60,Engineering,190377.85
694,Tara Jain,25,Engineering,108984.32
695,Tara Paraswar,21,Engineering,128618.4
696,Vaidehi Desai,25,Sales,187596.75
697,Rohit Kamble,25,Sales,84601.41
698,Rina Jain,65,Marketing,175878.13
699,Agnijeet Khatri,59,Marketing,120351.7
700,Amit Kamble,25,Finance,118998.99
701,Akanksha Jain,28,Marketing,195575.58
702,Rohit Paraswar,42,Marketing,168327.78
703,Sanjay Desai,43,Sales,148183.88
704,Amit Desai,31,Sales,103179.93
705,Agnijeet Khatri,42,Marketing,122167.13
706,Agnijeet Patel,40,Finance,138997.47
707,Sanjay Khatri,64,HR,94654.68
708,Kriti Sharma,43,HR,166513.41
709,Vaidehi Khatri,22,HR,189388.14
710,Vaidehi Raina,29,Engineering,168679.47
711,Vaidehi Khatri,25,Support,197072.81
712,Rina Kamble,39,Marketing,59899.62
713,Rohit Desai,25,Engineering,51336.03
714,Akanksha Desai,65,HR,123849.47
715,Sanjay Raina,25,Support,175655.3
716,Rina Raina,18,Engineering,173479.08
717,Sanjay Jain,59,Marketing,124306.06
718,Kriti Khatri,46,Support,190676.28
719,Kavish Patel,39,HR,32601.36
720,Vaidehi Raina,32,HR,112041.47
721,Akanksha Jain,34,HR,89116.07
722,Amit Sharma,52,Sales,137469.04
723,Agnijeet Jain,65,HR,112842.78
724,Tara Desai,38,Support,63932.03
725,Kriti Patel,50,Support,128244.24
726,Rohit Desai,18,Finance,34239.68
727,Agnijeet Khatri,18,Marketing,138467.46
728,Amit Raina,25,Engineering,192726.04
729,Kriti Patel,32,Engineering,46008.78
730,Agnijeet Paraswar,24,Marketing,173149.11
731,Tara Khatri,33,Marketing,192165.58
732,Tara Paraswar,18,Support,22845.07
733,Kavish Jain,58,Sales,164909.49
734,Rina Patel,21,Finance,143851.11
735,Sanjay Khatri,30,Marketing,63217.0
736,Agnijeet Kamble,41,Support,44583.91
737,Kriti Paraswar,24,HR,25495.23
738,Rohit Jain,30,Sales,26558.6
739,Tara Jain,40,Sales,129740.17
740,Kavish Sharma,35,Support,119026.68
741,Tara Paraswar,58,Sales,123541.57
742,Rina Jain,62,Sales,37463.41
743,Rina Desai,64,Sales,142822.04
744,Amit Raina,50,Engineering,93550.28
745,Rina Jain,29,HR,128164.47
746,Vaidehi Raina,28,Support,165498.14
747,Amit Paraswar,28,Marketing,90195.05
748,Amit Sharma,58,Finance,108442.93
749,Sanjay Desai,24,HR,85041.92
750,Kriti Paraswar,50,Finance,59515.46
751,Vaidehi Sharma,55,HR,132974.36
752,Tara Raina,30,Finance,80297.87
753,Rina Raina,46,HR,193682.06
754,Agnijeet Desai,49,Sales,199156.11
755,Vaidehi Patel,25,Engineering,22145.19
756,Rina Kamble,52,Engineering,79789.44
757,Akanksha Patel,33,Marketing,113939.23
758,Amit Paraswar,47,Support,92481.45
759,Tara Patel,59,Sales,64669.76
760,Sanjay Khatri,19,Engineering,177154.35
761,Akanksha Patel,49,HR,146152.52
762,Tara Paraswar,52,Support,62869.76
763,Kriti Desai,55,Marketing,76362.57
764,Rohit Khatri,41,Marketing,48531.18
765,Rina Sharma,31,Engineering,132065.95
766,Akanksha Kamble,28,Engineering,108451.32
767,Sanjay Jain,29,Engineering,25877.79
768,Amit Raina,56,Support,107506.3
769,Amit Khatri,38,Finance,127596.78
770,Rina Paraswar,31,Support,146377.89
771,Vaidehi Paraswar,51,Sales,107451.04
772,Rina Desai,60,Sales,63113.19
773,Amit Raina,63,Engineering,163916.4
774,Agnijeet Khatri,53,Finance,29288.11
775,Kavish Kamble,49,HR,72789.29
776,Rina Raina,53,Marketing,111180.11
777,Sanjay Kamble,24,Support,199423.89
778,Tara Raina,47,Marketing,159228.5
779,Agnijeet Sharma,40,Sales,152225.77
780,Akanksha Khatri,52,Engineering,77178.82
781,Rina Khatri,58,Support,168710.83
782,Sanjay Desai,28,Support,74831.63
783,Kavish Sharma,27,HR,129670.98
784,Agnijeet Sharma,65,Sales,113776.73
785,Akanksha Desai,18,Sales,20740.97
786,Sanjay Khatri,65,Sales,191771.01
787,Kriti Paraswar,28,Sales,155639.63
788,Vaidehi Patel,43,Marketing,149658.5
789,Agnijeet Paraswar,61,Finance,179959.53
790,Tara Raina,36,Marketing,87342.94
791,Amit Raina,49,Finance,198857.25
792,Kavish Paraswar,43,Finance,104051.08
793,Amit Desai,32,Engineering,42057.23
794,Tara Jain,61,Finance,187975.06
795,Agnijeet Desai,27,HR,128321.69
796,Akanksha Raina,63,HR,40153.82
797,Tara Sharma,41,Finance,195479.88
798,Agnijeet Kamble,47,Finance,197436.97
799,Tara Jain,29,Sales,84262.61
800,Kavish Jain,41,HR,35107.99
801,Amit Khatri,48,Marketing,142398.65
802,Agnijeet Jain,42,Support,24253.51
803,Kavish Khatri,52,HR,136360.07
804,Sanjay Sharma,60,Marketing,44500.49
805,Rohit Kamble,36,Sales,24721.5
806,Kavish Kamble,32,Engineering,80881.72
807,Agnijeet Jain,43,HR,137931.17
808,Tara Paraswar,65,Sales,28716.28
809,Rohit Desai,29,Marketing,31934.6
810,Tara Patel,61,Sales,168957.6
811,Sanjay Khatri,46,Engineering,104093.13
812,Kavish Patel,54,HR,154931.12
813,Akanksha Raina,64,Support,148550.8
814,Rohit Raina,44,HR,21363.94
815,Tara Khatri,18,Marketing,151672.51
816,Amit Raina,58,Finance,159415.02
817,Agnijeet Khatri,58,Support,117250.17
818,Rohit Paraswar,33,Support,153750.44
819,Amit Sharma,27,Finance,113724.49
820,Rina Raina,59,Sales,188270.8
821,Rohit Khatri,47,Support,55095.36
822,Vaidehi Patel,57,HR,69939.94
823,Sanjay Raina,53,Support,59522.73
824,Rohit Patel,25,Support,107603.48
825,Kriti Desai,39,Engineering,135622.38
826,Tara Raina,54,Support,45861.23
827,Kavish Desai,47,Marketing,60228.72
828,Kriti Kamble,50,Finance,109582.11
829,Vaidehi Kamble,19,Finance,198360.51
830,Vaidehi Kamble,26,Sales,70251.67
831,Vaidehi Patel,24,Marketing,182385.43
832,Agnijeet Desai,27,Engineering,159030.52
833,Kavish Jain,40,Finance,173770.76
834,Kavish Raina,26,HR,110685.88
835,Amit Patel,61,Marketing,33080.33
836,Rina Desai,39,Marketing,197464.3
837,Sanjay Paraswar,40,Sales,122445.62
838,Kavish Kamble,46,Marketing,40035.9
839,Rina Desai,34,Marketing,198465.08
840,Kavish Khatri,57,Sales,99907.9
841,Amit Jain,49,Sales,179609.86
842,Agnijeet Patel,29,Finance,159653.11
843,Tara Jain,55,Support,131742.76
844,Rina Jain,51,Support,53008.94
845,Kavish Sharma,20,Marketing,187625.95
846,Kavish Kamble,27,Engineering,139702.39
847,Kavish Raina,54,HR,119290.48
848,Kavish Kamble,30,Sales,181918.02
849,Akanksha Desai,62,Sales,95460.39
850,Agnijeet Patel,31,Sales,120224.24
851,Akanksha Jain,49,Finance,158870.6
852,Akanksha Kamble,20,Finance,111051.01
853,Vaidehi Khatri,52,Support,80334.09
854,Vaidehi Patel,55,Support,29839.59
855,Sanjay Khatri,60,Support,138277.04
856,Tara Paraswar,57,HR,80120.48
857,Agnijeet Jain,21,Finance,47348.96
858,Vaidehi Patel,63,HR,49235.92
859,Tara Raina,45,Engineering,58768.95
860,Rina Kamble,51,Support,115933.07
861,Sanjay Paraswar,58,HR,104336.57
862,Vaidehi Sharma,28,Finance,68777.39
863,Tara Patel,28,Support,130933.15
864,Kriti Jain,30,Marketing,194366.96
865,Rina Paraswar,64,Support,43524.79
866,Sanjay Sharma,20,Support,169913.49
867,Rohit Raina,42,HR,74278.54
868,Kriti Raina,38,Finance,88804.66
869,Agnijeet Paraswar,36,Support,96428.34
870,Rohit Sharma,45,HR,180632.62
871,Tara Khatri,51,Finance,33381.63
872,Kavish Kamble,24,HR,156720.72
873,Akanksha Khatri,18,Support,170098.43
874,Kriti Patel,51,Marketing,153711.94
875,Kriti Khatri,41,Finance,124430.76
876,Agnijeet Patel,44,Support,185890.65
877,Kavish Kamble,18,HR,111603.57
878,Kriti Raina,34,Marketing,90170.79
879,Sanjay Raina,61,Engineering,33253.95
880,Kavish Kamble,36,Engineering,109825.82
881,Agnijeet Raina,62,Sales,72735.59
882,Kavish Patel,56,Sales,135349.11
883,Amit Paraswar,36,Engineering,108402.82
884,Rohit Paraswar,60,Engineering,26349.71
885,Kavish Sharma,24,HR,146366.19
886,Vaidehi Desai,55,Support,22418.4
887,Tara Raina,23,Support,133440.25
888,Akanksha Khatri,50,Engineering,109356.8
889,Amit Paraswar,55,Sales,187558.18
890,Rohit Desai,20,Engineering,34330.96
891,Amit Khatri,22,HR,43211.8
892,Kriti Khatri,45,Finance,41543.42
893,Kavish Sharma,53,Support,68986.83
894,Amit Patel,48,Sales,66441.17
895,Kavish Khatri,48,Finance,152421.72
896,Tara Paraswar,39,Sales,179470.5
897,Agnijeet Kamble,43,Support,56934.37
898,Rina Kamble,45,Finance,93920.3
899,Sanjay Patel,19,Engineering,182827.05
900,Rohit Khatri,41,HR,131548.38
901,Sanjay Patel,47,Sales,103829.3
902,Sanjay Khatri,46,Marketing,83366.84
903,Agnijeet Kamble,38,Finance,41527.8
904,Kriti Sharma,23,HR,150520.04
905,Amit Desai,59,Support,83621.45
906,Kriti Sharma,30,Finance,73837.14
907,Sanjay Patel,62,Marketing,117478.56
908,Kavish Jain,56,Support,102197.24
909,Akanksha Kamble,63,Engineering,63581.33
910,Amit Sharma,45,Marketing,108187.82
911,Tara Sharma,35,Support,196688.85
912,Vaidehi Paraswar,26,Engineering,170014.32
913,Rohit Kamble,64,Finance,186295.81
914,Agnijeet Jain,47,Support,113158.57
915,Akanksha Khatri,28,Support,196174.66
916,Akanksha Khatri,61,Marketing,33054.33
917,Tara Desai,64,Sales,183901.01
918,Rina Sharma,18,Engineering,66861.55
919,Kriti Patel,26,HR,147943.7
920,Kavish Raina,22,Sales,171909.65
921,Amit Paraswar,34,Sales,25591.24
922,Rina Khatri,21,HR,88586.52
923,Rohit Kamble,49,HR,114473.86
924,Kriti Paraswar,61,HR,35114.57
925,Akanksha Raina,37,Sales,141971.6
926,Tara Desai,31,HR,119683.93
927,Vaidehi Jain,57,HR,95015.24
928,Amit Desai,31,Support,137775.46
929,Akanksha Raina,24,HR,145300.63
930,Agnijeet Raina,47,Support,105717.69
931,Agnijeet Sharma,46,Engineering,49422.08
932,Kriti Raina,32,Engineering,28136.15
933,Tara Kamble,38,HR,135148.17
934,Rina Patel,59,Finance,90469.97
935,Kavish Sharma,18,Marketing,122596.39
936,Vaidehi Khatri,31,HR,104805.27
937,Rina Khatri,61,Engineering,120992.54
938,Tara Desai,39,HR,85588.1
939,Kriti Patel,36,Marketing,92825.81
940,Tara Desai,57,Finance,61499.48
941,Rina Kamble,18,HR,111101.38
942,Rina Patel,29,Finance,117894.91
943,Agnijeet Khatri,52,Support,30783.45
944,Rina Desai,38,Marketing,24772.97
945,Rohit Jain,37,Marketing,96776.06
946,Tara Patel,24,HR,81879.87
947,Vaidehi Khatri,38,Engineering,194580.82
948,Amit Sharma,40,HR,48358.66
949,Agnijeet Raina,32,HR,181430.25
950,Sanjay Raina,57,Support,156865.72
951,Kriti Sharma,52,Sales,125900.38
952,Rohit Kamble,55,Engineering,184296.25
953,Rina Raina,57,Marketing,71251.72
954,Tara Desai,64,Marketing,199753.51
955,Vaidehi Patel,41,Support,197592.05
956,Kriti Kamble,61,Engineering,129573.65
957,Tara Khatri,35,Marketing,180958.99
958,Akanksha Desai,37,Sales,140721.3
959,Kavish Sharma,48,HR,90005.8
960,Tara Jain,21,Marketing,68053.55
961,Kriti Desai,54,Sales,80371.87
962,Kriti Patel,32,Marketing,131224.21
963,Rohit Paraswar,65,Support,50189.91
964,Tara Kamble,26,Support,71985.77
965,Vaidehi Raina,18,Engineering,88161.1
966,Kriti Patel,26,HR,143605.07
967,Sanjay Raina,64,Marketing,94145.17
968,Kriti Khatri,30,Finance,57519.06
969,Amit Sharma,59,HR,104569.48
970,Kriti Sharma,38,HR,65602.29
971,Kavish Khatri,49,Marketing,109990.85
972,Rohit Raina,45,Engineering,178887.34
973,Sanjay Sharma,44,Engineering,24258.62
974,Sanjay Sharma,46,Marketing,78030.0
975,Amit Kamble,27,HR,182049.36
976,Akanksha Patel,19,Finance,33096.92
977,Agnijeet Khatri,60,Engineering,88533.47
978,Kavish Desai,50,Engineering,186913.49
979,Rina Desai,44,Engineering,190274.08
980,Akanksha Kamble,44,HR,160086.85
981,Kriti Khatri,60,Marketing,168673.64
982,Rina Kamble,57,Marketing,132570.09
983,Sanjay Khatri,38,Marketing,67822.71
984,Akanksha Desai,51,Engineering,100197.26
985,Kavish Raina,41,Finance,54256.76
986,Akanksha Patel,44,HR,136549.31
987,Tara Sharma,25,HR,187891.45
988,Amit Paraswar,24,Sales,90078.62
989,Agnijeet Paraswar,55,Finance,110645.87
990,Amit Paraswar,31,Engineering,92699.27
991,Rina Sharma,26,Sales,26756.03
992,Rina Kamble,41,Support,191715.85
993,Tara Patel,19,Finance,52266.08
994,Sanjay Patel,23,Sales,97749.56
995,Amit Paraswar,60,Finance,129005.91
996,Kriti Paraswar,33,HR,27600.67
997,Kavish Patel,38,Finance,153586.62
998,Agnijeet Patel,27,Engineering,142105.08
999,Sanjay Raina,26,HR,110014.65
1000,Amit Patel,54,Sales,46434.77
1001,Kavish Khatri,43,HR,93392.27
1002,Rohit Desai,23,Support,143527.61
1003,Sanjay Kamble,38,HR,149449.8
1004,Rina Khatri,19,Finance,138497.12
1005,Kavish Desai,48,Support,109474.78
1006,Tara Desai,37,Finance,160793.65
1007,Agnijeet Paraswar,60,Sales,134139.27
1008,Akanksha Paraswar,18,Engineering,120077.14
1009,Amit Jain,20,HR,70967.59
1010,Amit Khatri,33,Finance,65824.03
1011,Agnijeet Khatri,23,Finance,117494.71
1012,Tara Sharma,58,HR,100179.88
1013,Vaidehi Desai,31,Support,113298.07
1014,Rina Raina,45,Engineering,139432.2
1015,Tara Jain,46,Marketing,177244.74
1016,Sanjay Sharma,45,Support,89062.84
1017,Akanksha Kamble,24,Sales,180379.02
1018,Kriti Kamble,51,Sales,143310.46
1019,Kriti Jain,49,Finance,78170.05
1020,Agnijeet Patel,32,HR,172122.17
1021,Akanksha Sharma,20,Finance,199102.35
1022,Tara Patel,25,Engineering,136625.17
1023,Amit Kamble,46,Sales,135449.18
1024,Amit Sharma,18,HR,142175.95
1025,Kriti Patel,63,Sales,51081.46
1026,Kavish Khatri,22,Marketing,83082.97
1027,Sanjay Raina,44,Support,28995.26
1028,Kavish Khatri,36,Sales,49479.13
1029,Amit Kamble,26,Sales,56926.85
1030,Akanksha Desai,45,Support,102215.34
1031,Vaidehi Desai,24,Marketing,100411.72
1032,Rina Khatri,40,Engineering,130947.82
1033,Rina Jain,24,Marketing,115191.74
1034,Rohit Desai,48,Sales,42537.06
1035,Tara Sharma,31,Finance,67255.73
1036,Amit Kamble,57,HR,98635.75
1037,Tara Kamble,61,Finance,30021.75
1038,Sanjay Paraswar,33,Engineering,98343.42
1039,Rina Sharma,61,Marketing,89689.34
1040,Rina Kamble,23,Finance,159324.98
1041,Amit Desai,53,HR,45014.82
1042,Kavish Desai,54,Sales,106732.08
1043,Kriti Paraswar,42,Marketing,142146.89
1044,Rohit Khatri,62,Engineering,73691.57
1045,Akanksha Khatri,41,Marketing,105346.7
1046,Vaidehi Sharma,48,Finance,35284.46
1047,Akanksha Patel,32,Marketing,163974.65
1048,Kriti Desai,20,Support,48363.98
1049,Kriti Kamble,47,Finance,59078.12
1050,Sanjay Desai,65,Marketing,89924.27
1051,Kriti Raina,28,Finance,130887.32
1052,Kavish Kamble,18,Finance,112514.86
1053,Akanksha Paraswar,44,HR,101329.33
1054,Tara Patel,42,Support,46345.0
1055,Agnijeet Paraswar,20,Sales,155291.93
1056,Amit Khatri,56,HR,128229.31
1057,Akanksha Jain,42,Engineering,69966.98
1058,Kavish Khatri,50,Sales,93188.65
1059,Agnijeet Jain,19,Finance,143467.56
1060,Sanjay Jain,60,Finance,171333.41
1061,Akanksha Kamble,38,HR,141373.11
1062,Amit Desai,65,Engineering,125674.61
1063,Akanksha Kamble,44,Support,49748.95
1064,Rohit Desai,62,Sales,39036.73
1065,Rina Patel,25,Sales,162780.31
1066,Vaidehi Paraswar,49,Marketing,146041.45
1067,Tara Jain,40,Finance,51548.0
1068,Rina Jain,54,Engineering,34185.18
1069,Vaidehi Kamble,57,HR,87854.03
1070,Vaidehi Patel,32,HR,118727.86
1071,Agnijeet Paraswar,48,Support,187759.66
1072,Tara Paraswar,38,HR,110416.71
1073,Rina Kamble,57,Engineering,198436.79
1074,Agnijeet Jain,32,Support,148027.46
1075,Kavish Jain,60,Sales,47067.53
1076,Tara Jain,64,Sales,76253.13
1077,Rina Kamble,48,HR,123372.06
1078,Kriti Jain,27,Engineering,170785.6
1079,Rina Kamble,28,Engineering,64101.31
1080,Tara Patel,37,Support,67008.14
1081,Kavish Sharma,39,Engineering,46619.55
1082,Kriti Khatri,19,Support,119457.64
1083,Sanjay Raina,59,Finance,81734.0
1084,Rohit Patel,26,Engineering,128988.57
1085,Kriti Kamble,27,Finance,78852.55
1086,Kavish Desai,25,Engineering,21971.7
1087,Kriti Patel,26,Sales,109670.77
1088,Akanksha Khatri,38,Sales,159982.75
1089,Vaidehi Patel,28,Sales,175371.54
1090,Sanjay Jain,53,Marketing,148590.74
1091,Akanksha Jain,39,Sales,106849.04
1092,Akanksha Paraswar,44,Engineering,69833.37
1093,Sanjay Paraswar,34,HR,36259.94
1094,Sanjay Raina,41,Sales,143812.22
1095,Kavish Paraswar,44,Finance,32964.47
1096,Kriti Jain,53,HR,61031.17
1097,Tara Patel,26,Marketing,77081.7
1098,Kavish Patel,45,HR,105308.55
1099,Agnijeet Jain,35,HR,51756.42
1100,Kavish Jain,20,HR,80743.87
1101,Rohit Khatri,56,Support,72418.5
1102,Kriti Raina,65,Sales,40080.03
1103,Agnijeet Kamble,21,Finance,173983.59
1104,Kavish Jain,59,Engineering,29617.0
1105,Amit Desai,36,Engineering,74587.94
1106,Rohit Kamble,32,Marketing,95910.07
1107,Kriti Kamble,37,Support,99976.38
1108,Rina Khatri,31,Finance,32261.39
1109,Agnijeet Sharma,52,Sales,167248.23
1110,Akanksha Sharma,49,Support,175660.62
1111,Kavish Kamble,55,Finance,30587.28
1112,Rohit Sharma,49,HR,48798.35
1113,Rohit Patel,28,HR,198112.91
1114,Kavish Raina,46,Sales,64663.91
1115,Kavish Desai,58,Engineering,162567.04
1116,Vaidehi Sharma,34,Finance,132318.33
1117,Rina Khatri,63,Engineering,112227.37
1118,Kriti Khatri,25,Sales,189039.02
1119,Tara Patel,61,HR,121079.77
1120,Sanjay Kamble,35,HR,53558.71
1121,Rohit Khatri,35,Engineering,20574.98
1122,Agnijeet Jain,34,Support,60474.72
1123,Tara Raina,59,Support,186786.42
1124,Akanksha Khatri,18,Sales,72073.76
1125,Amit Patel,27,HR,172255.28
1126,Tara Patel,47,Sales,60925.88
1127,Tara Kamble,38,Finance,95223.74
1128,Tara Khatri,52,Finance,185459.23
1129,Kriti Jain,65,Engineering,65040.42
1130,Kriti Khatri,32,Marketing,91286.23
1131,Sanjay Paraswar,54,Engineering,105740.11
1132,Kriti Desai,58,Engineering,53735.08
1133,Akanksha Jain,58,Engineering,155793.33
1134,Sanjay Jain,53,Marketing,77234.92
1135,Amit Sharma,43,Sales,140485.24
1136,Kriti Khatri,52,Marketing,117011.88
1137,Akanksha Khatri,25,Support,72248.81
1138,Tara Desai,47,Finance,158691.79
1139,Agnijeet Sharma,63,Support,62992.97
1140,Sanjay Sharma,53,Finance,169164.8
1141,Tara Khatri,62,Support,174456.84
1142,Akanksha Patel,46,Marketing,87819.85
1143,Sanjay Patel,26,Engineering,124294.8
1144,Kriti Desai,29,Marketing,83471.59
1145,Rohit Patel,18,HR,150103.76
1146,Vaidehi Sharma,33,Engineering,188624.4
1147,Kriti Paraswar,46,Sales,149309.76
1148,Akanksha Paraswar,63,Marketing,45289.85
1149,Vaidehi Jain,65,Support,21899.34
1150,Vaidehi Desai,53,Engineering,172077.1
1151,Agnijeet Khatri,18,Marketing,48076.73
1152,Kriti Desai,51,Finance,196644.4
1153,Tara Jain,28,Engineering,54265.64
1154,Sanjay Jain,29,Sales,75758.72
1155,Akanksha Khatri,58,Support,34229.71
1156,Kriti Jain,50,Finance,114785.14
1157,Vaidehi Paraswar,22,Marketing,23063.15
1158,Rohit Desai,26,Sales,80230.78
1159,Kriti Desai,30,Marketing,82366.06
1160,Sanjay Desai,50,Finance,135691.31
1161,Agnijeet Kamble,57,Engineering,193612.13
1162,Tara Desai,62,Finance,67457.61
1163,Agnijeet Desai,27,Finance,45745.82
1164,Tara Kamble,26,Engineering,155438.01
1165,Agnijeet Patel,51,Support,152266.62
1166,Amit Jain,52,Finance,57382.63
1167,Sanjay Kamble,57,HR,130991.99
1168,Amit Kamble,24,Engineering,109606.47
1169,Rina Desai,55,Support,85590.02
1170,Kriti Raina,49,Marketing,37469.99
1171,Agnijeet Raina,47,Finance,110908.63
1172,Vaidehi Patel,65,Marketing,159729.53
1173,Tara Khatri,24,Support,31052.06
1174,Vaidehi Sharma,47,Finance,155519.6
1175,Tara Khatri,40,Engineering,125829.95
1176,Kriti Paraswar,64,Marketing,133557.6
1177,Rohit Khatri,64,Marketing,156428.49
1178,Akanksha Paraswar,44,Engineering,168057.67
1179,Akanksha Desai,29,Sales,25481.7
1180,Tara Sharma,26,Engineering,174781.01
1181,Vaidehi Sharma,56,Sales,30953.17
1182,Tara Raina,31,Sales,127240.61
1183,Akanksha Desai,51,Support,62840.83
1184,Kavish Paraswar,20,Sales,122668.45
1185,Kriti Kamble,35,Support,130669.6
1186,Vaidehi Paraswar,31,HR,104239.31
1187,Kavish Paraswar,24,Finance,75311.19
1188,Akanksha Khatri,25,HR,186439.27
1189,Rohit Patel,30,HR,82599.49
1190,Kriti Khatri,63,Marketing,157576.39
1191,Agnijeet Raina,55,Marketing,154254.41
1192,Tara Desai,56,Marketing,32806.81
1193,Kriti Jain,26,Support,62800.41
1194,Vaidehi Desai,48,Engineering,134277.05
1195,Sanjay Jain,25,Sales,86593.16
1196,Akanksha Jain,53,Marketing,108561.48
1197,Sanjay Patel,32,Marketing,132631.22
1198,Rohit Desai,34,Sales,104793.59
1199,Vaidehi Khatri,44,HR,182407.47
1200,Vaidehi Paraswar,31,Finance,185023.42
1201,Akanksha Sharma,61,Engineering,124421.34
1202,Agnijeet Kamble,19,Finance,106436.19
1203,Kavish Kamble,65,Marketing,65490.08
1204,Sanjay Desai,36,Marketing,184106.92
1205,Tara Khatri,23,HR,151337.85
1206,Agnijeet Kamble,37,Sales,28133.98
1207,Tara Kamble,41,Engineering,34375.51
1208,Tara Khatri,46,Marketing,24495.6
1209,Kavish Desai,39,Marketing,180417.38
1210,Agnijeet Khatri,51,HR,148730.81
1211,Agnijeet Desai,29,Finance,134174.96
1212,Agnijeet Raina,62,HR,112143.99
1213,Kriti Khatri,41,Marketing,113095.39
1214,Akanksha Jain,61,HR,82496.13
1215,Tara Khatri,48,Finance,35999.72
1216,Akanksha Sharma,34,Engineering,183218.59
1217,Vaidehi Kamble,39,Finance,150453.99
1218,Rohit Jain,61,HR,22834.83
1219,Akanksha Raina,60,Marketing,107840.87
1220,Rohit Khatri,52,Sales,133076.98
1221,Kavish Paraswar,49,Finance,27551.96
1222,Sanjay Khatri,34,Engineering,167071.27
1223,Amit Jain,34,HR,26907.38
1224,Amit Khatri,59,Finance,62105.18
1225,Akanksha Desai,18,Support,146470.2
1226,Akanksha Paraswar,24,HR,192423.06
1227,Akanksha Paraswar,64,Engineering,169704.55
1228,Amit Raina,61,Finance,119207.67
1229,Rina Jain,53,Marketing,186263.88
1230,Rina Jain,45,HR,50879.3
1231,Tara Khatri,46,HR,81799.37
1232,Agnijeet Raina,45,Finance,176567.18
1233,Rohit Raina,45,Support,160454.32
1234,Rina Raina,65,HR,142697.94
1235,Kavish Raina,59,Marketing,175029.27
1236,Agnijeet Jain,42,Finance,104434.81
1237,Rohit Paraswar,19,HR,98734.23
1238,Amit Jain,44,HR,87454.42
1239,Kriti Desai,25,Support,187401.57
1240,Vaidehi Jain,35,Marketing,52973.15
1241,Akanksha Sharma,55,Sales,199523.27
1242,Amit Raina,28,HR,56812.59
1243,Akanksha Desai,39,Engineering,63256.68
1244,Kriti Paraswar,41,Sales,162758.11
1245,Kriti Desai,21,Support,52806.83
1246,Vaidehi Raina,20,Sales,61156.07
1247,Sanjay Raina,22,Finance,128713.14
1248,Amit Jain,56,Marketing,106106.65
1249,Akanksha Sharma,22,Engineering,138858.03
1250,Akanksha Desai,57,Marketing,28551.9
1251,Rohit Kamble,52,Engineering,178509.15
1252,Kriti Jain,42,Finance,70757.57
1253,Vaidehi Desai,19,HR,100247.35
1254,Agnijeet Patel,55,Sales,180222.46
1255,Rohit Jain,27,Marketing,24390.07
1256,Vaidehi Raina,33,Finance,109746.42
1257,Akanksha Sharma,64,HR,88499.67
1258,Vaidehi Raina,56,Finance,49479.86
1259,Rohit Raina,54,Sales,186534.52
1260,Agnijeet Paraswar,55,HR,78955.53
1261,Akanksha Kamble,55,Finance,116585.92
1262,Akanksha Khatri,27,HR,111983.84
1263,Vaidehi Paraswar,22,HR,99939.47
1264,Amit Paraswar,59,Support,176933.81
1265,Vaidehi Patel,46,Sales,161652.45
1266,Rohit Desai,57,HR,87074.08
1267,Akanksha Sharma,35,HR,71682.41
1268,Sanjay Sharma,25,HR,130901.9
1269,Agnijeet Sharma,33,Support,145803.15
1270,Rohit Sharma,43,HR,29860.7
1271,Vaidehi Sharma,25,Support,151078.79
1272,Tara Sharma,59,Support,149132.09
1273,Kriti Kamble,19,HR,159762.97
1274,Kavish Khatri,55,HR,130853.93
1275,Kavish Patel,56,Engineering,188040.79
1276,Agnijeet Kamble,51,Marketing,160180.56
1277,Vaidehi Paraswar,65,Support,173639.82
1278,Kriti Sharma,33,Marketing,196204.24
1279,Rohit Khatri,25,Sales,49830.21
1280,Rina Raina,63,Engineering,131866.42
1281,Vaidehi Kamble,40,Engineering,35005.04
1282,Amit Sharma,37,Sales,182794.26
1283,Rohit Khatri,55,Finance,195055.11
1284,Rina Patel,30,Finance,133393.97
1285,Akanksha Paraswar,49,Finance,55836.14
1286,Kriti Desai,33,Finance,118895.79
1287,Rohit Paraswar,61,Sales,54644.93
1288,Kriti Patel,62,Marketing,110749.69
1289,Sanjay Paraswar,62,Marketing,43863.33
1290,Kriti Desai,41,HR,143088.46
1291,Rohit Desai,50,Marketing,25622.33
1292,Akanksha Khatri,34,Marketing,150094.06
1293,Kavish Jain,48,Marketing,77356.49
1294,Rohit Sharma,51,Sales,151246.31
1295,Kavish Khatri,31,Finance,164951.58
1296,Agnijeet Raina,57,Finance,91499.3
1297,Akanksha Paraswar,19,Marketing,67924.27
1298,Agnijeet Jain,41,Finance,192901.91
1299,Rohit Raina,60,Finance,131966.4
1300,Tara Paraswar,28,Support,164964.04
1301,Kriti Patel,46,Engineering,193906.86
1302,Kriti Patel,53,HR,93464.56
1303,Agnijeet Khatri,63,Support,82458.94
1304,Amit Raina,57,HR,32980.8
1305,Agnijeet Sharma,38,HR,154003.1
1306,Amit Kamble,24,HR,183791.76
1307,Tara Patel,35,Sales,133472.1
1308,Vaidehi Kamble,64,Marketing,34541.31
1309,Kriti Sharma,41,Marketing,139550.47
1310,Amit Raina,54,HR,68248.27
1311,Rohit Desai,64,Engineering,94948.02
1312,Sanjay Jain,28,Support,170851.14
1313,Rohit Sharma,30,Marketing,137671.69
1314,Akanksha Sharma,36,Engineering,57243.46
1315,Akanksha Khatri,28,Support,85900.36
1316,Tara Patel,35,Finance,95176.2
1317,Amit Paraswar,29,Marketing,36783.73
1318,Kavish Paraswar,22,Support,81493.67
1319,Amit Kamble,23,Marketing,192737.88
1320,Akanksha Desai,47,Marketing,73825.29
1321,Rohit Desai,18,HR,168941.3
1322,Akanksha Paraswar,27,Finance,142162.42
1323,Kriti Kamble,55,Support,107253.13
1324,Tara Sharma,47,HR,199804.43
1325,Rina Paraswar,39,HR,146034.37
1326,Agnijeet Khatri,45,Marketing,94103.37
1327,Vaidehi Patel,45,Marketing,191564.07
1328,Rina Desai,50,Support,31000.2
1329,Amit Kamble,49,Support,68925.79
1330,Agnijeet Raina,35,Support,50962.39
1331,Sanjay Paraswar,51,Support,117383.09
1332,Rina Sharma,51,Marketing,104175.04
1333,Agnijeet Kamble,63,Marketing,121983.34
1334,Rohit Desai,60,Sales,133361.52
1335,Agnijeet Sharma,50,Sales,41211.25
1336,Agnijeet Jain,65,Engineering,24934.47
1337,Kavish Desai,52,Finance,147541.63
1338,Kriti Paraswar,18,HR,199943.29
1339,Rohit Jain,37,Marketing,115236.46
1340,Agnijeet Sharma,47,Sales,46681.66
1341,Sanjay Kamble,62,HR,29505.32
1342,Vaidehi Kamble,34,Support,192839.28
1343,Kriti Kamble,24,Marketing,103903.31
1344,Sanjay Raina,38,Engineering,153547.21
1345,Rohit Desai,53,Marketing,180009.93
1346,Rohit Khatri,54,Support,132670.72
1347,Rohit Jain,39,HR,101650.82
1348,Vaidehi Paraswar,40,Marketing,105537.84
1349,Amit Patel,37,Marketing,50613.1
1350,Kavish Desai,30,Finance,116700.31
1351,Akanksha Paraswar,23,Marketing,138382.8
1352,Rina Patel,59,Finance,182494.53
1353,Sanjay Kamble,40,Engineering,70025.72
1354,Rohit Khatri,33,Marketing,43618.98
1355,Rohit Jain,32,Engineering,56162.07
1356,Vaidehi Sharma,52,Marketing,164930.45
1357,Akanksha Khatri,34,HR,70647.35
1358,Rohit Sharma,56,Finance,162393.25
1359,Agnijeet Patel,26,Support,76388.79
1360,Agnijeet Sharma,40,HR,85681.82
1361,Kavish Kamble,55,Finance,95241.85
1362,Akanksha Sharma,61,HR,115516.92
1363,Rina Kamble,65,Support,32762.25
1364,Kavish Kamble,38,Sales,87937.19
1365,Amit Paraswar,61,Support,152508.04
1366,Rina Sharma,62,Finance,135461.15
1367,Amit Khatri,40,Engineering,33326.46
1368,Kriti Desai,44,Support,150351.62
1369,Tara Desai,52,HR,23363.34
1370,Rina Khatri,49,Support,92926.03
1371,Akanksha Khatri,30,Sales,127680.16
1372,Amit Raina,19,Sales,144500.57
1373,Kriti Kamble,34,HR,99426.74
1374,Agnijeet Kamble,33,Engineering,182659.36
1375,Kavish Kamble,22,Marketing,172105.56
1376,Rohit Raina,32,Support,116728.59
1377,Rina Khatri,38,Marketing,66624.87
1378,Kavish Khatri,60,Marketing,195943.37
1379,Rohit Khatri,24,Engineering,48126.2
1380,Agnijeet Kamble,40,Engineering,45604.18
1381,Rohit Kamble,37,Marketing,93495.27
1382,Rohit Paraswar,45,Engineering,144596.29
1383,Rohit Khatri,39,Sales,127788.53
1384,Kriti Paraswar,42,Marketing,106538.03
1385,Kavish Kamble,19,Support,166786.32
1386,Kavish Patel,27,Marketing,102494.06
1387,Rohit Desai,52,HR,193687.41
1388,Akanksha Desai,41,Marketing,78579.95
1389,Rina Kamble,35,Support,97593.75
1390,Agnijeet Jain,30,Engineering,190366.2
1391,Amit Raina,19,Support,24644.37
1392,Rina Khatri,45,Sales,60170.23
1393,Agnijeet Raina,55,Marketing,57190.59
1394,Tara Desai,57,Support,41932.0
1395,Vaidehi Desai,50,Sales,187884.34
1396,Kavish Patel,40,Marketing,161631.26
1397,Kavish Jain,44,HR,135299.24
1398,Sanjay Raina,54,Marketing,52302.81
1399,Agnijeet Paraswar,40,Marketing,192661.27
1400,Rina Desai,25,Engineering,54785.52
1401,Agnijeet Desai,20,Support,190188.29
1402,Akanksha Jain,37,HR,194577.3
1403,Rina Desai,50,Sales,176289.0
1404,Kriti Khatri,64,Support,94302.38
1405,Sanjay Desai,59,Sales,94336.08
1406,Akanksha Khatri,19,Support,64596.2
1407,Kavish Sharma,43,Engineering,21785.96
1408,Vaidehi Desai,61,Finance,52245.26
1409,Rohit Paraswar,38,HR,37353.03
1410,Tara Jain,19,Support,25327.26
1411,Kavish Khatri,25,Marketing,144635.53
1412,Agnijeet Kamble,52,Sales,126308.11
1413,Tara Patel,35,Engineering,34077.18
1414,Amit Jain,64,Support,59232.19
1415,Sanjay Kamble,23,Marketing,35564.91
1416,Kavish Paraswar,19,HR,64995.68
1417,Akanksha Sharma,47,Support,156058.43
1418,Sanjay Patel,52,Support,134790.54
1419,Kavish Sharma,61,Sales,34603.88
1420,Akanksha Paraswar,48,HR,114179.08
1421,Rohit Paraswar,62,Sales,148262.21
1422,Amit Paraswar,58,Support,91572.57
1423,Amit Kamble,56,Sales,107427.5
1424,Rohit Khatri,30,HR,69450.9
1425,Kriti Raina,35,Sales,33619.09
1426,Vaidehi Sharma,47,Support,130997.32
1427,Agnijeet Sharma,36,Marketing,187409.12
1428,Vaidehi Sharma,61,Sales,193255.12
1429,Kavish Sharma,19,Support,120047.3
1430,Sanjay Jain,50,Finance,81851.89
1431,Rohit Raina,55,Support,195150.73
1432,Akanksha Patel,42,Marketing,57067.06
1433,Tara Jain,49,Engineering,67161.07
1434,Akanksha Paraswar,34,Sales,117410.84
1435,Kriti Khatri,20,Sales,33152.4
1436,Rina Paraswar,59,Engineering,153352.32
1437,Amit Kamble,24,HR,46353.68
1438,Amit Raina,47,HR,118261.45
1439,Kavish Sharma,60,Sales,120407.81
1440,Tara Patel,56,Finance,186644.53
1441,Tara Jain,61,HR,139246.81
1442,Amit Paraswar,24,Finance,162425.34
1443,Kavish Khatri,42,HR,140860.08
1444,Tara Kamble,35,HR,59596.86
1445,Kriti Desai,42,Marketing,189475.2
1446,Rina Khatri,35,Sales,85259.31
1447,Rina Raina,33,HR,125818.35
1448,Tara Desai,59,Support,124071.78
1449,Sanjay Paraswar,44,Support,157635.82
1450,Amit Paraswar,44,Support,161641.8
1451,Kavish Kamble,33,Engineering,97077.55
1452,Vaidehi Khatri,51,HR,156857.34
1453,Agnijeet Sharma,34,Marketing,35055.17
1454,Kavish Raina,49,Marketing,160145.99
1455,Vaidehi Jain,57,Marketing,55442.43
1456,Agnijeet Kamble,19,Marketing,130417.61
1457,Kavish Khatri,54,Sales,92810.15
1458,Rina Jain,57,HR,54602.47
1459,Kriti Sharma,42,Sales,71334.64
1460,Agnijeet Sharma,23,Finance,91771.8
1461,Agnijeet Jain,21,Support,104213.85
1462,Sanjay Raina,59,Engineering,165726.34
1463,Agnijeet Sharma,32,Engineering,90519.2
1464,Vaidehi Kamble,18,Sales,69493.07
1465,Amit Raina,47,Marketing,182398.98
1466,Sanjay Raina,29,Finance,168447.04
1467,Agnijeet Kamble,40,Engineering,158283.93
1468,Kavish Patel,49,Finance,98680.67
1469,Kriti Kamble,46,HR,104321.97
1470,Agnijeet Kamble,40,HR,80106.25
1471,Vaidehi Patel,25,Support,77950.76
1472,Vaidehi Khatri,64,Sales,188951.13
1473,Vaidehi Sharma,30,Sales,36241.61
1474,Rohit Raina,55,HR,91395.97
1475,Kavish Kamble,62,Finance,153436.56
1476,Tara Patel,24,HR,138344.7
1477,Agnijeet Desai,52,HR,193196.86
1478,Kriti Raina,19,Engineering,24247.62
1479,Sanjay Kamble,60,Marketing,41237.64
1480,Kriti Jain,61,HR,125164.47
1481,Kriti Khatri,41,Sales,51767.44
1482,Agnijeet Patel,44,Marketing,108387.94
1483,Rina Patel,40,Sales,34676.04
1484,Tara Paraswar,64,Marketing,70670.34
1485,Vaidehi Paraswar,47,Finance,195789.49
1486,Agnijeet Sharma,57,Support,61654.23
1487,Sanjay Patel,34,Engineering,30018.67
1488,Agnijeet Sharma,49,HR,74654.73
1489,Kavish Sharma,49,Support,65149.72
1490,Vaidehi Patel,46,Marketing,185688.09
1491,Rina Desai,26,HR,53023.1
1492,Kriti Raina,51,HR,193510.49
1493,Sanjay Raina,28,Support,61517.07
1494,Kriti Khatri,32,Sales,133921.05
1495,Tara Sharma,44,Marketing,175287.96
1496,Vaidehi Jain,43,Engineering,139459.85
1497,Rina Paraswar,25,Marketing,98985.84
1498,Rina Patel,18,HR,160156.6
1499,Tara Khatri,45,Engineering,152932.48
1500,Akanksha Raina,62,Engineering,24810.24
1501,Agnijeet Paraswar,40,Support,118186.84
1502,Rina Sharma,38,Finance,28743.47
1503,Akanksha Raina,41,Engineering,99873.89
1504,Rohit Kamble,28,Sales,181013.57
1505,Agnijeet Raina,18,HR,149286.3
1506,Amit Paraswar,61,Sales,127437.47
1507,Kavish Paraswar,21,Sales,143805.33
1508,Rina Khatri,21,Finance,194638.07
1509,Amit Jain,42,Engineering,93013.36
1510,Tara Raina,65,Marketing,164036.33
1511,Kavish Patel,65,Marketing,109099.01
1512,Kavish Patel,54,Support,164880.98
1513,Tara Kamble,58,Marketing,175908.03
1514,Akanksha Jain,34,Marketing,90946.79
1515,Rohit Patel,25,Engineering,20627.08
1516,Rina Patel,55,Sales,57118.67
1517,Sanjay Kamble,64,Support,128072.51
1518,Rohit Kamble,42,Marketing,170196.67
1519,Kriti Kamble,20,Sales,65241.42
1520,Tara Raina,48,Engineering,105313.98
1521,Rina Desai,33,Support,146089.31
1522,Vaidehi Paraswar,59,Engineering,168219.24
1523,Kriti Paraswar,22,Finance,196765.0
1524,Vaidehi Paraswar,20,Finance,73009.49
1525,Kavish Patel,61,Engineering,67470.24
1526,Rina Paraswar,64,Engineering,68583.53
1527,Sanjay Khatri,58,Finance,159874.26
1528,Agnijeet Patel,30,Engineering,126190.34
1529,Kriti Kamble,21,Support,82331.44
1530,Akanksha Sharma,53,Engineering,65942.57
1531,Vaidehi Sharma,60,Engineering,112660.3
1532,Kriti Kamble,59,HR,54368.03
1533,Agnijeet Paraswar,23,Support,158992.24
1534,Akanksha Jain,61,HR,49275.73
1535,Tara Sharma,34,Support,140293.96
1536,Agnijeet Jain,48,Finance,21116.62
1537,Kriti Desai,32,Finance,147138.52
1538,Kavish Khatri,27,Engineering,24941.22
1539,Amit Paraswar,36,Support,88102.97
1540,Kriti Desai,22,Engineering,46920.44
1541,Kavish Paraswar,24,Marketing,79913.75
1542,Rina Khatri,20,Engineering,123209.94
1543,Vaidehi Khatri,59,Support,129462.34
1544,Rohit Sharma,65,Support,77983.7
1545,Rina Sharma,26,Finance,194286.89
1546,Rina Patel,30,Engineering,85408.35
1547,Tara Desai,26,Marketing,186287.8
1548,Kriti Kamble,41,Engineering,158718.44
1549,Vaidehi Desai,27,Support,123769.96
1550,Akanksha Jain,38,Marketing,101104.16
1551,Akanksha Khatri,37,Engineering,57958.7
1552,Tara Sharma,31,Sales,176657.74
1553,Tara Paraswar,29,Finance,26993.81
1554,Vaidehi Kamble,37,Marketing,54129.77
1555,Kavish Patel,30,Sales,93009.66
1556,Sanjay Sharma,31,Engineering,160211.66
1557,Kavish Paraswar,49,Engineering,130730.87
1558,Sanjay Sharma,65,Support,23826.72
1559,Kriti Patel,47,HR,37045.61
1560,Kriti Raina,31,Engineering,37837.24
1561,Sanjay Kamble,48,Marketing,93736.23
1562,Kriti Sharma,31,Engineering,199951.15
1563,Tara Kamble,48,Sales,42778.77
1564,Agnijeet Jain,27,Sales,158578.06
1565,Kavish Paraswar,31,HR,86342.54
1566,Rohit Paraswar,29,HR,145310.65
1567,Vaidehi Sharma,57,Sales,141107.49
1568,Sanjay Sharma,62,HR,115947.34
1569,Tara Patel,41,Engineering,185860.01
1570,Agnijeet Paraswar,63,Support,92580.83
1571,Sanjay Paraswar,60,Sales,126773.86
1572,Kavish Patel,26,Engineering,20055.37
1573,Rohit Kamble,43,Sales,22199.65
1574,Vaidehi Paraswar,21,Marketing,167195.87
1575,Kriti Jain,23,Finance,150287.51
1576,Sanjay Raina,59,Marketing,126906.03
1577,Kriti Patel,25,Engineering,108977.91
1578,Kavish Patel,56,Finance,75144.94
1579,Akanksha Patel,40,Support,78517.13
1580,Kavish Patel,31,Engineering,20369.89
1581,Vaidehi Patel,43,HR,131629.16
1582,Amit Jain,32,Engineering,41730.74
1583,Rohit Sharma,60,Finance,163403.63
1584,Tara Desai,23,Finance,121900.85
1585,Kriti Jain,55,Engineering,89926.27
1586,Rohit Jain,62,Marketing,86434.55
1587,Sanjay Sharma,23,HR,89581.48
1588,Amit Paraswar,43,Marketing,48531.45
1589,Sanjay Khatri,64,Marketing,119660.33
1590,Kavish Raina,55,Finance,47674.39
1591,Agnijeet Desai,23,HR,128437.54
1592,Vaidehi Paraswar,59,Sales,127183.75
1593,Tara Khatri,21,Sales,65971.47
1594,Akanksha Paraswar,58,Sales,197819.02
1595,Kavish Jain,34,Marketing,71952.49
1596,Sanjay Sharma,23,HR,43728.18
1597,Amit Kamble,58,Sales,190270.39
1598,Vaidehi Kamble,60,HR,84160.11
1599,Kavish Paraswar,51,Support,112174.13
1600,Rina Raina,52,Marketing,193538.73
1601,Rina Raina,64,Sales,136982.12
1602,Kriti Sharma,54,HR,146516.49
1603,Agnijeet Paraswar,45,Finance,83169.18
1604,Tara Jain,41,Sales,154810.11
1605,Amit Paraswar,39,Sales,120173.45
1606,Kavish Desai,27,Marketing,52100.84
1607,Kavish Paraswar,20,Engineering,23244.62
1608,Rina Sharma,20,Support,27233.67
1609,Rohit Patel,22,Marketing,129333.08
1610,Akanksha Jain,47,HR,69932.34
1611,Vaidehi Patel,51,Finance,154018.43
1612,Agnijeet Raina,28,Sales,106199.84
1613,Vaidehi Paraswar,24,Engineering,110797.8
1614,Agnijeet Khatri,50,Marketing,93469.66
1615,Akanksha Sharma,59,Finance,25843.48
1616,Akanksha Desai,23,Finance,123585.18
1617,Kriti Khatri,21,Marketing,103714.73
1618,Akanksha Kamble,44,HR,123696.62
1619,Vaidehi Patel,21,HR,179494.03
1620,Rina Patel,36,HR,162712.91
1621,Amit Desai,24,Marketing,76694.57
1622,Vaidehi Patel,52,HR,159354.41
1623,Agnijeet Patel,62,Support,191988.11
1624,Kriti Desai,28,Finance,179551.95
1625,Akanksha Raina,38,Engineering,49478.07
1626,Kavish Khatri,55,Engineering,123423.91
1627,Akanksha Desai,61,HR,179799.7
1628,Agnijeet Kamble,41,HR,124549.86
1629,Kavish Patel,30,Support,78398.39
1630,Tara Khatri,52,Marketing,107258.71
1631,Rohit Patel,28,Marketing,101870.6
1632,Rina Kamble,50,Engineering,97093.02
1633,Kavish Jain,64,Sales,161182.53
1634,Kavish Sharma,24,Sales,82551.13
1635,Rohit Patel,64,HR,96855.46
1636,Tara Kamble,29,Finance,47208.0
1637,Kavish Patel,57,HR,73115.51
1638,Vaidehi Patel,25,Sales,159912.29
1639,Amit Raina,28,Finance,25704.69
1640,Sanjay Jain,40,Engineering,145083.6
1641,Amit Patel,51,Finance,108839.61
1642,Sanjay Jain,61,Sales,49845.05
1643,Sanjay Patel,52,Sales,132633.24
1644,Rina Paraswar,36,Finance,161082.11
1645,Sanjay Kamble,39,Sales,56209.07
1646,Rina Kamble,55,HR,83721.66
1647,Sanjay Sharma,45,Marketing,103708.67
1648,Sanjay Raina,52,Sales,167547.71
1649,Sanjay Khatri,35,Engineering,49009.85
1650,Tara Raina,49,Support,95571.28
1651,Rina Sharma,28,HR,95366.49
1652,Kriti Jain,20,Support,33542.74
1653,Sanjay Sharma,25,Marketing,62923.67
1654,Tara Jain,58,Sales,37301.89
1655,Agnijeet Patel,21,Support,41255.61
1656,Kriti Jain,24,Engineering,154577.67
1657,Amit Desai,56,HR,95120.38
1658,Akanksha Sharma,20,HR,112454.93
1659,Agnijeet Kamble,48,Engineering,119542.72
1660,Rina Raina,56,Sales,99016.03
1661,Kavish Paraswar,42,HR,197914.32
1662,Sanjay Sharma,20,Engineering,156479.58
1663,Rohit Patel,31,Sales,141155.9
1664,Tara Paraswar,50,Support,87274.13
1665,Amit Khatri,37,HR,180054.38
1666,Vaidehi Jain,61,Support,55509.85
1667,Rina Jain,63,HR,113400.02
1668,Rina Jain,28,Support,198204.0
1669,Rina Patel,62,Finance,115580.92
1670,Tara Patel,31,HR,38463.81
1671,Kriti Desai,45,HR,190194.11
1672,Rohit Paraswar,21,Marketing,50021.88
1673,Sanjay Paraswar,46,HR,78002.85
1674,Agnijeet Kamble,36,Sales,116454.4
1675,Vaidehi Raina,23,Engineering,93034.94
1676,Akanksha Kamble,44,HR,183877.46
1677,Agnijeet Raina,64,Marketing,99557.15
1678,Kavish Desai,44,Engineering,94525.13
1679,Vaidehi Jain,57,Finance,37297.66
1680,Rina Paraswar,26,Engineering,158178.6
1681,Sanjay Patel,56,Finance,169100.63
1682,Kriti Paraswar,45,HR,100152.09
1683,Kavish Raina,57,Marketing,164690.45
1684,Rina Kamble,53,Finance,70643.4
1685,Rohit Raina,46,Support,172631.79
1686,Rohit Jain,26,Engineering,56694.01
1687,Agnijeet Khatri,48,Support,126835.51
1688,Agnijeet Paraswar,46,Finance,122010.87
1689,Sanjay Paraswar,64,Sales,193510.46
1690,Rina Desai,37,Sales,76445.33
1691,Kavish Kamble,42,Engineering,151884.13
1692,Sanjay Khatri,57,Sales,162728.88
1693,Kavish Khatri,20,HR,196108.52
1694,Kavish Sharma,36,Engineering,20351.24
1695,Vaidehi Desai,51,Finance,123364.71
1696,Tara Patel,64,Support,62716.67
1697,Kriti Paraswar,62,Support,171507.1
1698,Vaidehi Khatri,50,Finance,99421.63
1699,Vaidehi Khatri,41,HR,155369.38
1700,Tara Paraswar,51,Engineering,113256.99
1701,Rohit Kamble,29,Sales,196519.08
1702,Sanjay Patel,57,Marketing,139927.82
1703,Rohit Desai,40,Marketing,178904.07
1704,Akanksha Patel,56,HR,182292.5
1705,Rina Paraswar,28,Finance,192708.47
1706,Kriti Jain,58,Engineering,74864.36
1707,Vaidehi Desai,57,Sales,142313.02
1708,Rina Kamble,44,Support,93633.25
1709,Sanjay Kamble,46,Sales,68862.62
1710,Tara Paraswar,42,Sales,46760.64
1711,Tara Khatri,36,Engineering,195931.22
1712,Kavish Raina,19,Sales,175336.55
1713,Akanksha Jain,58,Finance,177592.75
1714,Kriti Khatri,65,Marketing,44477.23
1715,Tara Desai,37,Finance,22053.13
1716,Akanksha Desai,28,Finance,96288.79
1717,Kavish Jain,30,Support,49125.42
1718,Kriti Sharma,42,Finance,186181.89
1719,Rohit Desai,56,Marketing,121999.46
1720,Kavish Jain,29,Engineering,161176.98
1721,Kavish Jain,64,Finance,131807.05
1722,Akanksha Patel,22,Marketing,133209.28
1723,Agnijeet Kamble,49,HR,83993.89
1724,Kavish Paraswar,36,Sales,80825.09
1725,Rohit Khatri,18,Engineering,140230.67
1726,Rohit Paraswar,32,Marketing,85863.61
1727,Amit Jain,25,Engineering,47333.31
1728,Rohit Patel,37,HR,172259.24
1729,Kavish Paraswar,48,Marketing,80442.03
1730,Tara Kamble,40,Finance,132888.06
1731,Rina Paraswar,59,HR,191748.11
1732,Akanksha Patel,47,HR,114671.58
1733,Kriti Jain,58,Sales,64926.76
1734,Rina Jain,49,Sales,123611.3
1735,Agnijeet Patel,51,Finance,134548.48
1736,Vaidehi Sharma,65,HR,37981.37
1737,Akanksha Desai,59,Marketing,58346.69
1738,Akanksha Sharma,36,HR,61873.55
1739,Sanjay Sharma,48,HR,148097.01
1740,Vaidehi Kamble,54,Sales,23253.11
1741,Tara Desai,20,Support,37684.62
1742,Rina Patel,30,Finance,67433.82
1743,Vaidehi Jain,22,Marketing,63674.49
1744,Tara Jain,31,Engineering,51563.84
1745,Agnijeet Paraswar,46,Support,24253.81
1746,Tara Kamble,61,Engineering,36485.07
1747,Tara Patel,23,Finance,49533.18
1748,Rohit Sharma,44,Support,152928.91
1749,Akanksha Patel,50,Finance,130635.67
1750,Vaidehi Khatri,58,Support,146580.78
1751,Sanjay Khatri,23,HR,49980.87
1752,Vaidehi Desai,25,Finance,110803.74
1753,Akanksha Paraswar,21,HR,42533.9
1754,Vaidehi Jain,25,Support,32223.71
1755,Kavish Desai,56,Sales,99669.39
1756,Tara Khatri,56,Finance,118895.23
1757,Vaidehi Kamble,50,Sales,58071.72
1758,Kavish Desai,59,HR,95790.06
1759,Amit Raina,51,Marketing,129070.77
1760,Amit Raina,64,HR,157963.02
1761,Rohit Desai,32,HR,198918.18
1762,Kavish Khatri,41,Marketing,59675.71
1763,Agnijeet Sharma,59,Support,106519.17
1764,Agnijeet Paraswar,30,HR,111255.55
1765,Tara Sharma,64,Finance,109479.56
1766,Sanjay Khatri,57,Engineering,67691.08
1767,Sanjay Patel,18,Support,140686.39
1768,Vaidehi Patel,54,Finance,40388.46
1769,Agnijeet Raina,49,Support,94126.77
1770,Agnijeet Paraswar,19,Engineering,75841.08
1771,Rohit Khatri,30,HR,87530.93
1772,Sanjay Desai,50,Support,119983.78
1773,Kriti Raina,60,Finance,121418.79
1774,Sanjay Patel,62,Marketing,94702.48
1775,Kavish Kamble,45,Marketing,135911.83
1776,Vaidehi Paraswar,33,Engineering,111164.3
1777,Rina Desai,42,Engineering,20042.88
1778,Tara Desai,35,Sales,178594.12
1779,Tara Jain,50,Support,78920.34
1780,Agnijeet Jain,62,Engineering,84060.9
1781,Agnijeet Khatri,19,Marketing,94703.14
1782,Amit Desai,54,Support,132400.34
1783,Kavish Paraswar,65,Marketing,102543.43
1784,Kriti Jain,62,Support,160560.28
1785,Agnijeet Raina,40,Marketing,71442.91
1786,Vaidehi Kamble,21,Support,199832.96
1787,Rohit Desai,27,Finance,53271.85
1788,Tara Khatri,19,HR,163356.12
1789,Tara Sharma,39,Engineering,109024.81
1790,Rina Khatri,36,Support,90223.86
1791,Sanjay Sharma,39,Finance,134690.5
1792,Amit Khatri,35,Engineering,128919.9
1793,Agnijeet Jain,20,HR,176309.9
1794,Kavish Sharma,59,Engineering,83140.8
1795,Rina Jain,19,Engineering,38602.32
1796,Amit Jain,40,Finance,185402.43
1797,Akanksha Khatri,40,Marketing,158537.42
1798,Vaidehi Patel,27,Support,24862.87
1799,Kavish Jain,26,Support,100678.73
1800,Kriti Raina,18,Engineering,119033.03
1801,Rohit Sharma,36,HR,27648.07
1802,Tara Patel,41,Sales,73573.67
1803,Amit Jain,18,Finance,104920.83
1804,Sanjay Patel,20,Engineering,42102.47
1805,Sanjay Raina,62,Support,118774.21
1806,Agnijeet Paraswar,46,Sales,46637.67
1807,Rohit Kamble,51,HR,81573.72
1808,Akanksha Jain,31,Finance,147544.71
1809,Sanjay Raina,21,HR,137993.04
1810,Akanksha Jain,43,Marketing,84958.31
1811,Sanjay Patel,65,Sales,105391.2
1812,Agnijeet Jain,18,Finance,56695.14
1813,Sanjay Khatri,47,Engineering,143755.96
1814,Rohit Kamble,49,Finance,106136.32
1815,Rohit Patel,59,Marketing,153380.44
1816,Rina Desai,45,HR,120361.55
1817,Sanjay Patel,56,Support,174749.69
1818,Rohit Kamble,42,HR,118896.61
1819,Rina Patel,40,Sales,22650.45
1820,Vaidehi Paraswar,55,Engineering,143644.43
1821,Tara Paraswar,54,Support,26141.23
1822,Kavish Kamble,23,Finance,182896.05
1823,Tara Paraswar,38,Marketing,120786.85
1824,Rohit Patel,35,Engineering,132878.85
1825,Tara Raina,58,Sales,50210.75
1826,Rohit Khatri,64,Finance,42943.42
1827,Kavish Patel,32,Finance,34450.9
1828,Sanjay Jain,57,Sales,96776.3
1829,Tara Desai,60,Engineering,120943.0
1830,Akanksha Khatri,23,Finance,86508.33
1831,Rohit Raina,52,Finance,52051.08
1832,Rina Desai,22,HR,162788.58
1833,Vaidehi Kamble,64,Sales,123913.73
1834,Sanjay Paraswar,44,HR,128551.01
1835,Agnijeet Kamble,42,Sales,155999.33
1836,Vaidehi Raina,46,Sales,177641.29
1837,Rohit Paraswar,56,Engineering,46357.73
1838,Vaidehi Paraswar,27,Sales,66768.41
1839,Kavish Raina,29,Engineering,29988.15
1840,Sanjay Kamble,36,Sales,56907.88
1841,Amit Jain,60,Support,193286.28
1842,Rina Paraswar,64,Marketing,109452.6
1843,Tara Paraswar,55,Support,78245.41
1844,Sanjay Desai,30,Support,136138.23
1845,Rina Paraswar,20,Engineering,198302.61
1846,Kriti Khatri,21,Engineering,184953.48
1847,Rina Khatri,27,Support,69674.49
1848,Vaidehi Raina,21,Marketing,98557.53
1849,Rohit Patel,35,HR,115195.91
1850,Rina Raina,27,Finance,198587.04
1851,Kavish Patel,58,Marketing,171525.64
1852,Tara Patel,47,Engineering,132312.34
1853,Vaidehi Paraswar,48,HR,46212.25
1854,Rohit Jain,29,Engineering,161320.72
1855,Tara Khatri,23,Finance,139093.76
1856,Kavish Khatri,61,Marketing,138387.23
1857,Rina Paraswar,64,Marketing,64620.71
1858,Kavish Paraswar,49,Support,84162.82
1859,Akanksha Desai,25,Sales,69584.58
1860,Tara Sharma,63,Engineering,131122.41
1861,Amit Sharma,39,Support,141497.01
1862,Rohit Khatri,42,Sales,138184.0
1863,Sanjay Raina,52,Sales,111422.15
1864,Tara Sharma,26,Marketing,49105.76
1865,Vaidehi Raina,42,Finance,111422.52
1866,Akanksha Patel,40,Support,61730.43
1867,Rina Khatri,61,Support,133414.06
1868,Vaidehi Raina,54,Finance,92698.68
1869,Rohit Khatri,31,Support,73537.29
1870,Vaidehi Kamble,53,Engineering,121367.38
1871,Sanjay Raina,21,Sales,142293.67
1872,Rina Patel,19,Engineering,171278.57
1873,Kavish Sharma,22,Marketing,58637.59
1874,Rina Jain,44,Finance,163547.29
1875,Amit Desai,56,Support,117817.28
1876,Rohit Khatri,51,Marketing,22211.12
1877,Sanjay Paraswar,23,Engineering,160670.59
1878,Kavish Jain,40,Engineering,85880.3
1879,Kriti Sharma,55,Finance,91057.81
1880,Rina Raina,30,HR,92038.7
1881,Vaidehi Khatri,31,Finance,136171.44
1882,Rohit Kamble,53,Support,113285.34
1883,Kavish Jain,52,Marketing,194759.39
1884,Sanjay Sharma,58,HR,105220.86
1885,Amit Desai,40,Sales,162327.64
1886,Rina Desai,60,Support,190271.17
1887,Rina Jain,24,Finance,180648.29
1888,Agnijeet Raina,50,Support,144758.53
1889,Sanjay Jain,25,Engineering,157107.22
1890,Akanksha Khatri,35,HR,187808.76
1891,Rohit Raina,52,Marketing,98893.99
1892,Vaidehi Jain,33,Finance,85916.1
1893,Amit Patel,38,Marketing,81270.12
1894,Rina Jain,24,Support,197557.46
1895,Amit Kamble,23,Marketing,128713.08
1896,Akanksha Kamble,59,Support,55525.06
1897,Rina Sharma,51,HR,70874.17
1898,Rina Khatri,61,Sales,172737.52
1899,Kriti Patel,49,HR,105144.04
1900,Kriti Desai,26,Support,132914.29
1901,Rohit Desai,45,HR,117138.83
1902,Sanjay Paraswar,39,Finance,156060.87
1903,Tara Patel,37,Engineering,183867.96
1904,Rina Kamble,22,HR,36344.27
1905,Akanksha Raina,47,Marketing,84571.6
1906,Rohit Patel,32,Sales,103372.62
1907,Vaidehi Patel,34,Sales,169176.09
1908,Sanjay Kamble,34,Finance,127330.59
1909,Rohit Khatri,31,Finance,67703.4
1910,Agnijeet Paraswar,50,Marketing,171306.68
1911,Rohit Jain,41,HR,124130.68
1912,Rina Jain,32,Support,65934.4
1913,Rina Kamble,23,HR,154779.57
1914,Akanksha Desai,46,Finance,57243.17
1915,Vaidehi Patel,26,Sales,162554.45
1916,Amit Sharma,44,Sales,121184.57
1917,Sanjay Paraswar,64,HR,171334.32
1918,Tara Patel,44,Engineering,132182.84
1919,Rina Jain,47,Engineering,95813.93
1920,Rohit Raina,41,Engineering,158572.79
1921,Agnijeet Raina,50,Engineering,88331.98
1922,Kavish Kamble,36,Finance,159394.62
1923,Kriti Patel,54,Support,58114.19
1924,Amit Khatri,35,Support,95714.84
1925,Kriti Jain,57,Marketing,26692.62
1926,Akanksha Sharma,41,Marketing,72689.82
1927,Agnijeet Kamble,25,Finance,33939.93
1928,Tara Kamble,50,Engineering,29754.95
1929,Tara Raina,59,Sales,101911.93
1930,Amit Desai,64,Sales,133236.08
1931,Amit Desai,65,Support,168466.93
1932,Amit Jain,33,Marketing,79519.92
1933,Vaidehi Jain,41,Support,173446.32
1934,Akanksha Paraswar,20,Support,176015.14
1935,Amit Jain,65,Sales,183929.26
1936,Sanjay Sharma,60,Support,106198.03
1937,Kavish Raina,35,Support,30574.1
1938,Akanksha Paraswar,19,Sales,188975.25
1939,Agnijeet Patel,18,Marketing,97320.04
1940,Akanksha Kamble,48,Engineering,63932.58
1941,Agnijeet Paraswar,59,Marketing,94002.49
1942,Tara Paraswar,59,Finance,194121.23
1943,Rohit Paraswar,42,Engineering,83199.78
1944,Sanjay Jain,43,Sales,191524.99
1945,Akanksha Jain,57,Sales,126461.5
1946,Kavish Raina,56,Sales,44460.28
1947,Kavish Khatri,22,Engineering,25617.55
1948,Agnijeet Khatri,23,Finance,22220.21
1949,Kavish Kamble,47,Marketing,141912.07
1950,Kriti Desai,21,Support,35276.87
1951,Rohit Raina,58,Support,75569.35
1952,Vaidehi Desai,25,Sales,149872.9
1953,Agnijeet Jain,63,HR,102534.51
1954,Kavish Jain,59,Support,52156.81
1955,Amit Paraswar,63,Support,99662.72
1956,Kavish Khatri,63,Sales,77013.55
1957,Vaidehi Kamble,48,Sales,158777.0
1958,Kavish Raina,55,Engineering,196888.9
1959,Rohit Jain,62,Support,32311.18
1960,Tara Desai,55,Engineering,176795.02
1961,Akanksha Khatri,19,Support,88313.75
1962,Amit Patel,61,Support,91315.01
1963,Akanksha Paraswar,35,Engineering,111284.12
1964,Tara Sharma,35,Support,21128.33
1965,Rohit Kamble,42,Sales,105091.28
1966,Akanksha Paraswar,50,Sales,103239.0
1967,Agnijeet Desai,38,Finance,152259.13
1968,Amit Raina,56,Support,56494.16
1969,Amit Kamble,60,Marketing,103814.91
1970,Rina Raina,22,Sales,60143.44
1971,Rohit Patel,27,Marketing,71565.22
1972,Kriti Khatri,26,Support,84207.41
1973,Kavish Jain,25,Marketing,124896.66
1974,Agnijeet Desai,37,Marketing,152005.26
1975,Amit Khatri,20,Support,184928.0
1976,Kavish Paraswar,34,HR,62011.58
1977,Kavish Patel,65,Marketing,184970.12
1978,Rohit Desai,37,Support,108080.6
1979,Rohit Kamble,52,Engineering,192914.71
1980,Kavish Khatri,62,HR,132053.1
1981,Agnijeet Sharma,51,Support,143770.5
1982,Agnijeet Paraswar,49,Finance,168988.59
1983,Rina Paraswar,26,HR,120053.04
1984,Rina Paraswar,41,HR,188232.82
1985,Kriti Kamble,59,Engineering,45056.07
1986,Rina Paraswar,28,Sales,138240.75
1987,Rohit Kamble,52,Finance,182136.85
1988,Sanjay Kamble,25,HR,96979.51
1989,Kriti Khatri,25,Sales,134297.15
1990,Akanksha Paraswar,45,HR,111556.79
1991,Tara Jain,40,HR,118853.58
1992,Rina Raina,45,HR,52827.71
1993,Vaidehi Paraswar,64,Sales,123207.82
1994,Vaidehi Sharma,55,HR,81424.88
1995,Akanksha Patel,28,Marketing,58877.8
1996,Tara Raina,45,Marketing,25956.62
1997,Kriti Sharma,37,Support,174374.07
1998,Rohit Khatri,29,Support,28252.41
1999,Agnijeet Paraswar,39,HR,87219.66
2000,Amit Patel,59,Sales,62886.72
2001,Tara Jain,25,Marketing,134775.44
2002,Amit Sharma,59,Finance,175557.58
2003,Kriti Desai,27,HR,155628.75
2004,Rina Sharma,34,Support,43105.51
2005,Sanjay Kamble,61,Support,22112.08
2006,Agnijeet Paraswar,18,Marketing,133801.42
2007,Kavish Desai,48,Marketing,157267.13
2008,Kriti Desai,30,Marketing,133689.79
2009,Tara Kamble,27,Support,112491.07
2010,Kriti Khatri,55,Engineering,195460.84
2011,Amit Kamble,30,Support,149786.0
2012,Rohit Sharma,19,Finance,20957.41
2013,Sanjay Jain,64,Support,160906.32
2014,Akanksha Sharma,30,Sales,163365.96
2015,Tara Sharma,25,Support,178659.61
2016,Sanjay Paraswar,55,Sales,191307.83
2017,Kriti Kamble,55,Support,77566.09
2018,Agnijeet Raina,27,Finance,122008.86
2019,Vaidehi Raina,19,Engineering,120976.37
2020,Sanjay Khatri,51,Engineering,159995.62
2021,Tara Kamble,25,Marketing,182672.96
2022,Rohit Desai,26,Finance,49308.08
2023,Rina Khatri,27,Support,169463.71
2024,Amit Raina,57,Finance,109472.72
2025,Sanjay Kamble,56,HR,123687.46
2026,Akanksha Kamble,25,Engineering,125630.65
2027,Agnijeet Sharma,34,Sales,44144.56
2028,Sanjay Khatri,28,HR,72161.21
2029,Sanjay Kamble,59,Engineering,167183.75
2030,Kavish Sharma,50,Marketing,161241.08
2031,Kavish Khatri,65,Marketing,170435.48
2032,Rina Desai,41,Marketing,130483.25
2033,Agnijeet Sharma,20,Marketing,135625.48
2034,Rina Jain,22,Engineering,197467.38
2035,Amit Sharma,48,Marketing,194348.52
2036,Tara Desai,24,Support,27492.66
2037,Agnijeet Jain,34,Marketing,191635.47
2038,Kriti Kamble,48,Sales,45230.73
2039,Tara Paraswar,64,Engineering,124435.83
2040,Kavish Khatri,59,Sales,170719.67
2041,Amit Patel,25,Sales,122073.23
2042,Kavish Raina,35,Support,124627.63
2043,Akanksha Jain,61,Finance,144439.5
2044,Tara Sharma,51,Sales,51947.64
2045,Sanjay Khatri,58,Finance,156382.2
2046,Sanjay Kamble,36,Sales,173753.2
2047,Tara Desai,49,HR,108815.5
2048,Akanksha Paraswar,39,Engineering,115685.44
2049,Akanksha Kamble,48,HR,63520.29
2050,Amit Sharma,27,Finance,96652.22
2051,Amit Sharma,49,Engineering,135210.71
2052,Rina Patel,62,Finance,174876.62
2053,Tara Khatri,57,Finance,181043.16
2054,Tara Desai,22,HR,131307.74
2055,Tara Kamble,30,HR,155105.38
2056,Vaidehi Patel,29,HR,89016.33
2057,Rohit Kamble,43,Engineering,148623.24
2058,Rina Paraswar,32,Support,56063.08
2059,Agnijeet Jain,26,HR,118360.58
2060,Tara Khatri,60,Sales,191708.33
2061,Vaidehi Paraswar,26,Sales,149647.84
2062,Kavish Khatri,50,Engineering,195915.09
2063,Agnijeet Patel,52,HR,97419.61
2064,Agnijeet Sharma,33,Sales,140864.38
2065,Kriti Patel,47,Marketing,49363.34
2066,Agnijeet Sharma,55,Support,77652.54
2067,Agnijeet Desai,22,Support,190548.43
2068,Sanjay Sharma,37,Finance,56853.86
2069,Vaidehi Desai,48,Marketing,122257.99
2070,Amit Desai,29,HR,81869.18
2071,Rina Raina,44,Engineering,167032.71
2072,Vaidehi Patel,45,Sales,59069.71
2073,Amit Paraswar,19,Finance,181232.17
2074,Kavish Paraswar,61,Support,68042.23
2075,Rohit Jain,40,Finance,159336.52
2076,Rohit Jain,36,Engineering,170671.66
2077,Vaidehi Sharma,47,HR,196136.96
2078,Vaidehi Raina,32,HR,168870.6
2079,Kavish Khatri,35,HR,130529.24
2080,Kavish Sharma,45,Marketing,173272.63
2081,Rohit Khatri,58,Finance,83916.88
2082,Akanksha Jain,38,Support,153725.15
2083,Sanjay Desai,25,HR,123547.05
2084,Kriti Jain,25,Engineering,193854.95
2085,Tara Raina,22,HR,36329.8
2086,Rina Jain,41,Sales,107037.07
2087,Kriti Paraswar,51,Finance,180767.25
2088,Sanjay Paraswar,26,Support,184540.1
2089,Sanjay Paraswar,57,HR,20797.91
2090,Kriti Jain,30,Support,49757.13
2091,Agnijeet Jain,23,Finance,115733.51
2092,Agnijeet Kamble,22,Engineering,129170.49
2093,Sanjay Sharma,58,Finance,135143.79
2094,Vaidehi Jain,23,HR,52335.49
2095,Rohit Sharma,29,Finance,168371.08
2096,Agnijeet Khatri,60,Marketing,197140.23
2097,Sanjay Kamble,29,Marketing,42886.57
2098,Sanjay Raina,29,Engineering,171927.87
2099,Akanksha Desai,48,Sales,143240.56
2100,Kriti Jain,64,Support,165476.6
2101,Tara Patel,19,Engineering,154025.02
2102,Kriti Jain,53,HR,53830.87
2103,Sanjay Khatri,64,Sales,81403.99
2104,Sanjay Kamble,49,Support,70608.36
2105,Kavish Desai,35,HR,63503.17
2106,Amit Paraswar,63,Marketing,27372.18
2107,Akanksha Paraswar,32,Finance,165658.82
2108,Agnijeet Paraswar,55,HR,160194.14
2109,Rina Raina,55,HR,45961.41
2110,Tara Desai,56,HR,105804.22
2111,Amit Paraswar,42,Finance,162365.53
2112,Agnijeet Desai,45,HR,106308.39
2113,Kavish Khatri,42,Finance,72272.72
2114,Kavish Patel,39,Finance,108439.74
2115,Agnijeet Khatri,48,Engineering,153451.39
2116,Agnijeet Khatri,50,Finance,97689.88
2117,Sanjay Patel,37,Finance,20521.13
2118,Agnijeet Jain,30,Engineering,61920.82
2119,Akanksha Patel,54,Engineering,148517.46
2120,Tara Kamble,26,Marketing,76028.83
2121,Vaidehi Khatri,59,Marketing,37504.58
2122,Rohit Kamble,24,Engineering,124719.5
2123,Rina Desai,33,Marketing,61378.4
2124,Vaidehi Desai,52,Sales,26308.17
2125,Kriti Khatri,39,Marketing,90252.41
2126,Kavish Paraswar,35,Marketing,89962.64
2127,Rohit Khatri,27,Support,85960.15
2128,Kriti Kamble,58,Support,136999.48
2129,Rina Khatri,31,Marketing,147734.2
2130,Sanjay Kamble,58,Marketing,45613.26
2131,Sanjay Jain,35,Support,138997.65
2132,Rina Desai,38,Sales,194234.11
2133,Amit Patel,18,Marketing,160835.06
2134,Vaidehi Patel,45,HR,32719.13
2135,Vaidehi Sharma,56,Marketing,187740.26
2136,Kavish Desai,39,Finance,196582.17
2137,Amit Kamble,51,Support,199247.51
2138,Amit Patel,42,Finance,116046.14
2139,Sanjay Khatri,40,HR,105427.45
2140,Kavish Desai,65,Support,181017.74
2141,Vaidehi Khatri,63,Engineering,199405.82
2142,Amit Raina,27,Support,132253.03
2143,Kriti Raina,36,Engineering,20219.44
2144,Vaidehi Khatri,27,Engineering,67325.09
2145,Rina Raina,31,Marketing,90430.55
2146,Kriti Desai,59,Sales,152205.14
2147,Akanksha Sharma,41,Support,84941.38
2148,Amit Desai,62,Support,56954.05
2149,Rina Jain,37,Support,167619.87
2150,Tara Desai,46,Engineering,81151.78
2151,Agnijeet Raina,62,Support,170849.42
2152,Kavish Desai,31,Marketing,108384.51
2153,Vaidehi Sharma,40,Sales,163582.09
2154,Rina Kamble,27,Support,148645.32
2155,Kavish Jain,52,Support,144391.84
2156,Rohit Khatri,53,Engineering,59992.26
2157,Kavish Kamble,38,Engineering,108096.49
2158,Amit Khatri,53,Marketing,143676.81
2159,Rohit Sharma,27,Engineering,126936.29
2160,Kavish Paraswar,25,Sales,82550.65
2161,Amit Paraswar,57,HR,62143.55
2162,Kavish Paraswar,21,Marketing,81780.02
2163,Akanksha Raina,39,Support,64291.57
2164,Vaidehi Jain,30,Engineering,160039.19
2165,Amit Patel,59,HR,102503.2
2166,Kavish Patel,61,HR,199546.27
2167,Tara Jain,29,Engineering,185195.46
2168,Agnijeet Khatri,34,Sales,117776.23
2169,Akanksha Sharma,34,Sales,131607.69
2170,Akanksha Khatri,30,Support,188330.9
2171,Amit Jain,50,Finance,47920.22
2172,Akanksha Patel,51,Finance,161376.01
2173,Vaidehi Desai,64,Engineering,62976.79
2174,Sanjay Jain,57,Marketing,23023.25
2175,Kriti Khatri,38,Marketing,189842.58
2176,Sanjay Sharma,60,Sales,91573.15
2177,Rina Raina,30,Marketing,85547.39
2178,Sanjay Paraswar,31,Marketing,41081.0
2179,Kriti Raina,58,Engineering,104941.69
2180,Akanksha Paraswar,37,Finance,163527.65
2181,Rohit Paraswar,41,Sales,44229.57
2182,Akanksha Kamble,22,Marketing,177743.06
2183,Rohit Khatri,58,Marketing,38331.18
2184,Akanksha Khatri,57,Engineering,192698.96
2185,Rina Sharma,31,Sales,70299.97
2186,Sanjay Sharma,32,Engineering,131172.72
2187,Vaidehi Raina,40,Support,44167.6
2188,Vaidehi Desai,35,Engineering,171549.19
2189,Rina Patel,58,Finance,76280.92
2190,Rohit Jain,34,Engineering,41676.33
2191,Sanjay Sharma,28,Support,133452.08
2192,Sanjay Paraswar,52,HR,148864.21
2193,Sanjay Patel,30,Sales,28851.41
2194,Rohit Khatri,60,Marketing,45659.99
2195,Kavish Jain,43,Engineering,199350.33
2196,Amit Kamble,20,Support,47140.83
2197,Sanjay Raina,53,Support,105827.15
2198,Vaidehi Raina,57,Marketing,104840.16
2199,Kavish Raina,43,Engineering,157153.03
2200,Rina Khatri,27,Finance,128434.4
2201,Sanjay Paraswar,33,Support,189736.3
2202,Amit Kamble,63,Engineering,131931.79
2203,Amit Sharma,51,Sales,86453.51
2204,Rina Sharma,51,Finance,107774.25
2205,Sanjay Sharma,46,Sales,51631.49
2206,Akanksha Desai,37,Marketing,110617.57
2207,Rina Sharma,25,Marketing,44699.03
2208,Vaidehi Desai,35,Finance,181975.17
2209,Rohit Patel,51,HR,150610.14
2210,Kriti Khatri,47,Marketing,150014.75
2211,Tara Patel,52,Sales,164516.29
2212,Agnijeet Kamble,24,Finance,166460.56
2213,Tara Paraswar,53,Finance,126150.39
2214,Vaidehi Sharma,37,Finance,194436.32
2215,Amit Patel,65,Sales,38713.16
2216,Rina Kamble,24,Marketing,106119.04
2217,Kriti Jain,39,Finance,56772.27
2218,Agnijeet Desai,40,Finance,136534.69
2219,Amit Kamble,19,Finance,68820.86
2220,Amit Sharma,27,HR,184088.94
2221,Tara Kamble,51,Marketing,122551.91
2222,Rohit Patel,32,Marketing,21271.51
2223,Agnijeet Sharma,43,Finance,82267.3
2224,Kriti Jain,42,HR,122009.46
2225,Sanjay Sharma,26,HR,147847.89
2226,Kavish Patel,41,Support,92138.43
2227,Akanksha Kamble,41,HR,171273.83
2228,Tara Raina,57,Engineering,95617.35
2229,Sanjay Khatri,50,Sales,140695.53
2230,Amit Khatri,45,Support,164609.51
2231,Agnijeet Desai,58,Sales,166048.03
2232,Kavish Jain,52,Engineering,92137.75
2233,Akanksha Kamble,48,Finance,89263.71
2234,Rohit Sharma,65,Engineering,111486.56
2235,Agnijeet Khatri,58,HR,141085.2
2236,Kavish Paraswar,46,Engineering,136117.58
2237,Rina Kamble,54,Engineering,184072.67
2238,Tara Jain,29,Marketing,154953.5
2239,Vaidehi Jain,47,Sales,190235.64
2240,Akanksha Sharma,38,Sales,107872.11
2241,Tara Sharma,21,Engineering,175158.18
2242,Kriti Khatri,25,Sales,41416.38
2243,Rohit Kamble,65,Finance,49247.21
2244,Tara Patel,63,Support,41137.86
2245,Amit Raina,57,HR,179519.06
2246,Rina Sharma,58,HR,108624.94
2247,Kavish Khatri,33,Engineering,69605.23
2248,Rina Khatri,23,HR,104703.17
2249,Agnijeet Desai,57,Finance,181553.72
2250,Sanjay Paraswar,22,Engineering,117785.94
2251,Rina Jain,38,Sales,75522.14
2252,Kavish Kamble,25,Support,175730.42
2253,Akanksha Jain,46,Finance,85592.72
2254,Amit Sharma,43,Engineering,128573.07
2255,Rohit Sharma,24,HR,169053.92
2256,Rina Jain,60,Support,169539.43
2257,Akanksha Khatri,54,HR,71418.61
2258,Kavish Kamble,18,Finance,61888.1
2259,Rohit Khatri,27,Marketing,110244.66
2260,Rohit Khatri,51,Sales,77288.64
2261,Kavish Jain,62,Finance,116920.16
2262,Agnijeet Jain,47,Marketing,111719.96
2263,Tara Raina,44,HR,74436.19
2264,Agnijeet Raina,55,HR,175039.32
2265,Rohit Kamble,54,Support,24051.07
2266,Tara Sharma,64,Sales,178532.66
2267,Amit Kamble,56,Support,149762.63
2268,Tara Khatri,24,Finance,161469.33
2269,Kriti Desai,37,Support,68838.4
2270,Agnijeet Raina,48,Engineering,20667.05
2271,Kriti Khatri,54,Support,48549.99
2272,Rina Sharma,37,Finance,60122.1
2273,Rohit Sharma,37,Finance,105469.12
2274,Tara Desai,57,Sales,153846.21
2275,Agnijeet Patel,47,Finance,129393.13
2276,Agnijeet Jain,18,Finance,49965.44
2277,Akanksha Paraswar,65,Marketing,56860.63
2278,Rina Raina,40,HR,96505.95
2279,Sanjay Jain,39,Marketing,125720.88
2280,Tara Paraswar,20,Marketing,76050.19
2281,Akanksha Paraswar,53,Support,177088.61
2282,Tara Desai,29,Marketing,59829.36
2283,Tara Patel,32,Engineering,155532.15
2284,Rohit Patel,50,Marketing,156698.38
2285,Kriti Paraswar,56,Engineering,94201.5
2286,Amit Desai,19,Engineering,39740.35
2287,Kavish Kamble,56,Support,87983.87
2288,Sanjay Kamble,41,Support,75381.64
2289,Agnijeet Khatri,20,Marketing,143039.6
2290,Vaidehi Jain,60,Support,104482.9
2291,Tara Desai,25,HR,98628.34
2292,Rina Jain,60,HR,102258.49
2293,Amit Jain,31,Sales,110700.15
2294,Kriti Sharma,30,Finance,44002.0
2295,Rina Khatri,62,HR,125911.03
2296,Kriti Kamble,30,HR,41786.61
2297,Amit Sharma,21,Engineering,65971.47
2298,Amit Paraswar,61,Engineering,182741.75
2299,Vaidehi Khatri,28,Marketing,100372.72
2300,Agnijeet Paraswar,35,Marketing,44467.9
2301,Sanjay Kamble,23,Support,107671.82
2302,Agnijeet Desai,37,Engineering,86978.51
2303,Kavish Patel,56,Engineering,169074.79
2304,Amit Khatri,45,Support,188842.76
2305,Kavish Desai,23,HR,183727.41
2306,Akanksha Patel,22,Marketing,187619.17
2307,Tara Sharma,44,Support,143746.46
2308,Agnijeet Jain,34,Marketing,176956.71
2309,Rohit Sharma,64,Support,197759.47
2310,Amit Raina,27,Support,66313.96
2311,Rina Sharma,18,HR,39819.63
2312,Agnijeet Desai,27,Engineering,129764.53
2313,Sanjay Khatri,62,Support,149933.48
2314,Rohit Sharma,37,Support,22803.3
2315,Sanjay Paraswar,19,Support,129738.31
2316,Kavish Khatri,64,Engineering,107334.98
2317,Rina Kamble,58,Engineering,20162.19
2318,Kriti Desai,18,Sales,60198.09
2319,Kavish Khatri,26,Support,143944.73
2320,Kriti Desai,42,Engineering,50803.29
2321,Agnijeet Desai,19,HR,130868.83
2322,Tara Raina,44,Engineering,90904.69
2323,Akanksha Paraswar,23,Marketing,167451.81
2324,Vaidehi Raina,59,Engineering,97118.93
2325,Rina Paraswar,52,Finance,85756.53
2326,Vaidehi Raina,47,Finance,50980.29
2327,Amit Khatri,47,HR,171915.05
2328,Tara Raina,26,Support,118988.85
2329,Agnijeet Raina,57,Engineering,150904.8
2330,Rina Raina,41,HR,115326.86
2331,Kavish Desai,44,Support,49763.9
2332,Amit Raina,22,Engineering,189541.16
2333,Amit Desai,24,Support,53138.39
2334,Akanksha Paraswar,33,Finance,196284.09
2335,Vaidehi Raina,43,Support,110506.41
2336,Agnijeet Kamble,54,HR,134947.89
2337,Akanksha Khatri,45,Engineering,165772.43
2338,Vaidehi Kamble,43,Engineering,83033.8
2339,Sanjay Jain,54,HR,126982.63
2340,Kriti Kamble,23,Engineering,87664.09
2341,Tara Desai,50,Finance,36430.87
2342,Tara Kamble,46,Engineering,79749.19
2343,Rohit Patel,26,Support,136180.45
2344,Amit Patel,39,Sales,134566.56
2345,Rina Patel,54,Marketing,137695.11
2346,Vaidehi Raina,57,Support,68840.72
2347,Kavish Patel,22,Engineering,65372.27
2348,Kavish Sharma,43,HR,43997.56
2349,Akanksha Khatri,64,Sales,88323.71
2350,Tara Khatri,63,Marketing,72244.35
2351,Sanjay Patel,32,HR,82725.57
2352,Rohit Raina,26,HR,38786.85
2353,Tara Paraswar,38,Sales,100235.25
2354,Agnijeet Sharma,22,Marketing,98952.89
2355,Agnijeet Khatri,26,HR,35353.56
2356,Kriti Paraswar,24,Finance,20294.07
2357,Agnijeet Paraswar,25,Support,34318.62
2358,Akanksha Raina,60,Marketing,160986.19
2359,Kriti Kamble,25,Marketing,35082.22
2360,Kavish Patel,49,Engineering,176313.03
2361,Kavish Paraswar,18,Marketing,151597.66
2362,Rina Jain,44,Marketing,68776.3
2363,Sanjay Patel,58,Sales,172848.13
2364,Kavish Desai,63,Sales,116862.65
2365,Kavish Desai,34,Finance,95513.12
2366,Kriti Kamble,50,Support,49480.37
2367,Vaidehi Jain,38,Engineering,88106.6
2368,Kavish Sharma,26,Support,156514.1
2369,Kriti Paraswar,64,Sales,73745.82
2370,Kriti Sharma,48,Engineering,109650.45
2371,Kavish Khatri,63,Support,51709.87
2372,Tara Raina,42,Engineering,111087.71
2373,Rina Desai,56,Engineering,106049.51
2374,Rina Sharma,45,HR,40856.81
2375,Kavish Paraswar,36,Engineering,143759.76
2376,Rohit Sharma,54,Marketing,159726.78
2377,Agnijeet Paraswar,28,HR,191495.07
2378,Tara Raina,30,Marketing,127701.44
2379,Tara Desai,52,Finance,36612.64
2380,Akanksha Jain,49,Marketing,114972.38
2381,Akanksha Jain,54,Sales,65365.48
2382,Rohit Paraswar,57,HR,40088.45
2383,Rina Paraswar,19,Marketing,42521.52
2384,Tara Kamble,48,Sales,108403.11
2385,Amit Jain,45,Finance,20049.47
2386,Kriti Khatri,54,Support,28615.63
2387,Sanjay Kamble,60,Support,82354.5
2388,Amit Desai,28,Marketing,130606.25
2389,Amit Khatri,21,Support,102457.9
2390,Rina Paraswar,38,Engineering,110137.95
2391,Kavish Sharma,40,Engineering,66963.21
2392,Rina Sharma,33,HR,194542.76
2393,Amit Kamble,44,Finance,123012.35
2394,Vaidehi Kamble,46,Support,147176.78
2395,Amit Jain,48,Engineering,52236.44
2396,Kavish Jain,34,Support,142113.69
2397,Agnijeet Patel,28,Engineering,154618.97
2398,Kavish Paraswar,25,HR,193836.76
2399,Rina Sharma,64,HR,174222.34
2400,Amit Patel,19,Sales,122276.83
2401,Akanksha Raina,21,Finance,83219.98
2402,Kavish Kamble,49,Finance,162852.85
2403,Sanjay Jain,24,Sales,101173.4
2404,Kriti Patel,57,HR,99585.77
2405,Kriti Desai,50,HR,111655.52
2406,Akanksha Khatri,62,Finance,177576.3
2407,Kavish Sharma,46,Marketing,170152.31
2408,Tara Jain,58,Finance,122351.25
2409,Sanjay Jain,39,HR,139988.34
2410,Rohit Desai,25,Finance,26906.55
2411,Kavish Paraswar,59,Sales,157489.78
2412,Sanjay Kamble,41,Marketing,34926.94
2413,Akanksha Raina,23,Engineering,28034.12
2414,Akanksha Patel,60,Engineering,120202.92
2415,Akanksha Paraswar,23,Sales,126771.04
2416,Kavish Raina,44,Marketing,160521.84
2417,Rina Raina,62,Marketing,144088.55
2418,Akanksha Sharma,21,Finance,149443.08
2419,Kriti Raina,63,Support,118975.98
2420,Amit Kamble,62,Marketing,58156.53
2421,Rohit Jain,49,HR,22629.1
2422,Rohit Desai,61,Engineering,193120.84
2423,Kriti Jain,57,Finance,134745.23
2424,Vaidehi Patel,54,Finance,63279.96
2425,Kriti Raina,41,Finance,167005.55
2426,Kriti Patel,49,HR,56673.62
2427,Kriti Jain,57,Marketing,41373.29
2428,Vaidehi Patel,31,Support,143089.05
2429,Kavish Raina,63,Finance,112731.01
2430,Akanksha Kamble,55,Marketing,66262.52
2431,Rina Sharma,36,Support,82614.09
2432,Amit Desai,39,HR,87332.81
2433,Vaidehi Sharma,26,Sales,149508.75
2434,Rohit Raina,34,HR,169169.19
2435,Tara Jain,43,Finance,157143.5
2436,Sanjay Desai,65,HR,131817.51
2437,Sanjay Desai,27,Support,71491.74
2438,Sanjay Sharma,59,HR,48620.07
2439,Agnijeet Kamble,34,Support,115533.29
2440,Kriti Sharma,49,Sales,53445.46
2441,Vaidehi Paraswar,55,Finance,155582.64
2442,Rina Jain,45,Marketing,84598.22
2443,Vaidehi Jain,65,Sales,76019.6
2444,Kriti Jain,57,Support,21050.23
2445,Rina Khatri,25,Support,69846.72
2446,Vaidehi Desai,31,Support,169207.67
2447,Kavish Desai,39,Sales,153574.91
2448,Vaidehi Raina,21,Finance,33271.47
2449,Agnijeet Raina,22,Marketing,179053.99
2450,Kavish Patel,26,Engineering,94416.28
2451,Kavish Desai,44,Engineering,190412.65
2452,Tara Desai,21,HR,113789.34
2453,Rohit Sharma,62,Engineering,183343.8
2454,Rohit Patel,47,Engineering,172930.21
2455,Kriti Desai,20,Sales,95383.78
2456,Sanjay Desai,58,Marketing,71497.58
2457,Rohit Khatri,46,Marketing,122972.95
2458,Agnijeet Kamble,44,Support,100793.78
2459,Akanksha Desai,52,Finance,198756.1
2460,Amit Raina,60,Finance,124967.68
2461,Agnijeet Desai,32,Engineering,188855.17
2462,Kavish Raina,19,Finance,174354.73
2463,Kriti Khatri,63,HR,92517.48
2464,Rina Khatri,42,HR,146742.07
2465,Tara Kamble,45,Sales,150646.11
2466,Vaidehi Sharma,63,Engineering,139752.45
2467,Rohit Khatri,23,Marketing,196543.37
2468,Sanjay Kamble,35,Support,73483.76
2469,Rohit Sharma,33,HR,93974.42
2470,Akanksha Paraswar,40,Sales,136083.94
2471,Kriti Khatri,33,Marketing,96173.33
2472,Rina Raina,42,Support,27123.41
2473,Kavish Kamble,40,HR,26428.17
2474,Kriti Kamble,54,Engineering,76912.98
2475,Akanksha Paraswar,49,Support,155644.42
2476,Amit Kamble,51,Engineering,143462.38
2477,Kriti Desai,23,HR,129863.51
2478,Rina Patel,56,Sales,197813.35
2479,Rohit Paraswar,30,Finance,103800.75
2480,Amit Khatri,48,Engineering,151591.93
2481,Agnijeet Khatri,19,Sales,86382.59
2482,Akanksha Sharma,48,Sales,83484.88
2483,Amit Khatri,31,Support,181365.64
2484,Agnijeet Jain,53,Support,88613.44
2485,Amit Paraswar,53,Marketing,26937.63
2486,Amit Kamble,38,Support,199493.35
2487,Sanjay Patel,55,HR,66767.42
2488,Amit Kamble,39,Sales,177413.81
2489,Agnijeet Khatri,61,Finance,32275.5
2490,Akanksha Jain,31,Finance,54667.57
2491,Rohit Raina,41,Finance,106694.97
2492,Sanjay Jain,27,Engineering,50852.7
2493,Agnijeet Paraswar,39,Marketing,41078.37
2494,Vaidehi Paraswar,25,Marketing,72239.0
2495,Amit Desai,46,Support,61681.21
2496,Kriti Desai,41,Engineering,26103.56
2497,Kriti Desai,61,Sales,56656.09
2498,Kriti Sharma,19,Engineering,146560.45
2499,Akanksha Sharma,46,Sales,23110.56
2500,Rohit Jain,58,Sales,128123.36
2501,Sanjay Raina,41,Finance,117722.52
2502,Agnijeet Jain,27,Support,33940.27
2503,Tara Paraswar,55,Engineering,136595.68
2504,Rina Jain,38,Finance,100715.88
2505,Kavish Khatri,23,Sales,138123.38
2506,Sanjay Jain,59,Marketing,77147.88
2507,Agnijeet Jain,30,Sales,44283.56
2508,Kriti Desai,50,Marketing,33214.88
2509,Rina Paraswar,55,Sales,141918.62
2510,Akanksha Kamble,32,Support,169911.24
2511,Rina Paraswar,32,Finance,98667.8
2512,Kriti Khatri,50,Marketing,131804.07
2513,Tara Jain,27,Marketing,141843.68
2514,Amit Raina,48,Marketing,153680.72
2515,Rohit Kamble,53,Engineering,113226.23
2516,Tara Desai,51,Marketing,126347.19
2517,Kriti Khatri,52,Support,122322.85
2518,Vaidehi Khatri,52,Support,192386.65
2519,Vaidehi Kamble,42,Engineering,154122.94
2520,Vaidehi Paraswar,54,HR,132174.49
2521,Amit Khatri,47,HR,150493.2
2522,Kavish Paraswar,48,Engineering,74600.26
2523,Kavish Raina,55,Support,76913.38
2524,Akanksha Khatri,29,Marketing,188014.46
2525,Agnijeet Sharma,27,Sales,129483.83
2526,Rohit Patel,30,Engineering,186184.54
2527,Vaidehi Khatri,47,Finance,176109.89
2528,Vaidehi Kamble,59,Sales,143863.49
2529,Tara Khatri,45,Support,50505.96
2530,Rohit Paraswar,35,Engineering,56019.7
2531,Tara Raina,24,Sales,46242.3
2532,Rohit Kamble,60,Support,150073.69
2533,Rohit Paraswar,22,HR,111000.46
2534,Kriti Khatri,29,Support,135971.16
2535,Rina Patel,63,Finance,96205.63
2536,Rina Jain,20,Engineering,143418.04
2537,Kavish Khatri,20,Finance,45823.01
2538,Amit Raina,48,Support,190739.37
2539,Agnijeet Sharma,54,Sales,125542.08
2540,Tara Paraswar,64,Engineering,78392.26
2541,Kavish Kamble,48,Finance,80800.37
2542,Sanjay Desai,61,Marketing,178588.16
2543,Rohit Kamble,56,Sales,175937.07
2544,Sanjay Patel,21,Engineering,127632.28
2545,Kavish Kamble,65,HR,136312.35
2546,Amit Jain,25,Marketing,121681.97
2547,Kriti Sharma,26,HR,176692.74
2548,Akanksha Paraswar,63,Marketing,80735.91
2549,Tara Patel,31,Sales,148665.17
2550,Rina Raina,18,HR,126560.34
2551,Kavish Khatri,34,Finance,68377.31
2552,Akanksha Desai,34,Finance,105497.65
2553,Akanksha Paraswar,26,Finance,107856.02
2554,Kavish Patel,47,Marketing,73238.24
2555,Amit Patel,20,Marketing,23167.16
2556,Kriti Paraswar,40,Sales,45462.69
2557,Amit Sharma,51,Finance,182691.52
2558,Tara Paraswar,64,Engineering,137990.94
2559,Akanksha Paraswar,39,Finance,139067.49
2560,Tara Sharma,45,Sales,29777.32
2561,Tara Patel,59,HR,155333.19
2562,Agnijeet Sharma,24,Engineering,86023.39
2563,Kriti Kamble,37,Support,189081.74
2564,Tara Sharma,30,Marketing,136336.6
2565,Tara Sharma,64,Marketing,32095.24
2566,Vaidehi Jain,22,Sales,151165.3
2567,Kavish Paraswar,21,Finance,55314.63
2568,Tara Jain,23,Sales,143818.04
2569,Kriti Patel,59,Support,87455.52
2570,Rohit Paraswar,40,Support,47520.23
2571,Amit Sharma,21,Marketing,161663.98
2572,Agnijeet Jain,49,Finance,114477.99
2573,Tara Raina,61,HR,27632.79
2574,Rohit Paraswar,65,Engineering,176458.1
2575,Rohit Kamble,50,HR,38522.15
2576,Kavish Sharma,58,Engineering,24693.79
2577,Kriti Patel,59,Finance,106604.34
2578,Tara Patel,26,Finance,75666.17
2579,Rohit Kamble,51,Support,176002.1
2580,Rina Khatri,55,Finance,61211.25
2581,Amit Raina,43,Finance,135348.23
2582,Akanksha Raina,55,Sales,142428.35
2583,Rohit Raina,43,Engineering,49334.59
2584,Rina Jain,28,Support,83458.05
2585,Sanjay Raina,54,Sales,92701.29
2586,Vaidehi Desai,49,Engineering,73845.28
2587,Kriti Desai,41,Sales,55454.92
2588,Vaidehi Patel,33,HR,123866.74
2589,Agnijeet Khatri,59,Support,27060.25
2590,Sanjay Kamble,19,Finance,65775.56
2591,Amit Sharma,26,Sales,138836.43
2592,Akanksha Sharma,21,Engineering,65521.98
2593,Rina Paraswar,32,Marketing,126891.96
2594,Tara Desai,60,Finance,89724.75
2595,Akanksha Paraswar,37,Engineering,36888.86
2596,Kavish Desai,49,Marketing,44655.79
2597,Rohit Patel,51,Sales,72158.36
2598,Amit Paraswar,51,Sales,141669.76
2599,Akanksha Jain,26,Finance,90649.35
2600,Kriti Jain,31,Finance,173561.96
2601,Rohit Paraswar,51,Engineering,45028.65
2602,Kriti Raina,36,Finance,168790.75
2603,Agnijeet Desai,37,Engineering,112487.6
2604,Kavish Sharma,49,Sales,131563.46
2605,Tara Desai,65,Support,183003.96
2606,Vaidehi Desai,31,HR,41986.65
2607,Akanksha Raina,65,Marketing,72670.88
2608,Tara Kamble,36,Support,30732.84
2609,Akanksha Paraswar,30,Engineering,151158.84
2610,Kriti Raina,61,Support,53740.46
2611,Akanksha Kamble,28,Engineering,116999.03
2612,Rohit Desai,40,Finance,144217.87
2613,Kriti Raina,65,HR,158571.85
2614,Amit Sharma,20,Marketing,64045.6
2615,Sanjay Sharma,29,Sales,95689.29
2616,Tara Paraswar,19,Engineering,62636.54
2617,Kriti Patel,38,Marketing,118338.55
2618,Kriti Sharma,41,Marketing,90237.81
2619,Tara Sharma,56,HR,36710.57
2620,Kriti Desai,49,Engineering,170399.08
2621,Amit Patel,47,Marketing,190699.68
2622,Kriti Patel,40,Finance,45040.37
2623,Rina Sharma,42,HR,57997.86
2624,Kriti Raina,22,Engineering,36560.14
2625,Sanjay Sharma,45,Support,99951.95
2626,Sanjay Patel,64,Marketing,32233.27
2627,Akanksha Kamble,55,Sales,164572.95
2628,Amit Raina,35,Engineering,167787.41
2629,Amit Kamble,20,Finance,149608.54
2630,Kavish Paraswar,47,Support,157756.96
2631,Amit Raina,61,Engineering,173466.4
2632,Rohit Kamble,20,Support,54885.31
2633,Akanksha Jain,38,Support,91791.64
2634,Vaidehi Sharma,54,Support,164304.43
2635,Vaidehi Khatri,27,Support,40411.4
2636,Rohit Kamble,25,HR,101833.14
2637,Kavish Jain,64,Marketing,140369.24
2638,Rohit Kamble,63,Finance,55517.0
2639,Agnijeet Paraswar,59,Sales,60437.0
2640,Kavish Khatri,18,Support,80164.93
2641,Rohit Kamble,39,Sales,182986.19
2642,Vaidehi Patel,56,Sales,22275.67
2643,Sanjay Raina,24,HR,124625.57
2644,Rohit Jain,42,Support,115062.53
2645,Agnijeet Jain,21,Engineering,121011.15
2646,Rohit Sharma,33,Marketing,138260.02
2647,Sanjay Sharma,29,Support,133662.91
2648,Amit Paraswar,61,Engineering,102482.08
2649,Tara Raina,58,Finance,135915.88
2650,Akanksha Jain,25,Sales,87495.08
2651,Sanjay Paraswar,60,HR,175945.29
2652,Akanksha Patel,41,Sales,138482.67
2653,Tara Desai,50,Marketing,124323.09
2654,Sanjay Jain,31,Support,167080.17
2655,Akanksha Patel,45,HR,188158.57
2656,Sanjay Patel,36,Marketing,167893.24
2657,Amit Paraswar,52,Engineering,181550.15
2658,Sanjay Desai,42,HR,71601.85
2659,Amit Patel,50,Support,176246.31
2660,Tara Jain,56,Support,41159.29
2661,Kavish Khatri,34,Marketing,144702.45
2662,Rohit Paraswar,20,Finance,71845.37
2663,Amit Sharma,29,HR,68173.22
2664,Vaidehi Sharma,57,Engineering,159656.18
2665,Kriti Kamble,55,Finance,20890.48
2666,Vaidehi Raina,57,HR,65505.31
2667,Vaidehi Raina,19,Support,138435.45
2668,Agnijeet Jain,28,Finance,102564.19
2669,Amit Patel,63,HR,142554.64
2670,Tara Paraswar,25,Sales,76959.42
2671,Akanksha Patel,33,Finance,22419.78
2672,Amit Khatri,55,Marketing,83468.71
2673,Kavish Paraswar,63,Marketing,193492.68
2674,Vaidehi Sharma,60,Finance,55139.73
2675,Agnijeet Jain,44,Support,168092.21
2676,Rohit Paraswar,26,Marketing,101278.73
2677,Sanjay Raina,54,Finance,147835.22
2678,Amit Desai,28,Support,180056.3
2679,Amit Khatri,43,HR,170842.11
2680,Sanjay Patel,51,HR,138967.2
2681,Agnijeet Paraswar,63,Support,187577.64
2682,Vaidehi Raina,53,Marketing,161860.6
2683,Agnijeet Sharma,42,Support,139044.87
2684,Agnijeet Jain,18,Engineering,192132.38
2685,Kriti Khatri,45,Engineering,193332.74
2686,Sanjay Patel,50,Finance,171633.86
2687,Kavish Khatri,57,HR,84796.41
2688,Tara Khatri,46,Engineering,47284.7
2689,Tara Jain,42,Finance,38225.93
2690,Vaidehi Patel,20,Sales,91926.01
2691,Kavish Jain,30,Marketing,77679.07
2692,Vaidehi Desai,55,HR,97320.95
2693,Agnijeet Patel,19,HR,107907.37
2694,Akanksha Sharma,64,Engineering,168411.29
2695,Tara Khatri,65,Support,163243.35
2696,Agnijeet Sharma,60,Marketing,146469.81
2697,Rina Desai,23,Finance,33339.09
2698,Agnijeet Sharma,38,Support,81574.83
2699,Akanksha Patel,55,Sales,104691.01
2700,Rohit Raina,65,Support,21855.18
2701,Kavish Kamble,26,HR,155125.25
2702,Agnijeet Sharma,20,HR,120635.9
2703,Amit Kamble,29,Engineering,153313.7
2704,Rohit Khatri,55,Finance,134732.54
2705,Rina Khatri,57,Finance,48256.96
2706,Kavish Jain,19,Sales,48438.44
2707,Agnijeet Paraswar,49,Finance,30872.96
2708,Agnijeet Sharma,26,Engineering,77394.31
2709,Rina Sharma,55,Engineering,35378.57
2710,Kriti Raina,53,Sales,196330.65
2711,Rohit Jain,62,Sales,76025.67
2712,Vaidehi Patel,45,Finance,182831.2
2713,Amit Patel,40,Engineering,62380.6
2714,Rohit Paraswar,59,Support,159214.56
2715,Rohit Khatri,63,HR,81523.68
2716,Vaidehi Jain,60,Finance,138679.36
2717,Kriti Jain,50,Support,91912.69
2718,Kavish Sharma,26,Engineering,87172.23
2719,Sanjay Desai,63,Marketing,98124.26
2720,Sanjay Jain,24,Marketing,47133.21
2721,Kavish Kamble,45,Engineering,63076.38
2722,Kriti Patel,21,Engineering,143885.53
2723,Akanksha Jain,37,Marketing,120072.09
2724,Rohit Paraswar,26,Marketing,108888.07
2725,Agnijeet Sharma,23,HR,135367.82
2726,Agnijeet Khatri,32,Marketing,94578.86
2727,Akanksha Sharma,40,Sales,118546.27
2728,Amit Jain,29,Finance,129154.79
2729,Tara Paraswar,24,Engineering,79739.06
2730,Kavish Desai,35,Support,88348.35
2731,Amit Jain,43,HR,20560.76
2732,Rohit Jain,51,Finance,170706.66
2733,Sanjay Desai,64,Engineering,185757.82
2734,Rina Desai,43,Marketing,179497.43
2735,Akanksha Patel,53,Marketing,96954.85
2736,Rina Desai,46,Support,104768.27
2737,Kriti Raina,45,Sales,94003.34
2738,Rina Jain,41,HR,56400.34
2739,Amit Desai,28,Engineering,64945.81
2740,Tara Paraswar,51,Sales,176262.34
2741,Kriti Kamble,21,Marketing,163163.29
2742,Akanksha Desai,42,Finance,80108.91
2743,Agnijeet Raina,50,Marketing,87655.27
2744,Vaidehi Desai,52,Marketing,161839.18
2745,Vaidehi Jain,60,Sales,27375.77
2746,Amit Patel,61,HR,141937.82
2747,Amit Raina,45,HR,198595.27
2748,Rohit Desai,20,Engineering,100753.6
2749,Tara Khatri,50,HR,65785.78
2750,Vaidehi Raina,18,Sales,74673.86
2751,Amit Patel,38,Marketing,129479.3
2752,Agnijeet Khatri,52,Engineering,69422.41
2753,Sanjay Kamble,62,Support,164532.34
2754,Kavish Paraswar,29,Marketing,114618.25
2755,Akanksha Jain,43,HR,54412.15
2756,Amit Raina,25,HR,188898.69
2757,Rina Sharma,54,Support,186768.88
2758,Amit Jain,20,HR,54208.83
2759,Amit Sharma,50,Finance,21703.63
2760,Kavish Kamble,58,Support,33865.91
2761,Rohit Paraswar,53,Finance,164282.71
2762,Vaidehi Khatri,20,Marketing,131048.87
2763,Rina Sharma,38,HR,26656.28
2764,Rohit Paraswar,19,Support,139194.19
2765,Rohit Jain,45,Engineering,60782.46
2766,Rohit Paraswar,61,Support,59136.68
2767,Kriti Paraswar,54,Finance,159399.91
2768,Amit Jain,32,HR,134144.69
2769,Rina Khatri,44,Support,144150.14
2770,Amit Desai,30,Engineering,32694.54
2771,Vaidehi Desai,29,Sales,87733.56
2772,Akanksha Kamble,41,Support,130306.77
2773,Kavish Paraswar,18,Finance,31203.08
2774,Amit Jain,64,Engineering,67679.02
2775,Amit Paraswar,54,Support,30679.85
2776,Agnijeet Jain,45,Sales,167239.01
2777,Rohit Sharma,45,Support,33746.28
2778,Rina Patel,39,HR,67439.66
2779,Akanksha Patel,49,Engineering,120506.1
2780,Tara Desai,47,Support,179289.44
2781,Rina Khatri,42,Sales,76948.29
2782,Kavish Kamble,36,Support,29783.87
2783,Rina Desai,41,HR,29787.17
2784,Rohit Kamble,24,Finance,139496.76
2785,Agnijeet Sharma,47,Marketing,40819.82
2786,Sanjay Patel,44,Support,71185.75
2787,Agnijeet Jain,50,HR,88502.08
2788,Amit Patel,42,HR,184417.39
2789,Rina Patel,59,Marketing,106849.45
2790,Akanksha Sharma,55,HR,154616.74
2791,Kriti Patel,42,Engineering,139010.27
2792,Kavish Kamble,53,Support,109768.7
2793,Sanjay Khatri,63,Sales,82647.34
2794,Kriti Desai,41,Finance,86421.78
2795,Akanksha Raina,18,Finance,101125.18
2796,Agnijeet Paraswar,65,Support,26753.92
2797,Akanksha Sharma,33,Finance,107713.23
2798,Rina Raina,64,Engineering,113989.01
2799,Sanjay Sharma,57,Sales,33969.16
2800,Kriti Kamble,59,Sales,100792.0
2801,Sanjay Kamble,34,Support,171289.37
2802,Kavish Desai,30,Marketing,82516.88
2803,Rohit Desai,50,Support,120528.84
2804,Sanjay Sharma,63,HR,100264.04
2805,Rina Sharma,41,Engineering,25559.57
2806,Vaidehi Jain,50,Sales,122930.91
2807,Rohit Sharma,58,HR,47628.8
2808,Kriti Raina,50,Marketing,139304.19
2809,Kriti Jain,32,HR,169626.9
2810,Kavish Kamble,21,Support,152985.85
2811,Amit Desai,62,Finance,196784.92
2812,Kriti Kamble,53,Finance,152757.76
2813,Rohit Sharma,51,Support,187146.9
2814,Kavish Kamble,65,HR,180775.75
2815,Vaidehi Jain,42,Support,112492.13
2816,Agnijeet Kamble,49,Engineering,143226.79
2817,Akanksha Paraswar,48,HR,95883.18
2818,Rohit Patel,47,Finance,62664.71
2819,Agnijeet Desai,40,Marketing,136421.96
2820,Rohit Jain,51,Support,180386.52
2821,Rohit Kamble,20,Engineering,139368.4
2822,Vaidehi Raina,42,Finance,110081.07
2823,Vaidehi Khatri,62,Support,59754.83
2824,Kavish Kamble,56,Sales,193619.92
2825,Amit Paraswar,51,Sales,51251.54
2826,Tara Raina,61,Finance,75717.75
2827,Kavish Desai,37,Marketing,149035.26
2828,Rina Kamble,39,HR,85412.24
2829,Sanjay Khatri,24,Support,71341.91
2830,Kavish Sharma,31,Engineering,141568.61
2831,Rina Kamble,36,Support,140933.28
2832,Rohit Desai,22,Sales,166818.97
2833,Kavish Kamble,25,Engineering,85056.55
2834,Akanksha Khatri,25,Marketing,153525.62
2835,Rina Raina,60,Finance,161858.12
2836,Sanjay Khatri,54,Marketing,116164.41
2837,Kavish Khatri,65,HR,126157.51
2838,Amit Patel,21,Finance,47844.88
2839,Akanksha Jain,51,Engineering,159059.47
2840,Sanjay Kamble,31,Sales,150993.08
2841,Amit Desai,21,Finance,54683.41
2842,Sanjay Raina,27,Sales,137893.73
2843,Kriti Sharma,46,Sales,112588.94
2844,Akanksha Khatri,33,Finance,181029.18
2845,Akanksha Raina,56,Support,101902.78
2846,Vaidehi Raina,34,Engineering,59470.1
2847,Amit Patel,46,Marketing,49258.56
2848,Kavish Jain,53,Support,146321.7
2849,Tara Paraswar,57,Finance,121329.45
2850,Rohit Paraswar,33,Engineering,111177.61
2851,Vaidehi Kamble,47,Support,88363.32
2852,Rohit Desai,23,Sales,54844.07
2853,Vaidehi Khatri,56,Sales,194339.98
2854,Akanksha Sharma,21,Finance,189202.21
2855,Vaidehi Desai,63,Finance,103859.32
2856,Rohit Raina,24,Sales,52134.2
2857,Kriti Desai,51,Marketing,30653.62
2858,Agnijeet Khatri,39,Support,28949.2
2859,Kriti Patel,51,Sales,142207.96
2860,Agnijeet Desai,22,Marketing,151869.74
2861,Kavish Kamble,37,Sales,116369.61
2862,Amit Sharma,45,Finance,63545.81
2863,Vaidehi Khatri,49,Support,35793.61
2864,Rohit Sharma,34,HR,78856.8
2865,Kriti Paraswar,34,Marketing,104458.69
2866,Kriti Desai,63,Finance,102513.81
2867,Rohit Jain,23,Finance,100411.71
2868,Sanjay Jain,62,HR,41391.63
2869,Akanksha Sharma,47,Finance,181717.13
2870,Vaidehi Desai,43,Sales,82104.81
2871,Tara Jain,43,Sales,122939.38
2872,Rohit Paraswar,47,Support,99723.86
2873,Kriti Kamble,32,Support,110640.26
2874,Rina Patel,46,Sales,34893.29
2875,Rina Sharma,44,Marketing,82327.97
2876,Rohit Desai,24,Sales,146156.2
2877,Amit Sharma,34,HR,86912.54
2878,Sanjay Paraswar,61,Marketing,154742.29
2879,Vaidehi Sharma,59,Support,86673.42
2880,Vaidehi Patel,34,Support,72037.67
2881,Sanjay Paraswar,26,Marketing,82371.07
2882,Rohit Khatri,64,Engineering,167937.15
2883,Rohit Desai,54,Marketing,115413.46
2884,Rohit Paraswar,40,Support,59147.47
2885,Agnijeet Raina,46,HR,74441.08
2886,Kavish Patel,53,Marketing,81669.41
2887,Amit Sharma,40,HR,128936.62
2888,Agnijeet Jain,50,Support,47332.6
2889,Kavish Khatri,26,Engineering,22929.34
2890,Akanksha Raina,44,Marketing,114775.69
2891,Vaidehi Jain,53,Support,28642.03
2892,Akanksha Paraswar,48,Engineering,199489.65
2893,Kriti Kamble,19,HR,21503.33
2894,Rohit Raina,38,Sales,60271.84
2895,Rohit Paraswar,38,Finance,136982.68
2896,Kavish Paraswar,45,Finance,46514.79
2897,Rohit Khatri,32,Support,75274.51
2898,Tara Desai,42,HR,142589.24
2899,Agnijeet Khatri,23,Sales,50842.73
2900,Tara Paraswar,34,Sales,177680.43
2901,Sanjay Desai,42,Engineering,196225.22
2902,Tara Patel,30,Sales,150144.2
2903,Amit Raina,48,HR,78890.04
2904,Kavish Jain,29,Finance,48849.83
2905,Kavish Khatri,21,Support,84448.18
2906,Amit Paraswar,57,Finance,120092.85
2907,Kriti Kamble,23,Finance,133804.61
2908,Akanksha Patel,63,HR,77349.78
2909,Rohit Kamble,59,Support,26420.42
2910,Rohit Desai,23,Marketing,62538.21
2911,Tara Patel,28,HR,56552.75
2912,Vaidehi Kamble,19,Sales,28765.13
2913,Sanjay Desai,25,Support,45695.39
2914,Amit Sharma,23,Marketing,45310.09
2915,Amit Paraswar,63,Support,177702.62
2916,Rohit Raina,23,Finance,142298.59
2917,Kriti Raina,35,Support,50251.43
2918,Agnijeet Khatri,29,Sales,136972.08
2919,Agnijeet Desai,58,Support,118967.13
2920,Vaidehi Desai,52,Marketing,103127.84
2921,Tara Khatri,45,HR,102978.7
2922,Akanksha Kamble,58,Support,159942.45
2923,Tara Paraswar,26,Finance,40370.99
2924,Amit Desai,20,Finance,167667.38
2925,Kavish Kamble,18,Support,192128.96
2926,Vaidehi Raina,50,Sales,172998.1
2927,Agnijeet Jain,64,Finance,110415.15
2928,Kavish Kamble,53,Engineering,61733.54
2929,Sanjay Paraswar,62,Engineering,57920.85
2930,Vaidehi Jain,50,Sales,123401.38
2931,Agnijeet Khatri,55,HR,22984.26
2932,Rina Patel,46,Engineering,39581.91
2933,Sanjay Kamble,30,Support,97414.18
2934,Agnijeet Desai,55,Sales,41547.37
2935,Amit Jain,35,HR,55006.98
2936,Kavish Kamble,27,Finance,177862.88
2937,Rohit Desai,44,Sales,36161.39
2938,Kriti Raina,19,Sales,77764.25
2939,Agnijeet Desai,45,Marketing,65015.84
2940,Akanksha Sharma,52,Engineering,100137.73
2941,Sanjay Desai,34,Engineering,38797.55
2942,Tara Jain,54,Support,101920.39
2943,Vaidehi Kamble,29,Sales,142410.87
2944,Kriti Raina,54,Sales,69880.08
2945,Tara Paraswar,42,Marketing,197815.7
2946,Kriti Raina,63,HR,138224.49
2947,Kriti Paraswar,34,Sales,180278.5
2948,Agnijeet Paraswar,23,Finance,156350.66
2949,Rina Khatri,44,Engineering,147625.13
2950,Rohit Jain,33,Engineering,153085.67
2951,Kavish Sharma,25,Marketing,63235.95
2952,Amit Jain,63,HR,31470.55
2953,Rina Kamble,40,Finance,175717.83
2954,Amit Khatri,25,Finance,82788.02
2955,Sanjay Khatri,41,Sales,137833.93
2956,Tara Sharma,47,Support,86863.56
2957,Kavish Desai,38,HR,78567.68
2958,Vaidehi Kamble,61,HR,85970.7
2959,Sanjay Paraswar,65,Marketing,178230.72
2960,Akanksha Desai,54,HR,43510.82
2961,Rina Raina,49,Finance,42600.42
2962,Agnijeet Desai,50,Support,156323.34
2963,Akanksha Paraswar,54,Marketing,131217.34
2964,Akanksha Patel,55,Finance,144867.95
2965,Akanksha Paraswar,29,Support,112406.6
2966,Rina Patel,41,Finance,56398.65
2967,Kriti Patel,30,HR,61135.27
2968,Kavish Patel,63,HR,28861.33
2969,Sanjay Kamble,55,Finance,66241.69
2970,Akanksha Sharma,35,HR,36502.79
2971,Tara Paraswar,64,Finance,55745.93
2972,Amit Sharma,48,HR,136507.59
2973,Vaidehi Paraswar,38,Engineering,54905.67
2974,Sanjay Patel,55,Engineering,160079.09
2975,Amit Jain,63,Finance,174484.69
2976,Vaidehi Khatri,55,Support,33635.17
2977,Akanksha Kamble,32,Sales,190496.42
2978,Akanksha Khatri,50,Engineering,77357.62
2979,Tara Raina,40,Sales,157646.08
2980,Agnijeet Jain,22,Engineering,24495.56
2981,Kavish Khatri,62,Finance,194402.92
2982,Vaidehi Jain,25,Finance,22598.28
2983,Kavish Khatri,59,Sales,179181.79
2984,Vaidehi Jain,22,Engineering,48730.21
2985,Kriti Patel,61,HR,143301.72
2986,Rohit Paraswar,39,Support,151810.89
2987,Akanksha Jain,40,Sales,185759.05
2988,Kriti Sharma,28,Support,88733.7
2989,Agnijeet Patel,36,HR,158857.21
2990,Rina Sharma,36,Finance,149105.26
2991,Vaidehi Patel,65,Finance,161832.71
2992,Akanksha Patel,28,HR,45825.28
2993,Rohit Desai,38,Engineering,176570.18
2994,Sanjay Jain,53,Support,174828.47
2995,Sanjay Patel,64,Support,38104.75
2996,Agnijeet Raina,65,Sales,66030.18
2997,Rohit Kamble,36,Marketing,68143.33
2998,Rina Khatri,36,Engineering,23224.55
2999,Kavish Sharma,36,Sales,187133.32
3000,Kavish Desai,34,HR,190053.8
3001,Tara Paraswar,43,Marketing,174803.35
3002,Agnijeet Desai,40,HR,135533.42
3003,Rohit Patel,60,Marketing,99286.99
3004,Kavish Raina,34,Finance,150749.58
3005,Vaidehi Khatri,39,HR,108826.36
3006,Akanksha Jain,55,Finance,122427.51
3007,Kavish Kamble,31,Engineering,65406.11
3008,Rohit Paraswar,31,Sales,165713.33
3009,Agnijeet Paraswar,65,Marketing,68165.4
3010,Agnijeet Kamble,33,Sales,178073.31
3011,Tara Desai,53,Support,77552.94
3012,Tara Desai,32,Marketing,119429.85
3013,Sanjay Jain,37,Finance,131099.99
3014,Amit Paraswar,47,HR,152060.22
3015,Tara Paraswar,26,Support,99419.89
3016,Kriti Jain,27,Support,57895.23
3017,Amit Khatri,18,Marketing,66015.95
3018,Rohit Paraswar,51,Engineering,93836.25
3019,Agnijeet Jain,54,HR,128723.92
3020,Kriti Raina,54,Sales,40106.01
3021,Kriti Sharma,24,Finance,97417.35
3022,Rina Jain,29,Support,149919.27
3023,Kavish Khatri,53,Finance,78782.41
3024,Kavish Kamble,52,Finance,79315.5
3025,Akanksha Patel,65,Engineering,81055.45
3026,Tara Jain,19,Sales,124641.74
3027,Vaidehi Kamble,36,Finance,103181.61
3028,Vaidehi Sharma,55,Finance,83599.28
3029,Vaidehi Sharma,28,Support,112509.32
3030,Akanksha Jain,19,HR,29618.19
3031,Agnijeet Patel,52,Support,69267.92
3032,Agnijeet Khatri,23,Sales,149304.3
3033,Vaidehi Raina,59,Marketing,137531.81
3034,Kriti Khatri,29,Engineering,140711.3
3035,Sanjay Raina,63,Engineering,106992.64
3036,Tara Jain,27,Sales,116896.75
3037,Tara Desai,37,Sales,184295.45
3038,Akanksha Jain,33,HR,184843.65
3039,Vaidehi Kamble,55,Engineering,194391.82
3040,Tara Sharma,21,Sales,115769.77
3041,Rohit Raina,57,HR,99577.71
3042,Kavish Sharma,61,Marketing,68622.13
3043,Vaidehi Patel,41,Finance,160036.64
3044,Rina Patel,49,HR,61313.0
3045,Tara Patel,55,Marketing,126396.92
3046,Vaidehi Jain,20,Sales,41147.53
3047,Akanksha Patel,57,Support,74462.43
3048,Rina Desai,34,Marketing,71459.36
3049,Amit Sharma,63,Marketing,184743.32
3050,Rina Patel,43,Engineering,23540.28
3051,Sanjay Patel,21,HR,181592.37
3052,Akanksha Khatri,24,Engineering,107977.22
3053,Sanjay Kamble,58,Sales,70982.84
3054,Tara Patel,54,HR,130450.11
3055,Sanjay Kamble,19,Engineering,73163.79
3056,Sanjay Patel,65,Marketing,103398.12
3057,Akanksha Paraswar,43,Finance,77512.8
3058,Tara Khatri,44,HR,113392.48
3059,Sanjay Paraswar,43,Support,36356.91
3060,Vaidehi Khatri,39,Marketing,123671.15
3061,Kriti Kamble,18,Engineering,160475.59
3062,Tara Sharma,18,Sales,142924.06
3063,Akanksha Khatri,37,Support,178202.88
3064,Sanjay Jain,43,Finance,79992.73
3065,Tara Khatri,49,Support,51847.63
3066,Vaidehi Patel,58,Sales,86022.41
3067,Amit Patel,23,Marketing,193990.36
3068,Akanksha Sharma,36,Marketing,113125.7
3069,Rohit Khatri,41,HR,131607.81
3070,Vaidehi Patel,22,Finance,70586.4
3071,Akanksha Kamble,58,Sales,77455.97
3072,Amit Khatri,30,HR,101089.81
3073,Tara Patel,59,Marketing,148571.6
3074,Rohit Jain,54,Support,179462.3
3075,Kavish Paraswar,38,Marketing,37799.51
3076,Vaidehi Khatri,50,Support,31964.07
3077,Agnijeet Desai,31,Finance,197442.38
3078,Vaidehi Sharma,48,Sales,187515.08
3079,Amit Kamble,24,Engineering,81753.81
3080,Amit Patel,25,Support,48701.98
3081,Rina Khatri,31,Sales,34272.42
3082,Vaidehi Sharma,32,Support,137527.59
3083,Tara Patel,26,Support,87126.93
3084,Tara Sharma,32,Finance,82530.49
3085,Akanksha Kamble,48,HR,198539.05
3086,Tara Paraswar,26,HR,152683.01
3087,Vaidehi Patel,26,Support,167024.56
3088,Rina Khatri,25,Marketing,197603.95
3089,Agnijeet Khatri,36,Support,64386.85
3090,Agnijeet Paraswar,21,Support,83918.99
3091,Akanksha Kamble,41,Support,77028.56
3092,Rina Raina,51,Sales,196931.17
3093,Vaidehi Paraswar,42,Sales,31693.25
3094,Sanjay Khatri,56,Sales,88441.44
3095,Rohit Sharma,55,Finance,80417.64
3096,Rina Patel,44,Sales,171972.03
3097,Kavish Patel,55,HR,33346.26
3098,Kriti Kamble,42,Sales,191711.8
3099,Tara Patel,23,Finance,99527.48
3100,Rina Paraswar,61,Support,113725.64
3101,Tara Sharma,29,Sales,33749.34
3102,Kriti Kamble,43,Sales,141832.46
3103,Agnijeet Raina,29,HR,56548.57
3104,Akanksha Paraswar,50,Support,149768.72
3105,Rina Khatri,44,HR,26942.82
3106,Rina Paraswar,59,Sales,196918.71
3107,Rina Jain,36,Support,199851.84
3108,Sanjay Raina,20,Marketing,166328.12
3109,Rina Sharma,41,Support,24974.4
3110,Vaidehi Sharma,47,HR,183430.23
3111,Kriti Patel,36,Engineering,47993.81
3112,Agnijeet Khatri,46,Support,97086.59
3113,Kavish Patel,27,Engineering,107404.4
3114,Sanjay Sharma,33,Sales,27109.02
3115,Rina Kamble,28,Engineering,100993.54
3116,Sanjay Sharma,48,Sales,100202.39
3117,Agnijeet Patel,30,Support,182750.05
3118,Sanjay Raina,24,Finance,174074.79
3119,Sanjay Paraswar,29,Support,101981.08
3120,Vaidehi Raina,65,HR,75656.97
3121,Sanjay Patel,22,Sales,34181.05
3122,Rohit Kamble,31,HR,105864.22
3123,Agnijeet Jain,40,Finance,199964.2
3124,Rina Khatri,51,Engineering,143925.63
3125,Rohit Kamble,27,Engineering,185945.82
3126,Sanjay Khatri,48,HR,117013.02
3127,Sanjay Khatri,59,Finance,43630.06
3128,Amit Kamble,26,Finance,131314.44
3129,Amit Patel,57,Marketing,72359.75
3130,Akanksha Paraswar,23,HR,196480.06
3131,Kriti Raina,28,Finance,76294.88
3132,Kavish Desai,54,Sales,118296.78
3133,Agnijeet Raina,25,Engineering,159567.43
3134,Kriti Kamble,61,Marketing,128754.18
3135,Vaidehi Khatri,49,HR,152566.89
3136,Tara Sharma,22,Sales,139518.37
3137,Amit Raina,52,HR,185324.8
3138,Tara Kamble,51,Engineering,160654.98
3139,Sanjay Paraswar,43,Support,155997.99
3140,Rohit Sharma,56,Engineering,119261.06
3141,Sanjay Khatri,18,Sales,59276.38
3142,Agnijeet Jain,65,Support,68587.54
3143,Agnijeet Patel,19,Finance,56195.86
3144,Tara Patel,64,Marketing,134009.09
3145,Akanksha Raina,39,Finance,97655.62
3146,Tara Khatri,57,Support,138639.36
3147,Tara Raina,44,Finance,121266.21
3148,Akanksha Desai,39,HR,101850.14
3149,Rina Paraswar,38,Support,27923.97
3150,Rohit Khatri,42,Marketing,87570.41
3151,Vaidehi Patel,29,Engineering,72150.89
3152,Kriti Sharma,28,Support,119331.17
3153,Vaidehi Desai,50,HR,51806.72
3154,Rohit Patel,41,Support,131407.39
3155,Amit Jain,27,Support,82821.72
3156,Rohit Raina,38,Marketing,167790.28
3157,Rohit Khatri,37,Engineering,100712.76
3158,Kavish Sharma,45,Finance,22030.91
3159,Tara Desai,28,Sales,82898.43
3160,Agnijeet Patel,23,HR,58532.66
3161,Rohit Raina,30,Support,193855.34
3162,Tara Raina,28,Engineering,149825.69
3163,Akanksha Raina,27,Sales,152285.85
3164,Tara Jain,26,Engineering,30198.38
3165,Amit Raina,40,Engineering,81128.51
3166,Agnijeet Raina,28,Support,141748.11
3167,Tara Jain,23,Engineering,90735.73
3168,Tara Patel,26,Support,99667.99
3169,Akanksha Sharma,34,Support,97063.03
3170,Tara Khatri,64,Marketing,65929.19
3171,Kriti Khatri,38,Finance,151943.66
3172,Agnijeet Paraswar,18,Finance,197014.64
3173,Kavish Kamble,43,HR,58317.6
3174,Agnijeet Khatri,58,HR,107068.64
3175,Kriti Raina,49,Finance,162124.74
3176,Vaidehi Jain,45,Engineering,144406.49
3177,Agnijeet Patel,54,Engineering,71946.7
3178,Rina Raina,64,HR,60327.24
3179,Sanjay Khatri,32,HR,64450.82
3180,Akanksha Desai,62,Finance,140812.82
3181,Kavish Jain,65,HR,95851.18
3182,Amit Raina,34,Support,79529.57
3183,Kriti Desai,32,Marketing,38387.67
3184,Tara Khatri,35,Finance,196363.18
3185,Kriti Jain,57,Sales,47535.61
3186,Sanjay Khatri,65,Sales,158104.02
3187,Rohit Raina,65,Finance,114511.16
3188,Vaidehi Sharma,53,Support,62502.77
3189,Sanjay Patel,47,Marketing,100547.36
3190,Vaidehi Sharma,59,HR,199878.49
3191,Kavish Kamble,57,Sales,25266.64
3192,Akanksha Khatri,20,HR,27139.47
3193,Rohit Raina,27,Finance,154118.94
3194,Tara Khatri,24,HR,49051.0
3195,Sanjay Desai,52,Marketing,52472.56
3196,Amit Jain,35,Support,139277.03
3197,Sanjay Paraswar,27,Sales,136840.25
3198,Amit Paraswar,29,HR,84958.19
3199,Kavish Khatri,58,Finance,113269.82
3200,Rina Patel,19,Marketing,134522.94
3201,Tara Paraswar,30,Engineering,32753.52
3202,Kavish Kamble,26,HR,76035.88
3203,Rohit Jain,44,Marketing,142346.57
3204,Agnijeet Patel,42,Engineering,174366.16
3205,Tara Jain,36,Marketing,190246.62
3206,Rohit Sharma,23,Finance,64583.48
3207,Sanjay Sharma,38,HR,131540.49
3208,Akanksha Paraswar,57,HR,37455.44
3209,Rina Khatri,26,Sales,101362.65
3210,Kavish Patel,42,Finance,90707.31
3211,Vaidehi Desai,33,Finance,86446.64
3212,Vaidehi Raina,24,HR,65624.77
3213,Vaidehi Jain,44,HR,57853.95
3214,Kavish Jain,65,Marketing,105305.13
3215,Tara Patel,53,Marketing,162808.81
3216,Rina Sharma,21,Engineering,86027.24
3217,Akanksha Desai,19,Engineering,97084.16
3218,Rohit Jain,58,Marketing,174727.11
3219,Tara Khatri,41,Sales,85594.5
3220,Kriti Khatri,59,Marketing,137515.96
3221,Amit Patel,48,Sales,181179.33
3222,Rohit Khatri,35,Sales,121668.25
3223,Kavish Sharma,36,HR,82354.82
3224,Amit Kamble,46,Finance,43897.32
3225,Tara Khatri,19,Finance,46705.77
3226,Kriti Jain,39,Sales,60961.77
3227,Sanjay Jain,37,HR,168499.18
3228,Rina Patel,25,Sales,91387.14
3229,Kriti Paraswar,42,HR,123843.44
3230,Sanjay Patel,52,Finance,167672.05
3231,Tara Desai,29,Support,192998.48
3232,Kavish Khatri,19,Sales,182163.43
3233,Rina Patel,26,Support,122576.94
3234,Rina Jain,23,HR,88323.08
3235,Rohit Khatri,62,HR,104961.29
3236,Rohit Jain,27,HR,168615.07
3237,Amit Sharma,19,Support,182603.58
3238,Akanksha Khatri,33,Engineering,86575.6
3239,Akanksha Patel,19,Marketing,155790.95
3240,Rina Kamble,28,Marketing,82502.74
3241,Kriti Kamble,42,HR,171181.76
3242,Rina Sharma,50,Finance,153420.05
3243,Amit Kamble,62,Finance,73669.74
3244,Kavish Khatri,39,Support,146297.0
3245,Agnijeet Jain,20,HR,147227.66
3246,Kavish Jain,48,Finance,152311.42
3247,Amit Sharma,29,HR,24922.19
3248,Agnijeet Jain,36,Marketing,157385.94
3249,Akanksha Patel,55,Sales,139481.44
3250,Amit Sharma,57,Sales,103969.09
3251,Tara Desai,56,Finance,135487.29
3252,Rohit Raina,58,HR,70864.61
3253,Amit Kamble,21,Finance,153018.24
3254,Agnijeet Desai,31,HR,72028.85
3255,Rina Patel,43,Support,142368.27
3256,Akanksha Desai,63,Support,52311.75
3257,Akanksha Paraswar,25,HR,149297.49
3258,Tara Sharma,46,Engineering,67308.63
3259,Tara Jain,35,Finance,186569.34
3260,Sanjay Raina,52,Engineering,119141.47
3261,Akanksha Sharma,31,Finance,182437.91
3262,Agnijeet Patel,30,Marketing,154933.44
3263,Vaidehi Sharma,47,Marketing,108993.53
3264,Kavish Kamble,49,HR,146193.75
3265,Rina Patel,53,Support,156067.82
3266,Vaidehi Paraswar,43,Finance,80042.08
3267,Kriti Khatri,19,Sales,147727.58
3268,Agnijeet Sharma,49,Support,123631.14
3269,Sanjay Raina,31,Sales,110232.25
3270,Vaidehi Patel,34,Engineering,163846.95
3271,Rohit Kamble,40,Marketing,98736.21
3272,Agnijeet Paraswar,54,Support,179336.24
3273,Vaidehi Jain,35,Support,114602.19
3274,Sanjay Khatri,22,Finance,180971.68
3275,Kavish Raina,54,HR,122567.48
3276,Rina Jain,43,Marketing,182582.44
3277,Amit Jain,59,Support,163525.74
3278,Agnijeet Sharma,64,Finance,155652.77
3279,Rohit Desai,21,Support,165743.38
3280,Kavish Kamble,28,Sales,128140.99
3281,Vaidehi Sharma,55,HR,122066.72
3282,Kavish Raina,49,Sales,53344.93
3283,Akanksha Kamble,63,HR,146860.55
3284,Sanjay Desai,34,HR,86348.9
3285,Vaidehi Patel,32,Marketing,32318.42
3286,Tara Patel,34,Engineering,80148.72
3287,Rina Paraswar,62,Marketing,136461.5
3288,Agnijeet Khatri,65,Support,112461.97
3289,Akanksha Kamble,60,Marketing,152926.76
3290,Kriti Patel,50,HR,183409.89
3291,Rohit Paraswar,40,Support,105275.71
3292,Tara Raina,49,Marketing,31181.74
3293,Tara Paraswar,65,Support,20582.77
3294,Akanksha Desai,19,HR,162330.75
3295,Akanksha Sharma,24,Engineering,131417.49
3296,Akanksha Raina,50,Support,172804.61
3297,Rohit Khatri,43,Sales,67117.6
3298,Tara Kamble,44,Marketing,28244.83
3299,Rohit Patel,25,HR,33028.06
3300,Agnijeet Desai,52,Marketing,59547.08
3301,Vaidehi Sharma,49,HR,57700.13
3302,Rina Raina,59,Marketing,87810.63
3303,Akanksha Desai,52,Support,23358.93
3304,Vaidehi Patel,64,Support,93923.5
3305,Rina Paraswar,40,Sales,77320.51
3306,Rina Jain,51,Marketing,91783.81
3307,Amit Raina,18,HR,141375.31
3308,Akanksha Raina,60,HR,23163.25
3309,Kriti Raina,27,HR,95809.74
3310,Kavish Khatri,32,HR,51096.0
3311,Akanksha Desai,25,Finance,50419.19
3312,Tara Patel,27,Marketing,125428.95
3313,Rina Raina,49,Marketing,75803.1
3314,Rohit Sharma,38,Marketing,29609.31
3315,Akanksha Patel,40,Support,151874.56
3316,Amit Desai,63,Sales,105701.16
3317,Rina Raina,63,Engineering,83187.46
3318,Kavish Kamble,40,Sales,182440.07
3319,Sanjay Desai,52,HR,99174.5
3320,Sanjay Kamble,40,Sales,98577.97
3321,Tara Paraswar,60,Marketing,21928.5
3322,Kriti Jain,31,Sales,165482.19
3323,Rohit Khatri,48,Finance,185452.17
3324,Tara Patel,62,HR,70439.52
3325,Rina Kamble,51,Sales,148450.52
3326,Agnijeet Desai,48,Support,137383.89
3327,Kavish Khatri,62,Support,193843.15
3328,Vaidehi Patel,28,HR,160085.73
3329,Tara Paraswar,26,Engineering,104089.25
3330,Akanksha Patel,65,Sales,151089.49
3331,Akanksha Desai,62,Marketing,37025.96
3332,Amit Raina,35,Marketing,150583.21
3333,Tara Jain,39,Engineering,124658.82
3334,Akanksha Khatri,38,Marketing,62514.44
3335,Rohit Jain,24,Support,194366.83
3336,Rohit Kamble,51,Engineering,74879.93
3337,Amit Raina,43,Marketing,69716.21
3338,Vaidehi Paraswar,31,Sales,79922.78
3339,Rohit Kamble,45,Marketing,57102.77
3340,Kriti Desai,65,Engineering,44404.78
3341,Kriti Jain,30,HR,173068.98
3342,Tara Patel,37,Engineering,73374.99
3343,Sanjay Desai,34,Marketing,96272.5
3344,Rina Kamble,57,Engineering,73385.53
3345,Rohit Paraswar,50,Marketing,140880.77
3346,Kavish Raina,36,Engineering,137137.37
3347,Akanksha Raina,32,Sales,100999.48
3348,Kavish Jain,40,Finance,193884.64
3349,Akanksha Sharma,57,Marketing,168284.25
3350,Kavish Raina,23,Support,148755.21
3351,Tara Khatri,44,HR,55654.89
3352,Amit Desai,57,Sales,146578.99
3353,Rina Patel,61,HR,162036.42
3354,Rina Khatri,37,Engineering,188547.18
3355,Rina Sharma,49,Support,69543.11
3356,Kavish Sharma,28,Engineering,199698.63
3357,Rohit Kamble,45,Sales,154042.81
3358,Kavish Paraswar,63,Marketing,157408.12
3359,Tara Sharma,40,Support,130228.05
3360,Amit Kamble,20,Support,139047.96
3361,Tara Patel,52,HR,45291.84
3362,Tara Jain,58,Engineering,25069.61
3363,Rina Sharma,20,Finance,34599.92
3364,Rohit Kamble,42,Support,30437.42
3365,Tara Paraswar,38,Marketing,115676.39
3366,Vaidehi Raina,25,Engineering,21659.59
3367,Kavish Paraswar,33,Support,185877.2
3368,Amit Khatri,56,Support,101532.78
3369,Amit Patel,32,Marketing,49963.77
3370,Kriti Khatri,33,Marketing,172705.8
3371,Amit Raina,61,Finance,104345.05
3372,Sanjay Khatri,58,Support,74205.01
3373,Sanjay Raina,38,Support,43175.53
3374,Amit Sharma,34,Engineering,87467.99
3375,Amit Desai,35,Finance,158245.22
3376,Vaidehi Jain,57,Support,51490.44
3377,Vaidehi Kamble,21,Engineering,67899.54
3378,Kavish Patel,63,Sales,30322.85
3379,Kavish Jain,37,HR,134549.61
3380,Sanjay Patel,53,HR,84435.18
3381,Rohit Khatri,48,Marketing,45685.17
3382,Amit Raina,46,Sales,143922.1
3383,Kavish Sharma,18,Support,83044.72
3384,Agnijeet Raina,48,Finance,22862.53
3385,Rohit Desai,25,Marketing,71281.18
3386,Agnijeet Raina,52,Engineering,26831.67
3387,Vaidehi Kamble,32,Sales,60524.73
3388,Kriti Paraswar,46,Support,65708.16
3389,Amit Jain,54,Support,31941.23
3390,Kavish Khatri,65,Marketing,133185.96
3391,Rohit Raina,22,Engineering,161370.9
3392,Agnijeet Desai,46,Sales,38998.72
3393,Agnijeet Desai,33,Engineering,163418.73
3394,Kriti Sharma,38,Finance,71323.1
3395,Kriti Raina,45,Engineering,41733.84
3396,Rina Kamble,33,Finance,63626.25
3397,Rohit Kamble,29,HR,175354.41
3398,Rina Paraswar,62,Sales,71637.84
3399,Kriti Desai,55,Finance,187547.11
3400,Kavish Paraswar,65,Marketing,184733.08
3401,Rina Patel,23,Marketing,191363.0
3402,Vaidehi Desai,42,HR,146186.88
3403,Rohit Desai,49,HR,155375.41
3404,Agnijeet Desai,38,HR,94474.58
3405,Sanjay Khatri,42,Support,155384.11
3406,Vaidehi Sharma,60,Sales,181912.28
3407,Agnijeet Kamble,30,HR,44652.97
3408,Kriti Kamble,27,Finance,169711.6
3409,Amit Paraswar,63,Sales,116927.94
3410,Agnijeet Desai,47,Marketing,84691.45
3411,Agnijeet Patel,39,Sales,163983.34
3412,Amit Desai,31,Finance,164128.8
3413,Kavish Jain,55,Sales,183287.44
3414,Kriti Sharma,47,Sales,179149.68
3415,Tara Paraswar,34,HR,52634.38
3416,Akanksha Sharma,28,Sales,38685.35
3417,Sanjay Khatri,55,HR,185700.58
3418,Sanjay Paraswar,45,Finance,132891.88
3419,Amit Khatri,49,Support,72588.66
3420,Rohit Khatri,26,Support,185111.67
3421,Akanksha Patel,31,Marketing,124105.83
3422,Rohit Paraswar,41,Engineering,32315.12
3423,Kriti Kamble,40,Sales,95782.42
3424,Tara Jain,32,Engineering,113357.1
3425,Akanksha Khatri,47,Engineering,92356.52
3426,Akanksha Desai,64,Sales,57233.41
3427,Tara Patel,51,Sales,198522.41
3428,Tara Desai,33,Marketing,117943.86
3429,Rohit Kamble,46,Support,128274.24
3430,Amit Jain,38,Marketing,192494.3
3431,Akanksha Jain,43,Support,139486.85
3432,Vaidehi Khatri,20,HR,37518.29
3433,Kavish Jain,30,Sales,73241.92
3434,Tara Khatri,26,Sales,184927.41
3435,Amit Patel,61,Engineering,54885.46
3436,Tara Kamble,33,Engineering,31672.58
3437,Kavish Jain,34,Finance,116874.88
3438,Akanksha Sharma,63,Finance,183319.38
3439,Agnijeet Khatri,20,Finance,62231.14
3440,Rina Kamble,25,HR,105705.13
3441,Rina Kamble,20,Finance,130337.31
3442,Kavish Sharma,60,HR,33615.29
3443,Agnijeet Raina,19,HR,98627.06
3444,Kriti Desai,33,Support,147613.82
3445,Akanksha Jain,19,Finance,149734.77
3446,Akanksha Khatri,35,Marketing,151736.05
3447,Sanjay Khatri,26,Engineering,53898.1
3448,Agnijeet Sharma,34,Sales,135027.45
3449,Tara Raina,20,Support,194477.53
3450,Tara Desai,44,Engineering,129535.44
3451,Vaidehi Kamble,56,Engineering,81838.55
3452,Tara Desai,31,Sales,158803.97
3453,Kriti Kamble,27,Marketing,151126.72
3454,Rohit Sharma,35,HR,135817.83
3455,Tara Kamble,23,HR,197865.25
3456,Rina Jain,22,HR,144077.42
3457,Agnijeet Khatri,37,Finance,78376.64
3458,Kriti Patel,63,Sales,26375.24
3459,Sanjay Kamble,61,Support,193916.84
3460,Agnijeet Paraswar,54,Marketing,92489.45
3461,Sanjay Jain,26,Finance,163094.52
3462,Amit Desai,32,HR,22161.09
3463,Kavish Raina,33,Engineering,120062.87
3464,Rohit Raina,34,Support,110885.88
3465,Akanksha Raina,36,Support,130314.13
3466,Rina Khatri,35,Finance,106101.72
3467,Kriti Sharma,63,Finance,185019.66
3468,Tara Raina,33,Engineering,99011.05
3469,Vaidehi Kamble,44,Sales,68972.32
3470,Rina Patel,65,HR,56999.67
3471,Kriti Jain,24,Sales,90713.87
3472,Tara Patel,40,Finance,148778.93
3473,Sanjay Kamble,19,Engineering,99083.16
3474,Amit Jain,48,Marketing,31176.94
3475,Agnijeet Desai,45,Marketing,55081.8
3476,Tara Desai,19,Sales,166142.87
3477,Rohit Raina,37,Marketing,122520.0
3478,Rohit Khatri,56,Engineering,95281.24
3479,Agnijeet Patel,33,Sales,162656.74
3480,Kavish Raina,42,Engineering,37528.72
3481,Kavish Khatri,59,Engineering,169960.7
3482,Agnijeet Kamble,39,Engineering,150137.55
3483,Sanjay Sharma,25,Engineering,122195.38
3484,Agnijeet Kamble,53,HR,141123.33
3485,Akanksha Jain,19,Finance,185698.25
3486,Amit Kamble,19,Engineering,116264.6
3487,Sanjay Patel,59,Sales,69820.93
3488,Tara Desai,36,HR,182333.77
3489,Vaidehi Sharma,25,Support,81233.95
3490,Amit Jain,52,Engineering,20641.29
3491,Kriti Desai,43,Finance,32805.5
3492,Vaidehi Paraswar,55,HR,123235.9
3493,Tara Khatri,63,Sales,121950.03
3494,Amit Raina,49,Sales,93475.68
3495,Kavish Sharma,29,Marketing,81706.07
3496,Agnijeet Paraswar,27,HR,127218.97
3497,Rina Paraswar,59,Sales,26448.64
3498,Rina Patel,18,HR,25956.97
3499,Rina Kamble,43,Engineering,146422.07
3500,Kriti Kamble,55,HR,134257.47
3501,Rohit Desai,56,Finance,40843.37
3502,Sanjay Jain,29,Finance,56759.1
3503,Vaidehi Patel,46,Finance,31891.31
3504,Kriti Jain,53,HR,64087.33
3505,Kriti Patel,42,Support,59065.75
3506,Rina Khatri,43,Sales,81425.61
3507,Kriti Jain,25,Engineering,84987.97
3508,Rohit Kamble,29,Sales,155608.18
3509,Vaidehi Raina,60,HR,157451.37
3510,Sanjay Desai,40,Finance,198187.74
3511,Rohit Paraswar,43,Support,127263.53
3512,Amit Sharma,41,Marketing,123347.74
3513,Akanksha Kamble,36,HR,153876.58
3514,Rina Khatri,49,Support,123560.12
3515,Kriti Paraswar,18,Finance,135930.93
3516,Kavish Paraswar,18,Engineering,118126.56
3517,Kriti Khatri,43,Marketing,191730.08
3518,Tara Raina,25,HR,128948.49
3519,Sanjay Desai,36,Engineering,145832.53
3520,Tara Kamble,57,Support,123051.21
3521,Amit Patel,58,Finance,110506.68
3522,Kriti Khatri,59,HR,62674.24
3523,Rohit Sharma,46,Marketing,87843.95
3524,Kavish Jain,63,Engineering,136502.32
3525,Agnijeet Paraswar,46,Engineering,196865.98
3526,Rina Kamble,52,Sales,157280.3
3527,Vaidehi Paraswar,59,Finance,114663.08
3528,Sanjay Patel,22,Sales,135783.2
3529,Amit Patel,60,Sales,129111.42
3530,Rina Raina,63,Finance,184625.92
3531,Vaidehi Kamble,18,HR,82531.18
3532,Agnijeet Desai,60,Sales,97537.39
3533,Sanjay Sharma,59,Finance,109303.94
3534,Kriti Jain,24,HR,108375.7
3535,Rina Kamble,48,Sales,176801.02
3536,Rohit Kamble,58,Support,81309.89
3537,Tara Khatri,50,HR,193124.38
3538,Kriti Sharma,63,Engineering,126086.19
3539,Agnijeet Patel,19,Finance,120901.11
3540,Sanjay Khatri,21,Engineering,22141.2
3541,Rina Desai,38,Marketing,149734.73
3542,Agnijeet Patel,23,Finance,116914.37
3543,Vaidehi Jain,46,Sales,155671.56
3544,Rina Kamble,34,Marketing,197644.82
3545,Tara Paraswar,57,HR,106086.24
3546,Akanksha Desai,55,Finance,97259.03
3547,Rohit Raina,56,HR,47258.08
3548,Rina Raina,49,Finance,186832.71
3549,Rohit Khatri,23,Marketing,86573.34
3550,Amit Kamble,63,HR,180406.03
3551,Vaidehi Khatri,37,Marketing,80931.36
3552,Tara Sharma,64,Finance,165915.46
3553,Rina Desai,28,Support,51165.81
3554,Amit Khatri,31,Sales,144599.49
3555,Rina Kamble,27,HR,104841.6
3556,Kriti Raina,58,Support,197659.02
3557,Amit Kamble,28,Support,137143.24
3558,Akanksha Jain,53,HR,79194.58
3559,Tara Jain,44,Sales,66544.72
3560,Vaidehi Raina,54,HR,94716.85
3561,Sanjay Patel,57,Marketing,90698.84
3562,Amit Jain,58,HR,138680.07
3563,Sanjay Paraswar,53,Support,137014.07
3564,Amit Patel,49,HR,139333.84
3565,Amit Kamble,40,Finance,188565.72
3566,Rina Jain,30,Sales,194294.27
3567,Amit Khatri,20,Support,173555.32
3568,Kavish Jain,55,Support,141079.86
3569,Amit Desai,31,Support,88711.94
3570,Akanksha Patel,38,Support,46133.46
3571,Kriti Sharma,51,Sales,100908.63
3572,Vaidehi Raina,34,Engineering,126062.3
3573,Akanksha Kamble,49,Marketing,186824.89
3574,Vaidehi Sharma,51,Marketing,178500.85
3575,Kriti Khatri,48,Engineering,98136.98
3576,Rina Jain,60,Support,86900.9
3577,Amit Khatri,57,Support,196245.13
3578,Vaidehi Patel,63,Sales,33799.04
3579,Tara Patel,47,Engineering,166900.82
3580,Sanjay Kamble,39,Support,104979.56
3581,Sanjay Desai,53,Support,150469.87
3582,Vaidehi Paraswar,44,Sales,115765.12
3583,Kriti Patel,24,Support,69188.46
3584,Amit Khatri,62,Engineering,195932.71
3585,Rohit Desai,62,HR,105346.76
3586,Vaidehi Kamble,25,Finance,90826.13
3587,Vaidehi Patel,20,Finance,125555.28
3588,Rina Patel,32,Sales,82088.23
3589,Amit Patel,30,HR,121209.51
3590,Sanjay Sharma,29,HR,152966.89
3591,Akanksha Jain,41,Engineering,75877.01
3592,Tara Paraswar,52,HR,76168.3
3593,Kavish Patel,65,Marketing,96281.2
3594,Agnijeet Patel,38,Engineering,128359.87
3595,Kavish Patel,26,Sales,33968.32
3596,Kavish Jain,24,Marketing,81276.08
3597,Rina Patel,26,Support,24694.03
3598,Vaidehi Sharma,62,Sales,82048.24
3599,Rina Jain,29,Sales,99865.52
3600,Agnijeet Khatri,40,Finance,131200.99
3601,Amit Desai,46,Engineering,99732.03
3602,Sanjay Sharma,58,Finance,53853.37
3603,Rina Khatri,62,Finance,108565.97
3604,Kavish Jain,43,Support,117633.46
3605,Rina Desai,40,HR,92527.42
3606,Rina Raina,49,HR,164438.01
3607,Kriti Desai,47,Finance,89723.38
3608,Vaidehi Sharma,23,Support,160022.73
3609,Agnijeet Khatri,60,HR,109649.3
3610,Rina Desai,26,Support,197221.43
3611,Rina Paraswar,64,Finance,161584.91
3612,Rohit Raina,24,Finance,135539.63
3613,Akanksha Khatri,65,Support,70354.58
3614,Rohit Patel,36,Finance,84097.23
3615,Rohit Kamble,21,Support,78948.14
3616,Rohit Khatri,59,Sales,105113.67
3617,Vaidehi Khatri,62,Finance,96037.29
3618,Amit Raina,22,Support,165766.3
3619,Amit Desai,50,Engineering,108916.55
3620,Agnijeet Patel,21,Marketing,44334.75
3621,Agnijeet Kamble,19,Engineering,41029.47
3622,Rina Sharma,56,Finance,188414.2
3623,Rina Jain,34,Sales,94461.94
3624,Kriti Jain,53,Marketing,180812.05
3625,Kavish Khatri,46,HR,180141.6
3626,Tara Sharma,48,HR,178100.34
3627,Amit Raina,59,Engineering,66736.78
3628,Agnijeet Jain,56,HR,77687.05
3629,Kavish Kamble,37,Sales,171633.39
3630,Tara Kamble,35,Engineering,96150.44
3631,Tara Khatri,41,Support,118749.36
3632,Agnijeet Sharma,34,HR,163017.24
3633,Rohit Patel,22,Marketing,194124.05
3634,Vaidehi Kamble,46,HR,36308.73
3635,Vaidehi Desai,42,Sales,188126.22
3636,Sanjay Raina,64,Finance,71380.67
3637,Kavish Sharma,37,Engineering,30982.42
3638,Rina Khatri,61,Marketing,106351.45
3639,Vaidehi Sharma,64,Support,41202.18
3640,Rina Khatri,58,Engineering,137859.07
3641,Vaidehi Paraswar,57,Support,57099.45
3642,Kavish Khatri,57,Support,116123.68
3643,Kriti Kamble,57,Engineering,192770.4
3644,Tara Kamble,38,Sales,154388.64
3645,Tara Desai,59,HR,20536.52
3646,Rohit Jain,51,Engineering,98077.44
3647,Agnijeet Sharma,38,Engineering,30312.47
3648,Vaidehi Sharma,24,Finance,86890.45
3649,Tara Khatri,50,Engineering,33710.82
3650,Tara Desai,48,Finance,167860.49
3651,Akanksha Sharma,59,Support,129590.67
3652,Akanksha Desai,58,Support,183169.6
3653,Kriti Raina,39,Marketing,63586.8
3654,Amit Raina,19,Sales,92508.4
3655,Amit Sharma,50,HR,177149.78
3656,Vaidehi Khatri,57,Sales,30322.72
3657,Rohit Sharma,21,Support,88155.64
3658,Sanjay Paraswar,20,Marketing,100354.68
3659,Agnijeet Jain,32,Sales,79282.41
3660,Akanksha Kamble,45,Support,123195.1
3661,Kriti Desai,32,Marketing,182497.03
3662,Vaidehi Jain,25,HR,20001.51
3663,Kriti Patel,45,HR,155020.47
3664,Kavish Paraswar,24,Sales,144196.53
3665,Vaidehi Kamble,62,Sales,176386.95
3666,Rohit Raina,28,HR,173778.67
3667,Kavish Raina,61,Support,189893.64
3668,Rina Paraswar,49,Support,50564.91
3669,Tara Khatri,22,Support,195265.37
3670,Agnijeet Khatri,37,Marketing,182209.27
3671,Akanksha Desai,35,Engineering,24984.01
3672,Akanksha Raina,18,Finance,154175.03
3673,Kriti Patel,53,Finance,63653.21
3674,Vaidehi Desai,52,Marketing,103101.75
3675,Tara Paraswar,31,HR,106798.46
3676,Tara Khatri,21,HR,129234.13
3677,Agnijeet Patel,29,Support,51652.52
3678,Kriti Raina,20,Marketing,107307.79
3679,Rohit Patel,64,Finance,60304.42
3680,Agnijeet Paraswar,29,Marketing,123300.23
3681,Akanksha Jain,42,Finance,97401.3
3682,Amit Paraswar,46,Engineering,70315.82
3683,Sanjay Desai,35,Finance,185222.32
3684,Akanksha Kamble,44,Support,160035.73
3685,Vaidehi Raina,39,HR,195835.3
3686,Rina Kamble,20,Marketing,112044.12
3687,Akanksha Patel,44,Marketing,159865.41
3688,Kavish Sharma,22,Finance,154455.68
3689,Tara Paraswar,65,Sales,113154.32
3690,Sanjay Patel,49,Sales,171792.78
3691,Kavish Raina,50,Marketing,124748.78
3692,Agnijeet Khatri,55,Engineering,23962.67
3693,Akanksha Khatri,46,Support,78835.51
3694,Rohit Khatri,20,HR,58898.56
3695,Kavish Desai,52,Support,180640.19
3696,Vaidehi Khatri,40,Marketing,186352.46
3697,Rohit Raina,45,Finance,26669.9
3698,Amit Khatri,28,Sales,30154.92
3699,Kavish Jain,27,Finance,82912.86
3700,Rina Patel,30,Engineering,183960.37
3701,Vaidehi Jain,38,Finance,101233.41
3702,Rohit Jain,65,Support,179462.05
3703,Rina Kamble,42,Marketing,123701.77
3704,Akanksha Kamble,44,Finance,24817.66
3705,Tara Desai,62,Marketing,46466.79
3706,Amit Khatri,63,Support,119393.09
3707,Tara Paraswar,53,Marketing,34154.58
3708,Agnijeet Desai,33,Finance,30885.44
3709,Agnijeet Desai,44,Engineering,68912.83
3710,Sanjay Desai,18,Support,91728.05
3711,Rohit Sharma,44,Support,25509.39
3712,Rina Patel,30,Sales,182748.16
3713,Sanjay Paraswar,21,Sales,124525.27
3714,Sanjay Patel,65,HR,28542.96
3715,Amit Jain,47,HR,104192.59
3716,Vaidehi Desai,60,Support,155845.04
3717,Vaidehi Raina,51,HR,84898.7
3718,Tara Patel,65,Engineering,90013.76
3719,Kavish Sharma,30,Support,53299.2
3720,Kriti Patel,29,HR,82103.76
3721,Vaidehi Desai,60,Support,100385.04
3722,Akanksha Kamble,39,Support,82792.92
3723,Kriti Desai,27,Finance,41858.75
3724,Amit Jain,27,HR,174436.65
3725,Sanjay Jain,39,Sales,85742.98
3726,Amit Paraswar,52,HR,95462.74
3727,Rina Desai,23,Sales,57349.17
3728,Vaidehi Jain,54,Finance,189588.08
3729,Kavish Sharma,39,Finance,198138.07
3730,Tara Jain,52,Support,51415.72
3731,Amit Paraswar,59,Engineering,155786.6
3732,Sanjay Kamble,32,Support,43085.9
3733,Rohit Patel,27,Finance,166331.97
3734,Akanksha Patel,58,Support,56225.19
3735,Tara Kamble,27,Finance,178213.72
3736,Kriti Patel,64,Finance,48602.91
3737,Rina Jain,54,Finance,57063.2
3738,Kavish Jain,21,Support,152577.92
3739,Akanksha Sharma,42,Engineering,136145.26
3740,Rohit Desai,64,Support,62579.92
3741,Vaidehi Desai,56,Marketing,132358.7
3742,Rina Patel,34,Marketing,132679.12
3743,Vaidehi Paraswar,46,Sales,110529.15
3744,Amit Raina,51,Support,52064.16
3745,Agnijeet Sharma,60,HR,25078.57
3746,Akanksha Jain,62,Engineering,24308.34
3747,Agnijeet Khatri,44,Support,37491.85
3748,Vaidehi Raina,48,Sales,74358.67
3749,Kriti Raina,23,Marketing,30847.48
3750,Amit Kamble,52,Sales,61103.81
3751,Akanksha Raina,64,Engineering,95769.49
3752,Rohit Sharma,45,Support,157621.19
3753,Agnijeet Paraswar,21,Engineering,184603.52
3754,Vaidehi Kamble,39,Marketing,166294.5
3755,Rina Desai,53,Sales,180870.83
3756,Akanksha Khatri,33,Marketing,112509.73
3757,Akanksha Patel,40,HR,23895.89
3758,Rina Sharma,44,Marketing,169245.17
3759,Amit Kamble,33,Finance,157384.29
3760,Kavish Desai,44,Engineering,123374.84
3761,Vaidehi Desai,41,Sales,172547.95
3762,Kavish Khatri,27,Support,135088.8
3763,Sanjay Patel,51,Marketing,74568.22
3764,Rohit Khatri,52,Support,51274.24
3765,Vaidehi Paraswar,34,Engineering,171946.09
3766,Agnijeet Patel,41,Sales,192265.73
3767,Tara Jain,53,Marketing,42762.79
3768,Akanksha Paraswar,37,Sales,47643.83
3769,Tara Khatri,44,Engineering,92502.06
3770,Sanjay Paraswar,33,Support,174890.95
3771,Akanksha Paraswar,22,Support,66748.14
3772,Sanjay Khatri,57,Finance,196564.38
3773,Akanksha Patel,21,Marketing,124196.03
3774,Kriti Raina,35,Sales,64399.19
3775,Kavish Desai,35,HR,74253.38
3776,Rina Jain,65,Support,162783.17
3777,Akanksha Desai,30,Finance,154136.58
3778,Rohit Sharma,42,Marketing,71362.22
3779,Kriti Sharma,54,Finance,58664.15
3780,Sanjay Sharma,41,Marketing,38695.91
3781,Sanjay Patel,48,Sales,123940.09
3782,Kriti Paraswar,60,Engineering,29105.99
3783,Kavish Khatri,47,Support,164618.12
3784,Vaidehi Patel,54,Support,178309.76
3785,Rina Raina,38,Engineering,145249.76
3786,Tara Patel,54,Engineering,70646.07
3787,Kriti Khatri,56,Engineering,69433.86
3788,Rina Raina,27,HR,151549.85
3789,Amit Patel,57,Support,152565.55
3790,Sanjay Sharma,59,HR,189775.38
3791,Sanjay Desai,24,Finance,46997.8
3792,Kriti Paraswar,24,Engineering,31410.4
3793,Rina Kamble,36,Sales,141358.04
3794,Sanjay Kamble,18,Marketing,66523.57
3795,Akanksha Patel,59,HR,181107.17
3796,Kavish Khatri,46,Support,169225.76
3797,Agnijeet Patel,53,HR,117000.82
3798,Akanksha Patel,37,Marketing,47165.69
3799,Tara Desai,64,Finance,142164.63
3800,Vaidehi Paraswar,20,Engineering,192845.41
3801,Kavish Khatri,64,Sales,191870.92
3802,Tara Raina,18,Finance,195181.48
3803,Tara Sharma,32,Sales,174683.73
3804,Rina Jain,19,Sales,174572.38
3805,Akanksha Patel,64,Support,140935.73
3806,Amit Patel,46,Engineering,67852.04
3807,Vaidehi Patel,37,Engineering,169480.64
3808,Agnijeet Raina,57,Engineering,49264.17
3809,Akanksha Kamble,61,Finance,26177.62
3810,Vaidehi Sharma,36,Marketing,112188.13
3811,Sanjay Khatri,48,Support,56108.22
3812,Amit Kamble,19,Sales,84021.62
3813,Tara Kamble,45,Finance,158632.54
3814,Vaidehi Sharma,55,HR,136971.43
3815,Agnijeet Patel,18,Support,20118.0
3816,Vaidehi Raina,25,Engineering,173823.16
3817,Kavish Paraswar,28,Finance,91513.12
3818,Vaidehi Sharma,62,Engineering,21428.5
3819,Agnijeet Paraswar,26,Engineering,128520.27
3820,Kriti Desai,48,HR,154074.42
3821,Akanksha Patel,24,HR,187546.41
3822,Rina Raina,37,HR,93795.64
3823,Rina Patel,53,Marketing,101825.57
3824,Amit Khatri,61,HR,50398.1
3825,Kavish Jain,47,Support,60197.79
3826,Akanksha Paraswar,56,Finance,79337.89
3827,Kavish Paraswar,18,Support,36357.37
3828,Kriti Desai,37,Engineering,163304.05
3829,Amit Sharma,26,Engineering,127604.05
3830,Rina Raina,55,HR,83551.14
3831,Sanjay Desai,20,Marketing,170197.01
3832,Agnijeet Kamble,27,Sales,156689.86
3833,Rohit Raina,55,Support,133318.27
3834,Tara Sharma,63,Sales,127851.24
3835,Vaidehi Kamble,55,Sales,30493.23
3836,Rohit Khatri,48,Marketing,116267.53
3837,Agnijeet Desai,49,HR,131902.3
3838,Rina Paraswar,20,HR,48051.88
3839,Akanksha Khatri,23,Support,159563.82
3840,Kriti Desai,40,Sales,159489.25
3841,Rina Jain,18,Engineering,42180.54
3842,Rina Sharma,59,HR,32831.26
3843,Sanjay Raina,18,Support,184328.18
3844,Tara Khatri,32,Finance,30741.43
3845,Rina Kamble,47,Sales,51838.89
3846,Kriti Sharma,35,Finance,188266.37
3847,Kriti Paraswar,46,Sales,101400.4
3848,Akanksha Raina,28,Finance,191995.5
3849,Rohit Sharma,51,HR,144055.43
3850,Rohit Khatri,36,Finance,190598.32
3851,Sanjay Paraswar,58,Support,75888.73
3852,Sanjay Paraswar,28,Engineering,148900.68
3853,Rina Jain,19,Support,133355.57
3854,Tara Paraswar,58,Sales,148575.07
3855,Amit Khatri,53,Support,48856.99
3856,Tara Jain,19,HR,93221.21
3857,Vaidehi Sharma,39,Finance,178148.06
3858,Rohit Paraswar,28,HR,195792.01
3859,Vaidehi Jain,60,Sales,67891.6
3860,Sanjay Jain,52,Sales,107941.75
3861,Agnijeet Khatri,49,Marketing,103087.33
3862,Agnijeet Sharma,26,Support,168809.63
3863,Agnijeet Jain,25,Marketing,53067.32
3864,Rohit Khatri,34,Sales,193948.81
3865,Tara Desai,36,Sales,95265.06
3866,Vaidehi Desai,54,Finance,185890.23
3867,Sanjay Jain,31,HR,163734.38
3868,Kriti Kamble,29,HR,116489.84
3869,Vaidehi Sharma,44,HR,145847.7
3870,Kavish Paraswar,46,Sales,123209.42
3871,Rina Patel,47,Marketing,93816.8
3872,Vaidehi Raina,19,HR,146544.66
3873,Rina Jain,24,Support,31852.91
3874,Sanjay Patel,18,HR,113129.42
3875,Vaidehi Sharma,35,Marketing,70254.96
3876,Rina Patel,46,Marketing,108567.42
3877,Rohit Kamble,43,Support,198125.41
3878,Vaidehi Paraswar,18,Finance,182318.15
3879,Sanjay Patel,61,Finance,63875.07
3880,Tara Patel,34,Sales,149037.64
3881,Rohit Paraswar,46,Finance,142886.53
3882,Rohit Khatri,52,Finance,22967.39
3883,Akanksha Sharma,37,Finance,174472.28
3884,Kriti Jain,51,Support,118292.08
3885,Kriti Jain,26,Support,148572.38
3886,Akanksha Raina,22,HR,71941.5
3887,Kriti Kamble,58,Engineering,160954.79
3888,Amit Sharma,22,Support,106215.31
3889,Tara Kamble,26,Sales,186253.69
3890,Vaidehi Raina,45,Sales,134101.58
3891,Rohit Sharma,22,Engineering,120710.75
3892,Amit Kamble,63,Finance,197921.32
3893,Akanksha Sharma,57,Finance,81716.84
3894,Tara Desai,46,Engineering,95592.25
3895,Sanjay Desai,59,Finance,53613.7
3896,Tara Patel,33,Sales,138536.16
3897,Rohit Jain,64,Marketing,45830.66
3898,Agnijeet Khatri,24,Support,103875.5
3899,Agnijeet Paraswar,37,HR,56094.41
3900,Kriti Jain,42,Marketing,54445.05
3901,Kavish Sharma,65,Support,49615.5
3902,Amit Kamble,36,HR,109626.95
3903,Agnijeet Kamble,62,Support,47512.02
3904,Sanjay Jain,35,Support,154782.57
3905,Vaidehi Raina,41,Marketing,21202.56
3906,Tara Jain,45,Marketing,183644.32
3907,Kriti Jain,53,Sales,24383.81
3908,Vaidehi Sharma,34,Sales,150472.92
3909,Amit Jain,54,Engineering,93928.33
3910,Akanksha Raina,40,Engineering,78189.27
3911,Agnijeet Paraswar,62,Finance,94168.29
3912,Rina Sharma,60,Support,118768.69
3913,Amit Paraswar,27,Sales,182061.21
3914,Rina Desai,35,Sales,132755.0
3915,Vaidehi Sharma,19,Engineering,169536.35
3916,Agnijeet Khatri,47,Finance,195700.86
3917,Tara Patel,55,Engineering,117569.24
3918,Vaidehi Jain,65,Engineering,161346.82
3919,Rohit Paraswar,58,Finance,63607.13
3920,Vaidehi Patel,27,Sales,89587.84
3921,Kavish Jain,22,Finance,90332.0
3922,Sanjay Patel,27,Marketing,40488.66
3923,Amit Desai,34,Engineering,87598.03
3924,Akanksha Raina,18,Support,158592.19
3925,Akanksha Desai,53,HR,91960.91
3926,Agnijeet Jain,51,Support,30282.82
3927,Kavish Raina,38,Marketing,56816.7
3928,Vaidehi Jain,55,Sales,43990.65
3929,Amit Raina,25,Marketing,157127.3
3930,Akanksha Khatri,42,Support,42724.15
3931,Sanjay Sharma,55,Engineering,161792.59
3932,Sanjay Sharma,48,Finance,62562.55
3933,Kriti Kamble,31,Support,195131.06
3934,Tara Kamble,23,HR,189368.02
3935,Amit Sharma,49,Support,34444.62
3936,Kavish Patel,65,Sales,131355.51
3937,Rohit Raina,57,Sales,55447.69
3938,Agnijeet Raina,58,Support,49238.24
3939,Amit Paraswar,61,Finance,145977.02
3940,Vaidehi Kamble,61,Marketing,197948.69
3941,Rina Desai,26,Support,63060.51
3942,Rina Raina,56,Engineering,166318.65
3943,Rohit Jain,22,Marketing,120220.19
3944,Akanksha Patel,65,Support,137049.38
3945,Kriti Desai,52,Sales,87272.48
3946,Rohit Sharma,26,Finance,28640.86
3947,Vaidehi Jain,63,Marketing,69515.04
3948,Akanksha Sharma,60,Finance,176485.06
3949,Rina Paraswar,62,Marketing,100312.26
3950,Akanksha Patel,27,Sales,187550.54
3951,Rina Khatri,37,Support,31861.21
3952,Kavish Khatri,23,Sales,61094.08
3953,Tara Khatri,30,Engineering,165959.88
3954,Akanksha Patel,42,Marketing,81941.6
3955,Kriti Kamble,44,Marketing,152811.38
3956,Rohit Khatri,46,Marketing,119332.86
3957,Amit Desai,27,Sales,51271.22
3958,Rina Sharma,18,Engineering,62463.79
3959,Rina Khatri,54,HR,95637.47
3960,Tara Desai,50,HR,87629.87
3961,Kriti Raina,30,Finance,100131.68
3962,Sanjay Raina,27,Sales,199633.35
3963,Vaidehi Desai,51,Finance,194871.24
3964,Tara Kamble,40,Marketing,151084.64
3965,Rina Sharma,34,Engineering,158801.17
3966,Rina Kamble,42,Support,28982.01
3967,Rohit Desai,56,Sales,116241.45
3968,Rohit Sharma,41,Engineering,131137.82
3969,Agnijeet Paraswar,30,Engineering,148413.11
3970,Kavish Khatri,61,Sales,96766.02
3971,Sanjay Paraswar,46,HR,68388.36
3972,Kavish Khatri,21,Finance,169598.74
3973,Sanjay Sharma,38,Finance,153839.87
3974,Kavish Sharma,49,Engineering,32066.58
3975,Sanjay Jain,26,Support,150493.08
3976,Akanksha Sharma,34,Sales,113762.07
3977,Kriti Sharma,46,HR,43606.42
3978,Rohit Desai,63,Engineering,21418.72
3979,Akanksha Jain,35,HR,84607.52
3980,Amit Patel,52,HR,169987.3
3981,Akanksha Khatri,50,Engineering,43396.17
3982,Kriti Patel,53,Marketing,86174.14
3983,Amit Sharma,48,Engineering,135702.76
3984,Sanjay Sharma,24,Finance,49290.23
3985,Kavish Kamble,21,Sales,141311.67
3986,Kavish Kamble,46,Finance,65157.9
3987,Kavish Desai,65,Engineering,166816.3
3988,Vaidehi Kamble,33,Sales,130004.33
3989,Kriti Khatri,26,Support,24457.05
3990,Kavish Kamble,28,Sales,133947.28
3991,Rina Patel,44,Support,134769.68
3992,Agnijeet Sharma,64,HR,85527.26
3993,Amit Raina,62,Engineering,142922.63
3994,Sanjay Desai,28,Marketing,139084.94
3995,Kriti Kamble,44,Marketing,39975.91
3996,Sanjay Patel,31,Support,34360.49
3997,Agnijeet Raina,33,Engineering,28923.78
3998,Vaidehi Sharma,48,Support,60118.31
3999,Rina Patel,40,Finance,32633.07
4000,Akanksha Raina,42,Engineering,129521.51
4001,Kriti Kamble,27,Support,137879.68
4002,Kriti Patel,31,HR,23219.57
4003,Tara Kamble,45,Sales,196798.96
4004,Amit Jain,44,Sales,143584.19
4005,Rohit Sharma,21,Engineering,49859.11
4006,Kavish Khatri,43,HR,141297.21
4007,Agnijeet Khatri,27,Sales,44456.12
4008,Kriti Raina,44,HR,152798.27
4009,Rohit Raina,50,Engineering,128773.19
4010,Vaidehi Raina,56,Marketing,132660.47
4011,Akanksha Kamble,29,Finance,168061.02
4012,Rina Sharma,25,Engineering,116850.28
4013,Kavish Jain,60,Marketing,196549.3
4014,Amit Khatri,39,Support,107483.5
4015,Kavish Sharma,63,HR,58851.17
4016,Rohit Raina,60,Finance,31722.85
4017,Amit Sharma,23,Finance,27028.83
4018,Kriti Raina,45,Engineering,86381.67
4019,Rohit Kamble,19,HR,171425.9
4020,Kavish Desai,56,Finance,37533.33
4021,Tara Jain,28,Finance,103402.45
4022,Amit Kamble,33,Marketing,94976.97
4023,Vaidehi Jain,34,Marketing,67334.65
4024,Rohit Patel,57,Sales,55994.77
4025,Kavish Paraswar,62,Marketing,64755.56
4026,Tara Sharma,43,Sales,140299.75
4027,Vaidehi Raina,31,Finance,151988.58
4028,Amit Raina,39,Support,155412.96
4029,Amit Patel,18,Marketing,101050.19
4030,Sanjay Khatri,23,Support,177481.84
4031,Akanksha Khatri,40,Marketing,114653.43
4032,Akanksha Jain,49,Finance,43454.09
4033,Agnijeet Sharma,21,Finance,175940.69
4034,Amit Desai,32,Marketing,126430.81
4035,Sanjay Khatri,40,HR,136038.15
4036,Rohit Kamble,58,Marketing,181580.63
4037,Tara Sharma,41,Support,70486.63
4038,Sanjay Paraswar,30,Finance,190485.76
4039,Amit Kamble,18,Support,21612.89
4040,Kavish Desai,36,Engineering,48925.35
4041,Rina Patel,51,Finance,21336.62
4042,Agnijeet Khatri,28,Engineering,122872.21
4043,Amit Sharma,22,Engineering,33891.92
4044,Tara Desai,52,Sales,65155.8
4045,Kriti Jain,65,Engineering,30910.48
4046,Rina Paraswar,47,HR,142515.21
4047,Kavish Desai,50,Sales,159072.21
4048,Rina Sharma,58,HR,140107.22
4049,Agnijeet Kamble,64,Engineering,39965.5
4050,Kriti Jain,30,Sales,46512.1
4051,Akanksha Kamble,54,Engineering,173180.84
4052,Amit Desai,26,Engineering,125668.92
4053,Kavish Raina,42,Engineering,182463.46
4054,Amit Paraswar,61,Sales,53411.86
4055,Rohit Paraswar,40,Finance,142475.01
4056,Tara Desai,52,Support,125024.81
4057,Kavish Jain,40,Engineering,28024.21
4058,Kriti Sharma,60,HR,34078.05
4059,Sanjay Kamble,24,Finance,150297.98
4060,Tara Khatri,65,Sales,31621.51
4061,Amit Jain,43,Engineering,85103.72
4062,Amit Patel,51,Sales,197014.74
4063,Rina Desai,24,Sales,73672.63
4064,Vaidehi Jain,58,HR,45084.13
4065,Tara Kamble,33,Sales,187892.64
4066,Sanjay Jain,58,Engineering,31917.71
4067,Rina Desai,65,Finance,96997.76
4068,Rina Desai,33,Engineering,51658.85
4069,Agnijeet Paraswar,55,HR,154055.18
4070,Sanjay Patel,26,Finance,77492.43
4071,Kriti Khatri,56,Finance,97328.6
4072,Kriti Sharma,45,Marketing,189710.93
4073,Kriti Khatri,32,Marketing,169191.51
4074,Rina Paraswar,31,Support,146173.26
4075,Kriti Kamble,55,Marketing,161040.9
4076,Agnijeet Jain,44,Sales,87750.6
4077,Akanksha Kamble,25,Finance,120219.56
4078,Tara Paraswar,41,Marketing,22495.24
4079,Vaidehi Sharma,38,Engineering,89951.93
4080,Kavish Paraswar,32,Marketing,81384.37
4081,Akanksha Sharma,29,Marketing,36874.03
4082,Rina Patel,58,HR,182220.71
4083,Kavish Jain,21,Sales,93274.8
4084,Amit Kamble,18,HR,146409.0
4085,Amit Jain,55,Finance,137358.29
4086,Kriti Patel,55,Support,91319.91
4087,Kriti Paraswar,54,Engineering,120670.72
4088,Amit Sharma,43,Support,115360.18
4089,Kavish Jain,44,Marketing,31314.02
4090,Amit Paraswar,63,Support,130667.12
4091,Vaidehi Kamble,45,Sales,76458.78
4092,Tara Raina,34,Finance,118878.73
4093,Vaidehi Sharma,34,Marketing,154897.76
4094,Rina Jain,48,Support,158743.96
4095,Kavish Desai,63,HR,168346.95
4096,Kriti Jain,24,HR,70857.52
4097,Akanksha Patel,43,Sales,112933.18
4098,Rina Kamble,55,Finance,47364.0
4099,Agnijeet Khatri,28,Finance,64068.78
4100,Rohit Paraswar,47,Marketing,63405.01
4101,Akanksha Jain,25,Sales,139222.66
4102,Kriti Raina,25,HR,181253.47
4103,Rohit Khatri,43,Support,62862.04
4104,Akanksha Desai,37,Sales,31087.73
4105,Rina Sharma,28,Sales,160535.11
4106,Rina Khatri,65,Finance,111258.01
4107,Kavish Paraswar,38,HR,122419.89
4108,Kavish Raina,65,Marketing,108157.05
4109,Vaidehi Kamble,31,Marketing,22115.29
4110,Rohit Sharma,64,Marketing,118346.7
4111,Kavish Sharma,29,Support,160478.42
4112,Tara Raina,50,Finance,85545.61
4113,Amit Patel,59,Support,141884.98
4114,Tara Paraswar,54,Sales,23234.61
4115,Akanksha Jain,47,HR,124898.84
4116,Sanjay Kamble,32,Marketing,48549.88
4117,Sanjay Kamble,46,Engineering,56974.6
4118,Kriti Khatri,45,Finance,49173.69
4119,Rohit Raina,38,Engineering,109842.06
4120,Vaidehi Sharma,40,Finance,138830.83
4121,Tara Patel,32,HR,36967.29
4122,Kavish Jain,45,Finance,118156.41
4123,Akanksha Jain,65,Marketing,88621.82
4124,Vaidehi Sharma,20,Engineering,45527.7
4125,Akanksha Paraswar,62,HR,61323.81
4126,Sanjay Khatri,59,Sales,109411.61
4127,Kriti Raina,32,Sales,134473.55
4128,Rina Paraswar,52,Finance,159365.11
4129,Rina Sharma,49,Sales,91461.7
4130,Kavish Khatri,57,Support,148797.43
4131,Vaidehi Khatri,37,Engineering,103402.4
4132,Kriti Khatri,61,HR,20968.32
4133,Kavish Sharma,49,Marketing,109897.38
4134,Kavish Jain,58,Sales,29247.75
4135,Amit Jain,18,Support,73298.46
4136,Agnijeet Khatri,60,Marketing,58070.04
4137,Sanjay Jain,40,Sales,170590.88
4138,Kavish Patel,42,Finance,169201.23
4139,Sanjay Khatri,51,Finance,41322.8
4140,Amit Paraswar,54,Finance,157277.21
4141,Tara Paraswar,43,Sales,136051.25
4142,Rohit Raina,53,Finance,140317.41
4143,Akanksha Desai,26,HR,112237.49
4144,Vaidehi Patel,42,Marketing,154662.85
4145,Tara Jain,32,Finance,22343.37
4146,Akanksha Kamble,40,Engineering,172342.26
4147,Rina Khatri,38,Finance,135321.26
4148,Rohit Kamble,54,Finance,95936.52
4149,Rina Khatri,22,Finance,40887.54
4150,Rina Kamble,55,Support,165483.45
4151,Akanksha Paraswar,60,Support,149049.73
4152,Rina Raina,27,Finance,132678.89
4153,Kriti Sharma,65,Sales,35504.36
4154,Vaidehi Paraswar,63,Sales,75960.8
4155,Agnijeet Paraswar,20,Support,111031.05
4156,Rina Raina,19,Support,133311.81
4157,Tara Patel,58,Finance,114216.08
4158,Amit Jain,21,HR,64680.42
4159,Vaidehi Jain,23,Support,108642.79
4160,Rina Desai,43,Engineering,116133.62
4161,Kavish Sharma,54,Marketing,138558.76
4162,Amit Khatri,63,HR,131080.15
4163,Agnijeet Raina,38,Marketing,124003.4
4164,Rohit Khatri,44,Support,89975.87
4165,Tara Raina,48,Engineering,188491.27
4166,Rohit Paraswar,59,HR,91355.62
4167,Sanjay Paraswar,50,Finance,21961.75
4168,Akanksha Desai,45,Engineering,49827.27
4169,Vaidehi Kamble,50,Marketing,54307.73
4170,Amit Sharma,33,Engineering,94624.54
4171,Kriti Jain,61,Sales,94421.73
4172,Kavish Patel,26,Engineering,119494.32
4173,Tara Khatri,39,Engineering,65397.08
4174,Agnijeet Desai,30,HR,125660.32
4175,Sanjay Jain,46,Finance,32946.5
4176,Kavish Jain,26,Sales,103515.7
4177,Rohit Paraswar,63,Marketing,34463.26
4178,Sanjay Jain,51,Support,83121.98
4179,Vaidehi Khatri,45,Finance,79855.32
4180,Kavish Patel,38,Support,50346.77
4181,Amit Kamble,22,Finance,174511.11
4182,Akanksha Sharma,65,Engineering,37838.15
4183,Akanksha Jain,63,HR,20056.3
4184,Agnijeet Kamble,19,HR,64012.36
4185,Amit Desai,44,Finance,50661.4
4186,Rohit Khatri,42,Engineering,42139.6
4187,Amit Paraswar,21,Marketing,68272.77
4188,Vaidehi Kamble,42,Engineering,137288.14
4189,Kavish Paraswar,40,Finance,121568.68
4190,Kavish Khatri,21,Finance,158325.9
4191,Sanjay Khatri,41,Sales,99236.91
4192,Rina Jain,23,Engineering,170572.6
4193,Vaidehi Patel,58,Marketing,179895.84
4194,Sanjay Sharma,60,Engineering,93340.95
4195,Akanksha Desai,23,Sales,60591.89
4196,Kriti Raina,65,Support,47776.48
4197,Kavish Raina,20,Marketing,140792.9
4198,Vaidehi Sharma,38,HR,190108.77
4199,Vaidehi Khatri,29,HR,52219.24
4200,Tara Jain,34,Marketing,81847.53
4201,Tara Patel,48,Finance,170212.02
4202,Sanjay Raina,37,HR,102615.2
4203,Agnijeet Desai,18,Finance,145407.31
4204,Rina Patel,33,Sales,169801.02
4205,Kriti Sharma,54,Support,184346.13
4206,Sanjay Khatri,35,HR,61307.88
4207,Kriti Desai,27,Engineering,156606.92
4208,Rohit Patel,36,Finance,48576.93
4209,Agnijeet Kamble,61,Finance,174113.97
4210,Rohit Jain,41,Finance,176167.99
4211,Tara Raina,42,HR,50906.9
4212,Amit Raina,47,Sales,68996.31
4213,Amit Patel,18,Engineering,124524.39
4214,Kriti Patel,22,Support,110220.25
4215,Vaidehi Raina,35,HR,175264.03
4216,Sanjay Paraswar,33,Finance,53604.77
4217,Kriti Patel,21,Finance,130943.41
4218,Rohit Paraswar,21,Engineering,151068.79
4219,Agnijeet Khatri,24,Sales,176471.24
4220,Rina Khatri,56,Support,146511.37
4221,Rina Sharma,45,Marketing,160072.84
4222,Kavish Jain,62,Support,79242.49
4223,Sanjay Jain,41,HR,196043.07
4224,Tara Kamble,49,Marketing,176233.65
4225,Sanjay Jain,33,Finance,127260.97
4226,Rina Paraswar,55,Finance,198177.84
4227,Kavish Jain,59,HR,85095.43
4228,Agnijeet Desai,54,HR,176365.46
4229,Tara Sharma,27,Sales,183891.12
4230,Amit Raina,50,Sales,63927.16
4231,Vaidehi Raina,18,Engineering,137432.75
4232,Sanjay Sharma,32,Engineering,146681.5
4233,Akanksha Patel,63,Finance,146482.2
4234,Akanksha Paraswar,60,Finance,46327.24
4235,Kriti Paraswar,61,Support,103895.12
4236,Tara Patel,45,Marketing,38719.44
4237,Rina Khatri,45,Engineering,133764.33
4238,Tara Jain,18,Sales,185389.68
4239,Akanksha Desai,35,Support,151931.68
4240,Rohit Raina,32,Engineering,125522.62
4241,Amit Raina,58,Support,38642.74
4242,Kriti Jain,35,Support,25059.49
4243,Kavish Jain,63,Marketing,89241.55
4244,Rohit Jain,59,Engineering,20368.56
4245,Sanjay Kamble,59,Engineering,156751.21
4246,Sanjay Sharma,31,Engineering,164518.99
4247,Amit Sharma,52,Sales,58712.21
4248,Kriti Raina,22,Sales,105757.97
4249,Vaidehi Kamble,62,Engineering,172732.01
4250,Kriti Patel,21,Sales,163764.97
4251,Kavish Sharma,41,Marketing,175107.46
4252,Kriti Kamble,20,Finance,32714.31
4253,Vaidehi Desai,18,HR,128121.71
4254,Sanjay Desai,64,HR,100672.57
4255,Vaidehi Jain,53,Marketing,31483.63
4256,Rina Khatri,44,HR,191355.7
4257,Rohit Patel,25,Finance,29911.76
4258,Amit Khatri,35,Finance,191289.46
4259,Sanjay Jain,19,Engineering,103696.44
4260,Vaidehi Raina,59,Sales,91119.52
4261,Agnijeet Paraswar,23,Finance,41170.74
4262,Amit Sharma,49,Finance,146022.63
4263,Akanksha Patel,49,Sales,113467.55
4264,Kriti Paraswar,41,Marketing,92018.42
4265,Akanksha Kamble,20,HR,137155.06
4266,Akanksha Sharma,39,HR,127877.12
4267,Rina Sharma,44,Marketing,29063.62
4268,Akanksha Kamble,62,Support,20189.71
4269,Rohit Kamble,36,Sales,78903.21
4270,Vaidehi Khatri,61,Engineering,35018.97
4271,Rohit Desai,56,Engineering,99662.87
4272,Rina Patel,34,Support,195553.4
4273,Kavish Desai,40,HR,71677.46
4274,Akanksha Kamble,49,Finance,195042.17
4275,Tara Jain,62,Sales,34474.66
4276,Akanksha Jain,64,Engineering,74222.83
4277,Rohit Desai,58,Finance,111679.26
4278,Rohit Patel,47,Engineering,184464.18
4279,Vaidehi Sharma,65,Sales,92573.01
4280,Kavish Desai,59,Sales,55335.81
4281,Akanksha Desai,34,Support,132684.16
4282,Vaidehi Sharma,56,Support,138513.54
4283,Kavish Sharma,45,Support,191191.94
4284,Sanjay Patel,35,Sales,22488.3
4285,Rina Jain,47,HR,21305.99
4286,Amit Sharma,40,HR,77760.53
4287,Rina Jain,59,Support,113900.84
4288,Amit Patel,60,Marketing,93134.26
4289,Kriti Desai,50,Support,45757.9
4290,Rina Raina,35,HR,22525.46
4291,Akanksha Sharma,27,HR,26198.23
4292,Tara Paraswar,54,HR,122239.22
4293,Tara Sharma,52,HR,105222.65
4294,Agnijeet Khatri,30,Finance,140450.25
4295,Amit Raina,28,Finance,117435.18
4296,Akanksha Paraswar,41,Finance,49907.94
4297,Agnijeet Raina,64,Finance,123084.53
4298,Tara Desai,27,Engineering,67460.27
4299,Rohit Sharma,53,HR,56173.91
4300,Kavish Khatri,40,Engineering,144717.36
4301,Sanjay Sharma,49,Finance,56079.28
4302,Agnijeet Raina,42,Marketing,161365.77
4303,Rina Paraswar,43,Marketing,138258.78
4304,Kavish Khatri,50,HR,34497.27
4305,Kriti Raina,19,Sales,150292.78
4306,Akanksha Patel,28,Marketing,194523.53
4307,Kavish Khatri,65,Finance,40455.58
4308,Rina Sharma,19,HR,34850.26
4309,Amit Raina,56,Marketing,161275.43
4310,Rohit Sharma,20,Engineering,158288.43
4311,Rohit Raina,60,Finance,155056.38
4312,Kriti Kamble,21,Sales,162698.09
4313,Amit Sharma,41,Finance,198114.37
4314,Kriti Raina,33,Support,111658.71
4315,Rina Jain,48,HR,85954.97
4316,Rohit Raina,26,Sales,185242.56
4317,Rina Patel,60,Marketing,63906.07
4318,Kriti Sharma,39,HR,85943.82
4319,Kavish Sharma,27,Engineering,145571.02
4320,Rohit Patel,59,Sales,123007.9
4321,Kriti Desai,54,Marketing,66381.72
4322,Vaidehi Khatri,23,HR,75850.18
4323,Tara Desai,43,Marketing,110113.1
4324,Kavish Patel,41,Support,26967.81
4325,Sanjay Paraswar,35,Support,197996.18
4326,Agnijeet Kamble,51,Engineering,133737.16
4327,Sanjay Raina,25,Finance,56230.42
4328,Amit Desai,65,Finance,170841.54
4329,Rina Sharma,19,Engineering,189071.55
4330,Amit Jain,53,Marketing,84761.25
4331,Amit Paraswar,39,Sales,123100.76
4332,Kavish Jain,19,Marketing,156498.07
4333,Agnijeet Khatri,51,Engineering,158883.52
4334,Sanjay Paraswar,18,HR,162237.94
4335,Kriti Sharma,26,Finance,95834.55
4336,Vaidehi Khatri,41,Finance,111062.26
4337,Amit Desai,44,HR,136395.11
4338,Agnijeet Patel,28,Engineering,93630.38
4339,Tara Jain,44,Marketing,150097.37
4340,Amit Khatri,24,Marketing,127213.23
4341,Agnijeet Jain,29,HR,146169.87
4342,Rina Kamble,21,Engineering,131021.81
4343,Tara Kamble,54,HR,67970.95
4344,Agnijeet Kamble,22,Finance,129406.23
4345,Sanjay Sharma,46,Marketing,20338.17
4346,Rina Paraswar,24,Finance,104480.75
4347,Tara Paraswar,61,Finance,176375.71
4348,Sanjay Patel,29,Engineering,163422.23
4349,Rina Desai,65,Support,42639.85
4350,Kavish Raina,58,Sales,167768.13
4351,Rina Patel,26,Engineering,121770.99
4352,Rina Jain,60,Marketing,172710.94
4353,Rina Patel,34,Sales,144571.08
4354,Tara Desai,58,Finance,85017.78
4355,Kriti Kamble,38,Support,190022.39
4356,Rohit Jain,46,Marketing,82081.23
4357,Akanksha Paraswar,35,Support,159839.85
4358,Sanjay Khatri,51,Finance,198480.96
4359,Rina Paraswar,49,Marketing,48953.35
4360,Kriti Sharma,18,Marketing,76403.25
4361,Rina Sharma,32,Support,103287.11
4362,Agnijeet Jain,57,Finance,109418.87
4363,Rina Paraswar,25,Finance,52792.6
4364,Vaidehi Paraswar,19,HR,87833.16
4365,Akanksha Raina,61,Support,111640.59
4366,Rina Paraswar,38,HR,63785.7
4367,Tara Sharma,44,Finance,165451.45
4368,Amit Raina,23,Support,147150.71
4369,Kavish Desai,49,Sales,21250.2
4370,Rohit Sharma,47,Support,189680.0
4371,Sanjay Paraswar,61,Marketing,174976.8
4372,Kavish Sharma,48,Marketing,54254.77
4373,Agnijeet Patel,57,Engineering,37501.98
4374,Kavish Jain,21,Finance,141319.03
4375,Rina Raina,26,Support,108804.26
4376,Vaidehi Kamble,56,HR,33812.25
4377,Kavish Khatri,45,Marketing,40828.86
4378,Rohit Raina,28,Finance,188264.65
4379,Rina Jain,25,Engineering,109999.62
4380,Kavish Kamble,24,Sales,168903.08
4381,Kriti Patel,21,HR,191705.64
4382,Kriti Khatri,19,Marketing,57934.82
4383,Rohit Raina,52,Marketing,61965.55
4384,Akanksha Paraswar,59,Engineering,197933.46
4385,Vaidehi Jain,22,Finance,73546.24
4386,Vaidehi Patel,29,Finance,24825.69
4387,Tara Paraswar,58,HR,136778.05
4388,Akanksha Patel,32,Sales,191146.64
4389,Rohit Sharma,26,Support,163535.91
4390,Amit Kamble,36,Support,74392.25
4391,Kriti Jain,34,Support,134950.36
4392,Kriti Paraswar,43,Engineering,22400.33
4393,Rohit Desai,29,Sales,95275.45
4394,Tara Jain,39,Support,58501.02
4395,Amit Paraswar,30,Marketing,71862.94
4396,Rina Sharma,21,Sales,124384.68
4397,Tara Desai,60,Marketing,139766.56
4398,Rohit Patel,44,Finance,122492.4
4399,Rina Khatri,24,Finance,92209.99
4400,Agnijeet Patel,20,HR,172877.68
4401,Akanksha Jain,47,Sales,164046.4
4402,Agnijeet Khatri,53,Engineering,91940.45
4403,Vaidehi Jain,31,Finance,79199.72
4404,Tara Paraswar,20,Engineering,25207.95
4405,Kavish Khatri,44,Support,68569.21
4406,Vaidehi Paraswar,36,Finance,166636.11
4407,Rina Kamble,19,Finance,169717.14
4408,Kavish Patel,59,HR,104774.64
4409,Sanjay Patel,59,Support,174663.5
4410,Rohit Sharma,26,Marketing,156932.31
4411,Kriti Khatri,39,HR,178200.83
4412,Kriti Desai,18,HR,90295.14
4413,Sanjay Khatri,33,Support,175853.33
4414,Rina Paraswar,46,Sales,96713.83
4415,Vaidehi Patel,44,Engineering,130755.16
4416,Kavish Kamble,39,Sales,21678.95
4417,Vaidehi Jain,52,Finance,147271.49
4418,Tara Kamble,58,Support,169404.03
4419,Sanjay Sharma,32,Finance,48474.52
4420,Rohit Desai,43,Sales,143830.81
4421,Kriti Paraswar,47,Marketing,32763.47
4422,Tara Raina,18,Marketing,186079.69
4423,Vaidehi Khatri,43,HR,124757.67
4424,Tara Kamble,38,Sales,174407.03
4425,Kavish Raina,45,HR,37994.81
4426,Kavish Khatri,46,Marketing,116639.82
4427,Amit Jain,62,Support,199673.32
4428,Akanksha Raina,29,Engineering,147307.91
4429,Tara Jain,36,HR,185878.28
4430,Kriti Sharma,20,Support,132267.95
4431,Amit Desai,46,Support,174810.5
4432,Rina Sharma,59,Engineering,139931.15
4433,Rohit Raina,63,Sales,113744.51
4434,Kriti Desai,40,Engineering,121969.62
4435,Amit Khatri,45,Sales,77140.21
4436,Akanksha Kamble,31,Engineering,44953.79
4437,Rohit Sharma,40,Marketing,104691.17
4438,Kriti Kamble,52,Engineering,158927.1
4439,Amit Paraswar,64,HR,143510.29
4440,Vaidehi Sharma,31,HR,181340.69
4441,Rohit Khatri,40,Sales,77569.37
4442,Kavish Desai,57,Engineering,151095.59
4443,Vaidehi Jain,25,Sales,124849.35
4444,Amit Paraswar,27,Finance,87768.01
4445,Vaidehi Desai,55,Finance,188872.06
4446,Vaidehi Raina,50,Finance,166397.93
4447,Vaidehi Patel,52,Finance,95819.03
4448,Tara Raina,30,Support,45169.18
4449,Kavish Paraswar,19,Marketing,147877.7
4450,Kriti Sharma,33,Marketing,195719.1
4451,Rohit Desai,45,HR,103834.44
4452,Kavish Desai,18,Finance,123508.56
4453,Rohit Raina,51,Finance,159479.09
4454,Kriti Paraswar,35,Finance,101488.27
4455,Kavish Khatri,58,Sales,72811.66
4456,Vaidehi Desai,39,Finance,100522.67
4457,Sanjay Kamble,28,Sales,120426.56
4458,Sanjay Khatri,26,Sales,49775.22
4459,Sanjay Jain,30,Sales,193778.46
4460,Rina Sharma,20,Marketing,35005.01
4461,Kavish Jain,28,HR,91045.81
4462,Agnijeet Khatri,21,Engineering,97340.98
4463,Rina Patel,55,Engineering,94878.39
4464,Rohit Jain,65,Support,194109.26
4465,Rina Jain,21,Support,138295.89
4466,Akanksha Jain,32,Support,36645.45
4467,Vaidehi Paraswar,55,Sales,101556.66
4468,Agnijeet Desai,34,Support,86272.09
4469,Rohit Sharma,36,Marketing,171501.76
4470,Agnijeet Sharma,34,Marketing,50705.71
4471,Vaidehi Kamble,37,Finance,144080.3
4472,Tara Patel,50,Engineering,176055.51
4473,Tara Sharma,37,Marketing,194560.32
4474,Agnijeet Desai,46,Marketing,25546.02
4475,Vaidehi Desai,30,Marketing,122352.64
4476,Sanjay Raina,63,Engineering,149492.78
4477,Sanjay Kamble,64,Marketing,115808.76
4478,Rohit Jain,32,Finance,76907.02
4479,Vaidehi Kamble,60,Finance,173349.78
4480,Rohit Kamble,58,Finance,116394.81
4481,Agnijeet Khatri,43,Marketing,79949.38
4482,Kriti Khatri,49,Finance,44766.33
4483,Tara Kamble,53,HR,176422.97
4484,Tara Raina,50,HR,166763.18
4485,Amit Jain,56,HR,69403.48
4486,Agnijeet Khatri,42,Sales,39027.47
4487,Kriti Sharma,54,Engineering,187307.03
4488,Kavish Kamble,51,Sales,162252.9
4489,Rina Raina,26,Finance,171066.14
4490,Rina Kamble,21,Finance,89545.75
4491,Tara Sharma,60,Marketing,130442.16
4492,Amit Desai,32,HR,124960.75
4493,Akanksha Paraswar,39,Support,150031.61
4494,Agnijeet Khatri,41,Finance,122731.4
4495,Agnijeet Patel,24,Support,134484.46
4496,Tara Patel,33,Finance,64851.71
4497,Akanksha Khatri,35,Support,26593.69
4498,Agnijeet Desai,51,Support,97133.88
4499,Rohit Patel,26,Support,175117.15
4500,Agnijeet Desai,43,Marketing,24018.96
4501,Tara Khatri,26,Engineering,98150.74
4502,Kavish Jain,34,Marketing,129894.76
4503,Amit Raina,28,Sales,32514.34
4504,Rina Raina,37,Support,157979.0
4505,Rina Paraswar,20,Sales,96812.16
4506,Vaidehi Jain,38,Marketing,146606.35
4507,Rohit Kamble,26,Marketing,107763.59
4508,Rina Raina,38,Marketing,164590.08
4509,Agnijeet Khatri,48,HR,134710.39
4510,Vaidehi Sharma,38,Marketing,128372.71
4511,Amit Jain,38,Engineering,29534.77
4512,Agnijeet Jain,62,HR,34720.61
4513,Sanjay Patel,61,Sales,166526.16
4514,Tara Patel,21,Sales,31031.36
4515,Amit Khatri,46,HR,24507.16
4516,Rina Khatri,46,Engineering,57249.26
4517,Kriti Sharma,25,Engineering,159318.92
4518,Kriti Kamble,45,Support,79884.89
4519,Rina Sharma,45,HR,130340.36
4520,Amit Raina,41,Finance,146024.41
4521,Amit Kamble,18,Finance,88478.28
4522,Kriti Jain,47,Marketing,39065.11
4523,Rina Khatri,26,Support,160101.83
4524,Rina Desai,29,Engineering,41753.67
4525,Vaidehi Patel,36,Marketing,197860.93
4526,Vaidehi Kamble,50,Engineering,61690.67
4527,Tara Kamble,43,Finance,157132.91
4528,Tara Khatri,51,Support,87289.5
4529,Rina Khatri,59,Marketing,36753.87
4530,Akanksha Raina,28,Marketing,155526.34
4531,Agnijeet Kamble,30,Marketing,68270.04
4532,Sanjay Patel,58,Support,110036.36
4533,Sanjay Paraswar,38,Marketing,64644.91
4534,Sanjay Raina,48,Support,151270.81
4535,Akanksha Sharma,19,Sales,29812.69
4536,Rohit Patel,33,Support,101836.97
4537,Sanjay Sharma,45,Marketing,48840.13
4538,Vaidehi Khatri,57,Sales,136550.58
4539,Rohit Paraswar,49,Engineering,113778.79
4540,Vaidehi Kamble,27,Sales,149162.03
4541,Akanksha Khatri,38,HR,121651.91
4542,Agnijeet Jain,52,Engineering,179618.91
4543,Rohit Paraswar,28,Marketing,21837.99
4544,Tara Kamble,31,Engineering,184655.22
4545,Amit Patel,30,Finance,180323.05
4546,Amit Patel,57,Sales,46449.79
4547,Tara Khatri,36,Finance,191058.32
4548,Vaidehi Raina,51,Finance,166885.5
4549,Rina Khatri,34,Marketing,45942.47
4550,Rohit Khatri,40,Engineering,71305.5
4551,Rohit Jain,29,Support,68636.06
4552,Kriti Khatri,64,Marketing,48495.47
4553,Rohit Paraswar,23,Support,74987.86
4554,Agnijeet Raina,51,Marketing,177278.95
4555,Kavish Paraswar,50,Support,140426.82
4556,Amit Raina,52,HR,184560.38
4557,Kavish Kamble,20,Marketing,121974.52
4558,Kavish Khatri,59,Engineering,38002.15
4559,Vaidehi Kamble,62,Engineering,153869.29
4560,Kavish Kamble,58,Engineering,165469.59
4561,Kavish Desai,56,Finance,61159.61
4562,Kriti Kamble,49,Support,144465.35
4563,Vaidehi Raina,50,HR,175908.15
4564,Tara Jain,33,HR,77660.18
4565,Akanksha Kamble,22,Engineering,157479.71
4566,Amit Desai,49,Support,126680.47
4567,Rina Desai,52,HR,21128.98
4568,Rina Sharma,46,Sales,160117.35
4569,Akanksha Jain,24,Support,42388.72
4570,Vaidehi Sharma,46,HR,178681.98
4571,Tara Sharma,21,Marketing,131826.56
4572,Tara Desai,28,Marketing,92932.72
4573,Vaidehi Sharma,56,Marketing,59574.1
4574,Rina Raina,30,Engineering,175858.59
4575,Vaidehi Raina,21,Marketing,156710.81
4576,Vaidehi Desai,38,HR,151375.23
4577,Agnijeet Jain,43,Sales,78449.62
4578,Sanjay Paraswar,20,Engineering,119106.55
4579,Vaidehi Raina,20,Sales,138593.25
4580,Rohit Desai,30,Engineering,147047.84
4581,Akanksha Sharma,54,Sales,164548.58
4582,Sanjay Sharma,32,Finance,115443.21
4583,Tara Paraswar,22,Sales,92507.88
4584,Agnijeet Raina,49,Engineering,143978.71
4585,Kriti Desai,55,Marketing,52376.56
4586,Tara Khatri,38,HR,21783.35
4587,Vaidehi Jain,27,Support,182849.67
4588,Tara Sharma,51,Support,26432.04
4589,Kavish Khatri,46,Finance,110620.62
4590,Akanksha Raina,52,Finance,109547.26
4591,Tara Raina,23,HR,198569.01
4592,Agnijeet Desai,45,HR,188688.55
4593,Kriti Patel,25,Engineering,91206.38
4594,Agnijeet Jain,35,Engineering,130979.37
4595,Rina Patel,48,Finance,178578.19
4596,Rina Jain,28,Finance,59053.91
4597,Kriti Raina,32,Finance,152643.68
4598,Rina Desai,29,Engineering,119302.45
4599,Sanjay Patel,42,Marketing,193415.68
4600,Vaidehi Patel,19,Sales,105933.19
4601,Kriti Desai,37,Sales,185008.95
4602,Rina Sharma,19,Support,77649.66
4603,Vaidehi Khatri,42,Sales,191395.29
4604,Kavish Raina,33,Sales,177902.73
4605,Rina Patel,54,Support,28615.7
4606,Akanksha Paraswar,29,Support,160405.8
4607,Tara Raina,64,Finance,169639.6
4608,Akanksha Khatri,19,Support,89223.35
4609,Tara Patel,32,Sales,68128.18
4610,Tara Khatri,33,Sales,54284.99
4611,Sanjay Khatri,54,Engineering,104928.66
4612,Tara Khatri,64,Finance,135702.47
4613,Kavish Sharma,54,Engineering,113374.18
4614,Akanksha Raina,52,Marketing,24729.45
4615,Sanjay Khatri,23,Support,81197.51
4616,Rohit Jain,48,Marketing,44260.99
4617,Tara Sharma,24,Marketing,69356.25
4618,Vaidehi Kamble,46,HR,131300.05
4619,Tara Sharma,36,Finance,128198.57
4620,Akanksha Raina,24,Engineering,195001.63
4621,Rohit Sharma,20,Finance,79228.04
4622,Akanksha Sharma,51,Engineering,134809.65
4623,Tara Sharma,42,Finance,155341.39
4624,Rohit Raina,35,Marketing,76655.72
4625,Agnijeet Jain,65,Support,188218.98
4626,Akanksha Kamble,55,Sales,188654.87
4627,Vaidehi Jain,20,Sales,149554.41
4628,Rina Khatri,38,Sales,116685.28
4629,Rina Paraswar,54,HR,194262.25
4630,Kriti Raina,33,Support,176812.51
4631,Kriti Paraswar,19,Support,168982.25
4632,Akanksha Jain,27,Marketing,55677.4
4633,Rohit Patel,22,Support,173559.11
4634,Agnijeet Paraswar,60,Engineering,173215.41
4635,Rohit Raina,56,Sales,53883.48
4636,Agnijeet Kamble,36,HR,157727.69
4637,Sanjay Sharma,25,Marketing,173790.09
4638,Sanjay Raina,48,Engineering,184537.36
4639,Rina Kamble,32,Support,164132.22
4640,Vaidehi Khatri,18,HR,71777.25
4641,Kriti Raina,33,Marketing,82993.3
4642,Rohit Desai,45,Sales,86792.44
4643,Sanjay Jain,35,Support,124968.6
4644,Akanksha Raina,53,Engineering,71755.53
4645,Kavish Khatri,25,HR,175749.22
4646,Vaidehi Desai,45,HR,143723.77
4647,Rina Sharma,48,HR,103682.83
4648,Rohit Khatri,42,HR,163017.46
4649,Amit Patel,52,HR,36893.36
4650,Sanjay Kamble,22,Finance,119120.06
4651,Sanjay Patel,47,Engineering,66290.08
4652,Tara Patel,48,Marketing,67746.65
4653,Rina Sharma,64,Finance,104173.19
4654,Rina Kamble,33,Support,102656.87
4655,Sanjay Raina,59,Finance,176014.6
4656,Kriti Jain,61,Sales,36765.43
4657,Kavish Kamble,48,Engineering,36967.14
4658,Tara Sharma,49,Engineering,192308.8
4659,Tara Desai,43,Finance,188797.4
4660,Akanksha Khatri,27,Engineering,143024.96
4661,Amit Desai,55,Marketing,80948.95
4662,Kavish Patel,54,HR,187271.59
4663,Akanksha Sharma,56,Marketing,62933.77
4664,Agnijeet Raina,63,Support,94592.16
4665,Vaidehi Kamble,23,Engineering,194857.49
4666,Akanksha Sharma,19,HR,135808.26
4667,Sanjay Desai,41,Finance,82494.79
4668,Amit Sharma,24,Sales,189373.13
4669,Tara Raina,36,Marketing,38952.22
4670,Kriti Kamble,38,HR,135356.72
4671,Rina Kamble,21,Marketing,108719.16
4672,Kriti Patel,46,HR,40803.32
4673,Rohit Raina,30,Marketing,195372.31
4674,Rohit Sharma,22,HR,128247.99
4675,Kavish Patel,19,Marketing,79617.64
4676,Agnijeet Sharma,65,Support,120579.12
4677,Rohit Raina,48,HR,113302.56
4678,Rohit Raina,32,Marketing,34378.64
4679,Kavish Paraswar,35,Marketing,113359.07
4680,Rohit Paraswar,30,Finance,112514.97
4681,Rina Patel,27,HR,78778.04
4682,Vaidehi Raina,48,Support,146652.32
4683,Agnijeet Desai,36,HR,175398.78
4684,Vaidehi Patel,45,Sales,184005.47
4685,Kavish Jain,51,Marketing,124433.22
4686,Amit Patel,62,Support,165793.95
4687,Vaidehi Paraswar,28,Support,41172.04
4688,Akanksha Patel,36,Engineering,168660.91
4689,Rohit Sharma,49,Sales,183447.62
4690,Akanksha Khatri,22,Sales,186195.76
4691,Agnijeet Desai,27,Marketing,40332.1
4692,Kavish Jain,52,Marketing,194765.22
4693,Vaidehi Khatri,54,Support,79942.99
4694,Rohit Kamble,32,Marketing,98132.12
4695,Tara Desai,50,Finance,125897.36
4696,Tara Raina,19,Finance,177313.36
4697,Akanksha Patel,65,Marketing,48002.95
4698,Rohit Patel,59,Finance,31649.51
4699,Vaidehi Sharma,26,Sales,131357.98
4700,Akanksha Kamble,47,HR,179109.35
4701,Amit Raina,58,Marketing,87150.76
4702,Tara Jain,44,Finance,158073.5
4703,Tara Paraswar,36,Support,170641.5
4704,Akanksha Kamble,63,Finance,141763.85
4705,Akanksha Khatri,41,Sales,152867.47
4706,Tara Raina,63,Sales,167568.87
4707,Vaidehi Raina,25,Support,24770.41
4708,Agnijeet Paraswar,58,Finance,166963.86
4709,Kavish Sharma,21,HR,67599.3
4710,Kriti Desai,38,HR,175300.71
4711,Amit Raina,52,Engineering,26433.13
4712,Tara Desai,48,HR,39886.77
4713,Tara Raina,55,Sales,145899.76
4714,Rina Khatri,34,Engineering,35393.31
4715,Rohit Desai,51,Support,79009.53
4716,Agnijeet Kamble,32,Marketing,182261.5
4717,Kavish Paraswar,32,Support,188582.48
4718,Amit Khatri,32,Finance,108834.21
4719,Tara Raina,24,Sales,187766.07
4720,Amit Khatri,31,HR,138623.27
4721,Amit Jain,64,Sales,178045.14
4722,Vaidehi Jain,27,Marketing,116881.1
4723,Akanksha Jain,37,Sales,88867.6
4724,Rohit Kamble,52,Sales,51745.97
4725,Vaidehi Desai,60,Sales,144235.65
4726,Tara Sharma,39,Finance,190967.28
4727,Amit Paraswar,42,Engineering,133405.45
4728,Akanksha Desai,37,Marketing,54713.86
4729,Kriti Khatri,38,Marketing,99133.58
4730,Vaidehi Patel,53,HR,74023.47
4731,Kavish Kamble,29,Finance,115718.89
4732,Rohit Jain,28,Support,157288.26
4733,Amit Kamble,39,Engineering,141951.88
4734,Amit Raina,57,Sales,42290.62
4735,Rina Paraswar,36,Support,164497.0
4736,Vaidehi Sharma,18,Engineering,116405.23
4737,Sanjay Jain,46,Sales,58508.69
4738,Tara Paraswar,45,Support,138600.17
4739,Rina Patel,39,Finance,75083.2
4740,Kriti Desai,35,Finance,186945.75
4741,Kriti Sharma,57,Marketing,147237.01
4742,Agnijeet Khatri,61,Marketing,157734.74
4743,Akanksha Kamble,22,Finance,21186.84
4744,Tara Paraswar,42,Sales,140234.27
4745,Akanksha Kamble,62,Sales,69516.42
4746,Kavish Patel,45,Marketing,82358.98
4747,Tara Khatri,64,Support,190883.52
4748,Tara Desai,39,Sales,36730.71
4749,Kavish Paraswar,29,HR,154246.79
4750,Tara Raina,55,Support,82227.6
4751,Akanksha Jain,31,Engineering,95972.06
4752,Vaidehi Raina,57,Finance,78412.14
4753,Sanjay Paraswar,36,Support,78263.89
4754,Kavish Sharma,46,HR,148241.86
4755,Akanksha Patel,49,Finance,120937.02
4756,Akanksha Desai,18,Support,40547.12
4757,Rina Patel,30,Engineering,26159.07
4758,Vaidehi Sharma,32,Support,119718.14
4759,Kriti Jain,52,Support,95061.59
4760,Amit Raina,28,Engineering,58273.57
4761,Vaidehi Paraswar,59,Sales,96520.38
4762,Sanjay Paraswar,55,HR,42309.54
4763,Vaidehi Sharma,38,Support,172243.95
4764,Akanksha Sharma,41,Finance,104939.39
4765,Kavish Patel,24,Sales,42476.25
4766,Rohit Khatri,64,Finance,173841.28
4767,Rina Jain,59,HR,75148.33
4768,Kriti Sharma,19,Engineering,62141.95
4769,Kriti Jain,55,Support,169440.67
4770,Kriti Sharma,23,Engineering,89509.35
4771,Amit Raina,30,HR,167721.2
4772,Amit Sharma,33,Finance,95817.35
4773,Amit Jain,37,Finance,103686.02
4774,Akanksha Kamble,48,HR,51163.25
4775,Amit Sharma,53,Support,43280.51
4776,Agnijeet Desai,22,Engineering,151806.64
4777,Rohit Jain,18,Sales,62427.28
4778,Agnijeet Raina,25,Support,195797.9
4779,Rohit Paraswar,55,Sales,144145.27
4780,Amit Khatri,43,Support,162241.26
4781,Sanjay Paraswar,57,Finance,59347.6
4782,Sanjay Patel,40,Marketing,153634.32
4783,Kavish Khatri,56,Support,87678.85
4784,Vaidehi Kamble,43,Sales,126887.83
4785,Vaidehi Khatri,27,Finance,43169.34
4786,Vaidehi Desai,35,Engineering,22884.72
4787,Kavish Khatri,60,Support,46802.98
4788,Agnijeet Khatri,31,Finance,58765.69
4789,Kavish Khatri,36,Finance,173740.42
4790,Akanksha Sharma,19,HR,85814.72
4791,Sanjay Khatri,26,Support,96658.97
4792,Amit Desai,61,HR,114364.86
4793,Rina Jain,32,Marketing,116651.18
4794,Tara Desai,37,HR,146973.48
4795,Rohit Sharma,24,Engineering,185800.99
4796,Rina Kamble,41,Sales,117219.22
4797,Rina Raina,54,HR,130605.22
4798,Akanksha Kamble,58,Engineering,176732.01
4799,Sanjay Raina,19,Marketing,68461.74
4800,Sanjay Paraswar,64,Support,38597.22
4801,Rohit Khatri,22,Engineering,135374.76
4802,Rina Jain,57,Support,163140.9
4803,Tara Jain,45,Support,150163.16
4804,Rina Kamble,27,Finance,117602.04
4805,Kriti Sharma,21,Marketing,44026.85
4806,Agnijeet Raina,31,Sales,98659.11
4807,Sanjay Paraswar,33,Finance,106553.79
4808,Agnijeet Patel,56,Support,103941.25
4809,Agnijeet Khatri,31,Marketing,112973.32
4810,Kavish Patel,29,Marketing,39935.59
4811,Akanksha Patel,53,Marketing,116926.6
4812,Agnijeet Desai,64,Support,170939.81
4813,Kavish Paraswar,60,Sales,150892.89
4814,Kriti Patel,28,Support,32262.54
4815,Agnijeet Desai,64,Sales,87136.78
4816,Akanksha Paraswar,58,HR,37795.49
4817,Rina Raina,39,HR,106729.75
4818,Akanksha Kamble,47,HR,41409.26
4819,Agnijeet Sharma,31,Support,73143.48
4820,Vaidehi Jain,27,HR,103215.81
4821,Rina Kamble,45,Sales,42715.5
4822,Rina Kamble,36,HR,142410.17
4823,Vaidehi Kamble,46,Engineering,131752.85
4824,Kriti Sharma,39,Finance,51569.67
4825,Amit Khatri,48,HR,142462.64
4826,Amit Kamble,60,Sales,29309.84
4827,Rina Kamble,49,HR,61821.99
4828,Tara Khatri,50,Finance,153634.78
4829,Agnijeet Sharma,44,Finance,84400.25
4830,Vaidehi Jain,36,Engineering,197831.13
4831,Kriti Raina,47,Engineering,167225.69
4832,Akanksha Sharma,62,Sales,57350.5
4833,Rohit Jain,57,Sales,198027.57
4834,Rina Sharma,27,HR,148337.6
4835,Vaidehi Patel,27,Finance,57587.54
4836,Amit Raina,26,HR,143036.17
4837,Agnijeet Desai,42,HR,117009.27
4838,Kavish Paraswar,39,Support,157099.6
4839,Kriti Kamble,65,HR,199471.96
4840,Akanksha Desai,18,Marketing,189064.88
4841,Agnijeet Khatri,64,Finance,173209.71
4842,Rohit Kamble,42,Sales,191609.74
4843,Tara Paraswar,38,HR,98124.36
4844,Kriti Kamble,32,Support,46909.55
4845,Agnijeet Kamble,38,Engineering,39897.29
4846,Agnijeet Khatri,49,Finance,120286.26
4847,Kriti Jain,35,HR,72609.57
4848,Kriti Sharma,58,Support,57019.42
4849,Rohit Raina,56,Finance,175541.26
4850,Vaidehi Sharma,48,HR,169796.29
4851,Rohit Patel,41,Engineering,152898.64
4852,Vaidehi Patel,36,HR,111158.82
4853,Rohit Raina,59,Marketing,20572.72
4854,Kriti Jain,45,HR,88057.85
4855,Akanksha Sharma,28,Engineering,117006.29
4856,Agnijeet Sharma,58,Sales,101440.39
4857,Vaidehi Desai,22,HR,56616.74
4858,Rohit Khatri,19,Sales,66687.61
4859,Vaidehi Raina,32,Finance,50392.42
4860,Tara Kamble,37,Finance,143204.02
4861,Kriti Patel,23,Marketing,76830.56
4862,Rina Jain,57,HR,129821.66
4863,Agnijeet Kamble,36,Marketing,25163.25
4864,Rina Sharma,60,Sales,53834.94
4865,Kavish Patel,39,Finance,25332.09
4866,Amit Patel,61,Engineering,167017.39
4867,Amit Desai,32,HR,131842.59
4868,Agnijeet Khatri,59,Engineering,131711.95
4869,Agnijeet Khatri,27,Support,67394.22
4870,Rina Khatri,59,Support,118119.41
4871,Amit Jain,28,Support,91832.19
4872,Kavish Sharma,52,Support,54184.53
4873,Agnijeet Raina,44,Sales,136391.66
4874,Kriti Paraswar,45,Finance,128624.41
4875,Tara Khatri,61,Support,184398.01
4876,Tara Jain,18,Engineering,58204.87
4877,Vaidehi Paraswar,22,Sales,194373.07
4878,Sanjay Jain,51,Finance,69832.6
4879,Akanksha Kamble,51,Marketing,23916.26
4880,Sanjay Sharma,48,Engineering,99441.35
4881,Rina Khatri,43,HR,160065.14
4882,Kriti Kamble,53,Marketing,65114.38
4883,Amit Kamble,35,Engineering,156181.45
4884,Kriti Khatri,61,Marketing,179379.37
4885,Vaidehi Khatri,20,Marketing,145136.05
4886,Rohit Paraswar,26,Marketing,40374.23
4887,Vaidehi Desai,28,Support,66182.95
4888,Kriti Jain,40,HR,128963.96
4889,Kavish Kamble,37,Finance,69145.65
4890,Kriti Khatri,41,Engineering,38207.59
4891,Vaidehi Khatri,62,Marketing,197317.31
4892,Akanksha Raina,49,Marketing,148607.89
4893,Kriti Patel,29,Support,137561.97
4894,Kavish Jain,44,Sales,39801.37
4895,Amit Patel,34,Marketing,31821.07
4896,Agnijeet Khatri,50,Engineering,171406.22
4897,Tara Raina,20,Finance,110333.42
4898,Kriti Khatri,30,HR,91852.77
4899,Kavish Jain,55,HR,113574.84
4900,Rina Sharma,26,HR,55314.5
4901,Sanjay Sharma,44,HR,112265.32
4902,Kriti Patel,33,Finance,79745.24
4903,Vaidehi Jain,52,HR,175086.95
4904,Sanjay Sharma,35,Marketing,131705.04
4905,Rohit Jain,35,Sales,81620.59
4906,Akanksha Sharma,21,Engineering,191997.47
4907,Agnijeet Khatri,35,Sales,101015.13
4908,Vaidehi Raina,22,Engineering,82871.35
4909,Rina Patel,22,Support,121346.95
4910,Kriti Kamble,57,Finance,191461.61
4911,Sanjay Sharma,47,Sales,175576.48
4912,Sanjay Patel,40,Sales,196764.92
4913,Rina Raina,56,Sales,101827.22
4914,Rohit Desai,39,Engineering,134756.93
4915,Vaidehi Desai,27,Finance,85205.33
4916,Vaidehi Kamble,65,Support,147365.93
4917,Amit Khatri,44,Finance,100413.28
4918,Amit Paraswar,53,Finance,41039.43
4919,Kavish Paraswar,29,Support,28882.71
4920,Sanjay Kamble,47,Finance,191717.92
4921,Akanksha Paraswar,38,HR,53562.76
4922,Kriti Khatri,19,Engineering,180844.01
4923,Kriti Patel,64,Support,113607.11
4924,Kavish Sharma,49,HR,124141.5
4925,Sanjay Kamble,65,Engineering,79454.21
4926,Rohit Paraswar,44,HR,154009.83
4927,Rohit Kamble,34,Engineering,198056.05
4928,Kriti Sharma,46,Support,46139.71
4929,Kriti Khatri,53,Support,81714.85
4930,Akanksha Kamble,35,Support,137028.16
4931,Kriti Raina,64,Sales,107224.68
4932,Kriti Kamble,26,Support,125600.69
4933,Akanksha Sharma,65,Support,172578.1
4934,Vaidehi Paraswar,44,Support,194702.11
4935,Tara Khatri,57,Marketing,106831.49
4936,Tara Sharma,38,HR,131124.39
4937,Kriti Desai,22,Marketing,70329.7
4938,Kavish Khatri,59,Finance,118942.93
4939,Vaidehi Jain,21,Sales,41497.75
4940,Amit Sharma,62,Finance,57490.26
4941,Kriti Khatri,53,HR,29454.49
4942,Kriti Khatri,37,HR,112120.52
4943,Vaidehi Raina,26,Sales,53400.04
4944,Tara Kamble,37,Support,37709.32
4945,Vaidehi Kamble,33,HR,134120.69
4946,Amit Paraswar,19,Support,177441.56
4947,Sanjay Sharma,49,Marketing,178901.19
4948,Rohit Sharma,28,Engineering,70945.15
4949,Kavish Jain,24,Engineering,137429.5
4950,Amit Jain,22,Sales,141134.76
4951,Kriti Kamble,50,Sales,80641.33
4952,Vaidehi Sharma,57,Sales,65994.05
4953,Rohit Patel,29,Sales,66251.31
4954,Tara Khatri,24,Sales,143898.09
4955,Rina Paraswar,39,HR,54847.79
4956,Vaidehi Raina,28,Engineering,137959.57
4957,Agnijeet Khatri,23,Sales,107930.1
4958,Amit Paraswar,35,HR,154514.54
4959,Vaidehi Desai,43,Engineering,80356.44
4960,Akanksha Kamble,58,Sales,175197.36
4961,Amit Kamble,21,Engineering,120233.07
4962,Amit Desai,51,Support,173002.24
4963,Akanksha Khatri,18,Support,125650.59
4964,Kriti Jain,54,Engineering,94082.5
4965,Akanksha Kamble,57,Engineering,174630.61
4966,Agnijeet Khatri,57,HR,171239.26
4967,Akanksha Desai,28,HR,56783.38
4968,Rohit Desai,25,Finance,77133.61
4969,Sanjay Sharma,46,Marketing,51119.68
4970,Sanjay Sharma,34,Engineering,158348.4
4971,Kavish Raina,31,Engineering,144063.41
4972,Kriti Desai,27,Support,106247.88
4973,Kavish Desai,33,Sales,31496.82
4974,Agnijeet Patel,56,Marketing,164301.76
4975,Agnijeet Kamble,39,Sales,178013.96
4976,Sanjay Raina,44,Marketing,176244.24
4977,Rina Sharma,47,Marketing,125340.52
4978,Kavish Desai,25,HR,188498.28
4979,Amit Jain,36,Support,52453.67
4980,Sanjay Desai,43,Finance,194776.67
4981,Agnijeet Sharma,51,Support,185645.96
4982,Amit Desai,34,Finance,129128.83
4983,Vaidehi Kamble,20,Engineering,167256.55
4984,Sanjay Desai,45,Support,50644.79
4985,Sanjay Patel,35,Support,140244.66
4986,Sanjay Paraswar,25,Sales,88418.15
4987,Kavish Paraswar,25,HR,35722.41
4988,Vaidehi Raina,44,Finance,47629.12
4989,Kavish Jain,59,Marketing,105392.12
4990,Tara Desai,45,HR,187775.81
4991,Kriti Patel,25,Support,173422.22
4992,Kavish Desai,30,Support,125265.43
4993,Tara Sharma,23,Marketing,163935.59
4994,Vaidehi Jain,39,Finance,154860.68
4995,Rina Paraswar,34,Engineering,194346.42
4996,Rohit Sharma,49,Support,175816.82
4997,Rohit Paraswar,22,Engineering,124255.3
4998,Agnijeet Jain,56,Support,112592.95
4999,Sanjay Sharma,63,Engineering,78438.65
5000,Agnijeet Sharma,34,Engineering,109328.29
5001,Vaidehi Kamble,48,Finance,80736.3
5002,Rohit Raina,27,Sales,72395.64
5003,Kriti Kamble,41,Sales,24998.96
5004,Kavish Kamble,64,HR,159417.43
5005,Vaidehi Raina,36,Finance,64472.93
5006,Rina Raina,27,HR,71892.37
5007,Rina Kamble,24,Support,96340.42
5008,Sanjay Desai,37,Sales,88267.7
5009,Sanjay Sharma,38,Engineering,74654.19
5010,Rohit Sharma,18,Marketing,82413.44
5011,Rohit Raina,63,Support,53383.56
5012,Kavish Jain,38,Finance,41404.9
5013,Tara Khatri,53,HR,142339.54
5014,Rohit Sharma,19,Support,196828.85
5015,Agnijeet Patel,63,Support,23506.67
5016,Kriti Sharma,45,Finance,130740.61
5017,Vaidehi Raina,33,Sales,54302.14
5018,Rohit Jain,52,Finance,171258.36
5019,Rina Desai,25,Engineering,110614.23
5020,Akanksha Patel,33,Finance,25739.03
5021,Rohit Desai,34,Engineering,69071.24
5022,Kriti Raina,20,Support,190713.09
5023,Kriti Sharma,41,HR,187813.16
5024,Kriti Patel,23,Marketing,37297.9
5025,Kavish Khatri,30,Marketing,39990.61
5026,Vaidehi Paraswar,22,HR,57513.8
5027,Akanksha Paraswar,28,HR,170433.26
5028,Sanjay Patel,45,Engineering,184160.07
5029,Amit Patel,65,Marketing,144129.1
5030,Vaidehi Patel,60,Sales,90119.16
5031,Kavish Raina,29,Finance,60203.51
5032,Vaidehi Sharma,57,Finance,175946.16
5033,Rina Patel,65,Marketing,122491.47
5034,Kavish Sharma,39,Engineering,173750.85
5035,Sanjay Desai,39,Engineering,55853.73
5036,Amit Jain,36,Engineering,122668.41
5037,Amit Kamble,26,Support,101983.72
5038,Vaidehi Jain,41,HR,159824.25
5039,Akanksha Jain,52,Support,61846.26
5040,Rohit Desai,59,HR,121673.85
5041,Vaidehi Raina,24,Marketing,105938.59
5042,Sanjay Patel,25,Marketing,110421.73
5043,Agnijeet Sharma,42,Sales,130744.11
5044,Sanjay Jain,50,Finance,161984.42
5045,Vaidehi Jain,62,Support,33199.3
5046,Rohit Raina,19,HR,197472.72
5047,Vaidehi Sharma,44,Support,80297.48
5048,Vaidehi Kamble,60,HR,82277.12
5049,Rina Patel,34,Support,66283.2
5050,Sanjay Desai,52,Sales,182769.04
5051,Vaidehi Desai,61,Engineering,81430.6
5052,Amit Patel,44,Support,31976.35
5053,Amit Paraswar,28,HR,134029.38
5054,Vaidehi Desai,20,Support,48159.46
5055,Vaidehi Patel,53,Sales,73755.69
5056,Amit Raina,57,Engineering,184439.53
5057,Kavish Desai,23,Engineering,142797.18
5058,Vaidehi Desai,50,Sales,129692.24
5059,Rina Sharma,52,Support,26217.17
5060,Sanjay Kamble,53,Marketing,79760.67
5061,Vaidehi Desai,31,Engineering,58787.27
5062,Amit Sharma,27,Finance,142133.27
5063,Rohit Sharma,28,HR,36567.75
5064,Akanksha Desai,33,Sales,31780.54
5065,Amit Sharma,18,Finance,130357.17
5066,Kavish Sharma,29,Marketing,186524.38
5067,Tara Khatri,40,HR,39019.88
5068,Kriti Sharma,51,Marketing,25574.49
5069,Tara Desai,63,Support,129798.16
5070,Akanksha Jain,43,Finance,23465.68
5071,Tara Sharma,41,Engineering,97966.52
5072,Akanksha Desai,43,HR,114516.65
5073,Akanksha Khatri,45,Marketing,131892.53
5074,Agnijeet Desai,41,HR,141151.37
5075,Kriti Sharma,64,Sales,83617.61
5076,Agnijeet Khatri,56,Support,167103.42
5077,Kriti Paraswar,47,Engineering,27411.26
5078,Tara Jain,30,Marketing,161990.96
5079,Sanjay Patel,52,Sales,76130.29
5080,Sanjay Patel,30,Engineering,122531.19
5081,Sanjay Jain,27,Support,85579.36
5082,Rohit Paraswar,24,Finance,100383.34
5083,Sanjay Kamble,64,Sales,72501.41
5084,Sanjay Kamble,25,Finance,114574.19
5085,Amit Sharma,35,Marketing,185470.67
5086,Vaidehi Patel,31,HR,63894.65
5087,Rina Jain,45,Marketing,51707.11
5088,Kriti Patel,44,Marketing,129053.66
5089,Rina Desai,43,Engineering,34942.3
5090,Agnijeet Desai,40,Finance,171384.33
5091,Vaidehi Sharma,58,Finance,60223.62
5092,Agnijeet Raina,64,HR,169286.49
5093,Akanksha Raina,18,Sales,67929.0
5094,Vaidehi Raina,22,Support,118024.87
5095,Rohit Jain,54,Sales,116140.27
5096,Sanjay Patel,46,HR,33328.32
5097,Rohit Raina,60,Engineering,195535.62
5098,Rina Khatri,24,Engineering,114361.64
5099,Kavish Patel,30,Finance,185284.11
5100,Sanjay Raina,18,HR,83835.44
5101,Tara Jain,35,HR,155340.27
5102,Kavish Kamble,23,HR,25360.1
5103,Kriti Paraswar,39,HR,169557.55
5104,Tara Sharma,61,HR,113429.95
5105,Tara Sharma,57,HR,117097.84
5106,Kriti Sharma,40,Sales,179303.76
5107,Sanjay Paraswar,23,Sales,75611.8
5108,Agnijeet Kamble,30,Sales,82183.02
5109,Amit Sharma,26,HR,92051.23
5110,Agnijeet Desai,34,Sales,153597.58
5111,Sanjay Kamble,30,Sales,23336.55
5112,Tara Jain,42,Support,189375.56
5113,Rina Desai,57,Support,35288.16
5114,Kriti Patel,41,HR,100194.69
5115,Rina Raina,47,HR,182987.43
5116,Rina Paraswar,31,Engineering,20465.88
5117,Rohit Raina,31,Engineering,182534.27
5118,Amit Jain,35,Engineering,179605.75
5119,Rohit Sharma,45,Finance,51460.87
5120,Kriti Jain,54,Marketing,109425.41
5121,Amit Desai,48,Sales,82912.91
5122,Rina Khatri,40,HR,42298.11
5123,Kavish Patel,58,Marketing,39015.3
5124,Agnijeet Jain,33,Sales,28969.78
5125,Vaidehi Sharma,36,Finance,183724.09
5126,Amit Patel,24,Sales,144577.32
5127,Rohit Raina,54,HR,156626.25
5128,Kriti Raina,65,Support,121397.41
5129,Sanjay Paraswar,21,Support,170761.71
5130,Kavish Kamble,31,Finance,83989.06
5131,Sanjay Desai,34,Sales,165303.75
5132,Kavish Raina,31,Support,46926.34
5133,Rohit Patel,38,HR,69863.48
5134,Kriti Desai,49,Support,165784.46
5135,Agnijeet Patel,63,Marketing,137040.25
5136,Sanjay Sharma,35,Engineering,27626.81
5137,Rohit Paraswar,56,HR,113863.8
5138,Rohit Khatri,51,Support,63122.17
5139,Tara Jain,44,Finance,126342.38
5140,Akanksha Khatri,28,Sales,164623.48
5141,Sanjay Patel,52,Support,67641.93
5142,Tara Desai,24,Support,114813.7
5143,Tara Khatri,36,Finance,93011.63
5144,Akanksha Jain,58,Engineering,196309.53
5145,Rina Khatri,48,Engineering,83145.84
5146,Kavish Raina,19,Engineering,42467.87
5147,Sanjay Sharma,28,Marketing,30159.32
5148,Rohit Kamble,38,HR,93315.5
5149,Sanjay Sharma,20,Sales,168207.45
5150,Kavish Khatri,28,Engineering,120891.98
5151,Akanksha Kamble,22,Finance,93856.52
5152,Agnijeet Kamble,62,Support,35605.09
5153,Agnijeet Paraswar,53,Finance,77591.24
5154,Kavish Kamble,51,Marketing,143243.84
5155,Tara Kamble,58,Finance,158473.49
5156,Sanjay Sharma,34,Finance,138061.95
5157,Amit Desai,38,Finance,158886.46
5158,Vaidehi Desai,25,Sales,22103.9
5159,Agnijeet Kamble,35,Support,164889.76
5160,Rina Paraswar,61,Engineering,170203.28
5161,Rohit Patel,50,Finance,104999.16
5162,Kriti Desai,41,Support,141432.82
5163,Akanksha Khatri,26,Engineering,71703.52
5164,Akanksha Sharma,61,Finance,167391.01
5165,Amit Desai,40,Sales,59925.28
5166,Akanksha Paraswar,33,HR,22547.62
5167,Sanjay Sharma,28,Marketing,151007.71
5168,Amit Khatri,40,Marketing,113981.67
5169,Agnijeet Kamble,46,Engineering,150214.61
5170,Tara Khatri,64,Support,143577.0
5171,Kriti Sharma,50,Finance,101271.67
5172,Tara Paraswar,40,Marketing,115355.34
5173,Tara Khatri,61,Marketing,22377.94
5174,Agnijeet Kamble,25,Marketing,62971.63
5175,Tara Kamble,52,Sales,36128.22
5176,Kriti Raina,27,HR,99829.4
5177,Tara Kamble,43,Sales,175419.16
5178,Kriti Desai,53,Finance,32071.98
5179,Kriti Patel,42,Marketing,81202.61
5180,Amit Sharma,35,HR,142949.34
5181,Vaidehi Sharma,23,Support,64267.81
5182,Amit Patel,42,Sales,115581.9
5183,Tara Jain,18,Support,65563.69
5184,Agnijeet Sharma,62,Support,153511.63
5185,Vaidehi Patel,24,Engineering,146371.78
5186,Kriti Khatri,53,Finance,59940.67
5187,Vaidehi Sharma,64,Sales,41779.43
5188,Agnijeet Kamble,60,Sales,165337.47
5189,Amit Kamble,40,Sales,198647.52
5190,Akanksha Sharma,24,Marketing,24483.39
5191,Kriti Paraswar,39,Support,48162.49
5192,Kavish Desai,38,Support,154459.95
5193,Rohit Jain,53,Support,30400.94
5194,Sanjay Paraswar,52,Engineering,132824.72
5195,Kriti Kamble,27,Engineering,78278.14
5196,Sanjay Khatri,43,HR,157657.71
5197,Akanksha Jain,46,Finance,138434.35
5198,Vaidehi Khatri,32,HR,98326.5
5199,Rohit Patel,54,HR,164375.97
5200,Kavish Desai,64,Engineering,25260.7
5201,Sanjay Khatri,41,Engineering,185243.87
5202,Tara Raina,47,Support,158457.34
5203,Rina Desai,26,Sales,52516.64
5204,Kavish Sharma,53,Finance,160947.22
5205,Rina Kamble,63,HR,109155.03
5206,Kavish Desai,21,Engineering,66143.93
5207,Rohit Patel,37,Finance,120380.14
5208,Amit Khatri,31,Engineering,38887.87
5209,Sanjay Khatri,38,HR,196435.83
5210,Rohit Sharma,53,Finance,90849.39
5211,Sanjay Sharma,23,HR,72532.43
5212,Tara Sharma,52,Marketing,123251.56
5213,Agnijeet Jain,18,Sales,114133.02
5214,Rohit Raina,35,Sales,152570.29
5215,Rina Patel,23,Marketing,138514.52
5216,Kriti Raina,18,HR,55365.36
5217,Akanksha Paraswar,63,HR,69526.49
5218,Amit Paraswar,41,Finance,140353.25
5219,Kavish Sharma,38,Sales,188064.82
5220,Tara Patel,51,Engineering,24961.46
5221,Akanksha Sharma,41,Engineering,40166.17
5222,Vaidehi Sharma,52,Sales,116192.47
5223,Rohit Sharma,65,Support,53987.52
5224,Rohit Jain,40,Support,112916.19
5225,Tara Raina,37,HR,179453.57
5226,Kriti Jain,46,Finance,37708.64
5227,Rohit Patel,58,HR,40607.75
5228,Rina Kamble,29,HR,46709.43
5229,Rohit Sharma,38,Marketing,102499.09
5230,Akanksha Sharma,58,HR,83244.67
5231,Amit Raina,28,Engineering,119596.41
5232,Kriti Sharma,44,Finance,113635.61
5233,Akanksha Raina,52,Finance,135447.16
5234,Rohit Desai,54,HR,42679.25
5235,Kavish Paraswar,43,Marketing,69200.79
5236,Akanksha Desai,20,Marketing,104033.84
5237,Akanksha Sharma,20,Support,93699.35
5238,Agnijeet Sharma,65,Engineering,51116.09
5239,Agnijeet Kamble,29,Marketing,113373.05
5240,Akanksha Patel,30,Marketing,119747.19
5241,Sanjay Kamble,36,HR,65964.9
5242,Akanksha Jain,41,Engineering,143784.24
5243,Rina Khatri,42,Marketing,23067.06
5244,Amit Kamble,63,Marketing,51185.22
5245,Rina Paraswar,49,Sales,168475.03
5246,Kriti Paraswar,44,Finance,95449.0
5247,Rohit Paraswar,52,HR,125972.11
5248,Tara Sharma,40,Sales,60511.07
5249,Agnijeet Raina,47,Sales,29178.87
5250,Kriti Paraswar,65,Sales,122191.41
5251,Kriti Desai,38,Marketing,126521.61
5252,Rina Paraswar,23,Sales,66024.77
5253,Kriti Paraswar,33,Engineering,100734.77
5254,Rina Sharma,43,HR,96290.9
5255,Agnijeet Sharma,41,Finance,68685.5
5256,Akanksha Paraswar,20,Marketing,179604.97
5257,Sanjay Kamble,37,Support,38555.03
5258,Sanjay Paraswar,61,Finance,85078.21
5259,Tara Desai,54,Finance,90625.49
5260,Kriti Jain,44,Engineering,83855.3
5261,Rina Raina,18,Engineering,136282.66
5262,Vaidehi Paraswar,61,Engineering,119216.1
5263,Kavish Jain,53,Marketing,106265.53
5264,Kriti Kamble,41,Finance,188197.3
5265,Rohit Khatri,52,Marketing,133109.23
5266,Agnijeet Desai,29,Sales,147021.92
5267,Kavish Patel,28,Sales,143544.5
5268,Akanksha Paraswar,63,Marketing,129483.36
5269,Rina Kamble,64,HR,108061.67
5270,Akanksha Desai,62,HR,26111.14
5271,Akanksha Patel,22,Support,140171.94
5272,Amit Kamble,48,HR,127340.77
5273,Vaidehi Paraswar,26,Finance,110493.13
5274,Sanjay Desai,47,Sales,73386.41
5275,Rina Desai,60,HR,29224.05
5276,Vaidehi Paraswar,40,Support,138824.13
5277,Vaidehi Kamble,46,Finance,133008.05
5278,Amit Desai,36,Support,142180.63
5279,Rina Jain,34,Finance,193013.32
5280,Rohit Desai,60,Sales,94985.74
5281,Amit Jain,21,Engineering,73160.25
5282,Kriti Khatri,18,Support,85342.59
5283,Kriti Paraswar,23,Finance,169230.16
5284,Tara Patel,48,Engineering,174024.98
5285,Akanksha Jain,21,Sales,119856.1
5286,Tara Kamble,40,Marketing,69376.49
5287,Tara Kamble,40,Finance,137719.52
5288,Sanjay Khatri,61,Engineering,94140.97
5289,Amit Kamble,38,Finance,22805.46
5290,Tara Raina,61,Engineering,154173.08
5291,Tara Khatri,33,HR,134062.32
5292,Rina Sharma,52,Finance,23726.13
5293,Amit Sharma,27,Support,179544.89
5294,Sanjay Patel,20,HR,138831.88
5295,Akanksha Kamble,23,Support,52684.05
5296,Rina Paraswar,43,Marketing,24895.55
5297,Rina Kamble,47,Engineering,107875.18
5298,Agnijeet Raina,18,Support,168760.89
5299,Rina Patel,41,Support,65759.33
5300,Akanksha Paraswar,64,Finance,53572.35
5301,Agnijeet Khatri,33,Support,126770.9
5302,Sanjay Kamble,41,Support,160434.77
5303,Akanksha Sharma,52,Finance,143386.56
5304,Sanjay Kamble,54,Finance,91183.88
5305,Akanksha Desai,58,Sales,63425.44
5306,Rohit Patel,42,Sales,65148.82
5307,Rina Sharma,65,HR,75386.34
5308,Tara Khatri,40,Engineering,163930.32
5309,Vaidehi Kamble,38,Finance,138806.79
5310,Tara Jain,51,Finance,48656.37
5311,Rohit Patel,31,Engineering,186128.69
5312,Vaidehi Jain,50,Sales,67220.17
5313,Tara Sharma,49,Support,164509.94
5314,Sanjay Paraswar,37,HR,182143.25
5315,Akanksha Patel,62,Sales,166504.91
5316,Kriti Khatri,48,HR,180313.37
5317,Rina Sharma,19,Finance,30918.23
5318,Kavish Jain,54,Finance,91150.69
5319,Rina Patel,56,Finance,72699.66
5320,Rina Khatri,61,Marketing,67826.86
5321,Kriti Paraswar,22,Sales,35314.61
5322,Agnijeet Kamble,21,Sales,48696.56
5323,Kriti Khatri,37,Finance,55450.15
5324,Vaidehi Raina,27,HR,178102.11
5325,Kriti Sharma,35,Engineering,181224.54
5326,Agnijeet Desai,29,Sales,64663.71
5327,Amit Khatri,40,HR,43989.28
5328,Rohit Paraswar,44,Support,190974.84
5329,Kriti Paraswar,23,Sales,75057.11
5330,Agnijeet Patel,47,Support,157858.1
5331,Kavish Kamble,45,Sales,69503.94
5332,Sanjay Paraswar,46,Marketing,159223.44
5333,Amit Desai,63,Engineering,29684.29
5334,Kriti Raina,51,Marketing,129419.44
5335,Rina Khatri,27,Sales,193777.56
5336,Kriti Patel,30,Sales,119747.89
5337,Rohit Sharma,38,Finance,59657.98
5338,Sanjay Paraswar,25,Sales,116262.96
5339,Rina Kamble,34,Finance,126015.84
5340,Akanksha Raina,33,Engineering,25227.55
5341,Kriti Jain,33,Support,39356.92
5342,Amit Sharma,46,HR,127151.57
5343,Tara Desai,61,Sales,154252.09
5344,Vaidehi Kamble,65,Finance,182945.78
5345,Tara Khatri,24,Engineering,95760.41
5346,Sanjay Desai,38,Sales,169545.82
5347,Sanjay Sharma,22,Sales,181991.48
5348,Vaidehi Khatri,61,Marketing,152130.21
5349,Vaidehi Raina,32,Finance,171297.34
5350,Akanksha Paraswar,55,Finance,134765.98
5351,Agnijeet Desai,28,Support,121843.53
5352,Tara Sharma,51,Support,97710.0
5353,Akanksha Raina,29,Finance,132923.51
5354,Agnijeet Raina,25,Support,96336.7
5355,Akanksha Patel,62,Finance,130463.3
5356,Vaidehi Paraswar,47,Support,148872.08
5357,Kavish Paraswar,54,Finance,182054.25
5358,Tara Sharma,64,HR,56417.28
5359,Rohit Khatri,41,Support,47203.41
5360,Akanksha Sharma,47,Finance,150154.64
5361,Amit Paraswar,24,HR,165682.68
5362,Kavish Kamble,65,Sales,50809.08
5363,Kavish Kamble,26,Support,189543.66
5364,Akanksha Khatri,22,Marketing,160211.66
5365,Kriti Khatri,62,Marketing,133835.8
5366,Sanjay Khatri,55,Finance,189805.08
5367,Kavish Raina,45,Support,125689.4
5368,Tara Sharma,51,Engineering,62128.69
5369,Tara Khatri,44,Marketing,44420.36
5370,Akanksha Jain,59,Marketing,34425.65
5371,Vaidehi Desai,44,HR,159580.79
5372,Akanksha Khatri,47,Finance,38294.19
5373,Kriti Jain,61,Engineering,172548.23
5374,Amit Paraswar,46,Engineering,50202.45
5375,Sanjay Raina,55,HR,78350.4
5376,Tara Khatri,41,Engineering,138468.25
5377,Rina Kamble,46,Sales,161177.93
5378,Sanjay Jain,18,Sales,35067.71
5379,Tara Patel,27,Engineering,29411.49
5380,Rina Desai,52,Finance,40732.25
5381,Rohit Raina,21,Support,182653.67
5382,Vaidehi Raina,65,Sales,92052.88
5383,Vaidehi Patel,60,HR,129638.36
5384,Kavish Patel,62,HR,177873.49
5385,Rohit Khatri,20,Sales,158145.02
5386,Tara Raina,24,Sales,167706.98
5387,Kavish Patel,36,HR,136591.38
5388,Amit Desai,43,HR,188932.12
5389,Rohit Kamble,52,Finance,177191.46
5390,Agnijeet Khatri,44,Finance,67501.9
5391,Rina Kamble,61,Support,178167.51
5392,Sanjay Sharma,36,Finance,53743.4
5393,Kriti Desai,56,Marketing,78304.14
5394,Kriti Kamble,64,Marketing,150562.75
5395,Sanjay Patel,41,Support,152029.4
5396,Rohit Khatri,50,HR,69525.87
5397,Kriti Paraswar,27,Marketing,187858.46
5398,Sanjay Khatri,22,Finance,95498.21
5399,Sanjay Raina,30,Sales,160424.72
5400,Amit Patel,61,Sales,23650.58
5401,Agnijeet Sharma,62,Support,90430.06
5402,Kriti Khatri,48,Marketing,138363.45
5403,Vaidehi Sharma,27,HR,150840.14
5404,Tara Paraswar,24,Sales,34540.05
5405,Rina Khatri,38,Finance,113496.86
5406,Rohit Khatri,61,HR,156401.53
5407,Rina Sharma,63,HR,150198.54
5408,Akanksha Raina,57,Engineering,136474.3
5409,Kavish Raina,20,Finance,33669.05
5410,Rina Paraswar,26,Engineering,102501.16
5411,Agnijeet Paraswar,42,Finance,130970.26
5412,Rohit Raina,44,Finance,23602.58
5413,Vaidehi Sharma,57,Engineering,30549.87
5414,Akanksha Paraswar,27,Support,113366.12
5415,Agnijeet Khatri,27,Marketing,181759.74
5416,Agnijeet Patel,50,Support,177460.13
5417,Kriti Khatri,41,Marketing,56711.66
5418,Rina Jain,30,Finance,152753.14
5419,Agnijeet Patel,34,Support,98087.69
5420,Rohit Patel,24,Finance,86794.06
5421,Kavish Sharma,64,HR,69179.46
5422,Tara Paraswar,35,Sales,178029.52
5423,Kavish Paraswar,32,HR,112991.88
5424,Agnijeet Khatri,31,Sales,168789.97
5425,Kavish Kamble,30,Sales,90773.41
5426,Rohit Paraswar,51,Sales,189976.53
5427,Akanksha Jain,44,Support,198342.34
5428,Amit Paraswar,41,Support,77404.26
5429,Kriti Paraswar,50,Support,115177.01
5430,Agnijeet Sharma,24,Sales,172293.14
5431,Sanjay Paraswar,61,Sales,64085.76
5432,Agnijeet Desai,26,HR,168818.28
5433,Vaidehi Khatri,53,Finance,169705.45
5434,Vaidehi Jain,49,Engineering,112461.2
5435,Kavish Jain,40,Marketing,105799.93
5436,Kavish Paraswar,31,Support,20844.69
5437,Rina Jain,55,Engineering,89955.54
5438,Akanksha Sharma,49,Sales,139379.43
5439,Kavish Paraswar,57,Sales,75514.03
5440,Rohit Raina,56,Support,62128.2
5441,Rohit Raina,57,Marketing,129447.77
5442,Kavish Patel,52,Support,66559.46
5443,Amit Kamble,46,HR,56528.66
5444,Rina Patel,38,Marketing,131220.21
5445,Kriti Desai,31,Sales,159115.81
5446,Rina Desai,51,Support,190762.86
5447,Kavish Paraswar,22,Sales,179515.21
5448,Amit Raina,38,HR,194608.19
5449,Akanksha Desai,65,Support,32873.06
5450,Rohit Jain,55,HR,115546.57
5451,Akanksha Jain,61,Support,192116.54
5452,Sanjay Kamble,47,Finance,188442.75
5453,Rina Sharma,26,Engineering,84900.7
5454,Agnijeet Kamble,30,Engineering,107833.97
5455,Vaidehi Jain,25,Sales,128861.98
5456,Tara Paraswar,61,Support,67157.94
5457,Amit Patel,25,Sales,106406.17
5458,Rohit Patel,22,Engineering,54034.05
5459,Rina Desai,49,Marketing,20463.53
5460,Kavish Raina,30,Sales,130972.32
5461,Rohit Kamble,40,Sales,80486.3
5462,Amit Patel,18,Sales,174066.2
5463,Akanksha Khatri,25,Sales,63166.76
5464,Akanksha Sharma,31,Support,82020.51
5465,Vaidehi Khatri,43,Support,167849.31
5466,Rina Khatri,30,Finance,73647.45
5467,Tara Raina,42,Marketing,192491.82
5468,Vaidehi Patel,51,Sales,131081.92
5469,Agnijeet Khatri,23,Support,34908.22
5470,Sanjay Khatri,51,Support,154907.45
5471,Kriti Jain,18,Marketing,122322.79
5472,Akanksha Khatri,31,Support,187580.78
5473,Vaidehi Kamble,41,HR,99400.32
5474,Tara Jain,41,Finance,48450.94
5475,Tara Kamble,29,Finance,30011.61
5476,Amit Khatri,27,Support,46584.37
5477,Agnijeet Jain,27,HR,111376.27
5478,Sanjay Khatri,43,Engineering,34208.72
5479,Vaidehi Paraswar,24,Finance,44141.83
5480,Kavish Jain,29,Engineering,68074.29
5481,Rina Sharma,32,Engineering,67937.67
5482,Rohit Raina,37,HR,38748.44
5483,Kriti Raina,36,Engineering,103855.73
5484,Kavish Raina,44,Marketing,167345.11
5485,Akanksha Khatri,30,Marketing,175218.76
5486,Tara Kamble,53,Engineering,43395.08
5487,Tara Sharma,30,Marketing,153758.75
5488,Vaidehi Paraswar,20,Support,30012.83
5489,Rina Jain,31,Sales,85019.42
5490,Rina Raina,39,Finance,142324.01
5491,Agnijeet Raina,44,Support,30873.61
5492,Rohit Jain,61,Support,120211.6
5493,Sanjay Khatri,45,Sales,191461.02
5494,Amit Kamble,33,Finance,187648.26
5495,Kavish Jain,39,Marketing,101481.49
5496,Akanksha Desai,31,Sales,145948.66
5497,Tara Desai,36,Engineering,168097.36
5498,Vaidehi Desai,65,Engineering,37686.11
5499,Kriti Desai,37,Support,184140.71
5500,Rohit Jain,40,Finance,24970.26
5501,Agnijeet Desai,56,Marketing,151081.17
5502,Rohit Desai,44,Engineering,99751.96
5503,Kavish Desai,42,Finance,137792.18
5504,Tara Sharma,47,Marketing,26242.21
5505,Sanjay Patel,36,Support,135252.43
5506,Amit Paraswar,63,Sales,141208.21
5507,Agnijeet Khatri,27,Sales,143569.13
5508,Rohit Patel,23,Support,22108.04
5509,Kriti Khatri,48,Finance,98613.72
5510,Tara Sharma,52,Marketing,55041.17
5511,Rina Patel,29,HR,52754.97
5512,Amit Sharma,51,HR,133971.34
5513,Akanksha Khatri,40,Engineering,167614.66
5514,Rina Paraswar,56,Engineering,104846.81
5515,Kavish Patel,47,Finance,180838.25
5516,Amit Desai,36,Sales,188494.29
5517,Akanksha Desai,39,Finance,122560.82
5518,Vaidehi Kamble,20,Finance,20841.47
5519,Tara Patel,27,HR,98984.49
5520,Akanksha Kamble,47,Marketing,29463.32
5521,Rohit Jain,24,Sales,184840.07
5522,Akanksha Jain,28,Sales,175753.1
5523,Kavish Paraswar,24,Support,191648.68
5524,Amit Sharma,42,Sales,94784.12
5525,Tara Jain,40,HR,151688.24
5526,Vaidehi Sharma,41,Marketing,20074.42
5527,Rina Desai,40,Sales,76708.63
5528,Kavish Paraswar,21,Support,141893.33
5529,Tara Kamble,38,Support,94932.62
5530,Sanjay Khatri,33,Sales,51234.0
5531,Kavish Kamble,23,Marketing,117931.38
5532,Tara Khatri,31,Support,121337.7
5533,Vaidehi Sharma,33,Marketing,124173.74
5534,Rina Desai,42,Support,41748.61
5535,Rina Paraswar,55,Marketing,102179.71
5536,Akanksha Paraswar,62,Sales,115376.5
5537,Rina Sharma,35,Finance,26804.66
5538,Vaidehi Paraswar,18,HR,139122.26
5539,Sanjay Sharma,30,Marketing,70722.28
5540,Rohit Jain,62,Sales,172361.29
5541,Rina Raina,54,Sales,163946.8
5542,Tara Jain,59,Sales,116120.17
5543,Rina Khatri,59,Support,169201.39
5544,Sanjay Khatri,58,Finance,191957.67
5545,Rina Sharma,23,Finance,197506.71
5546,Amit Sharma,65,HR,112865.85
5547,Agnijeet Khatri,34,Finance,138222.55
5548,Vaidehi Paraswar,37,HR,199830.87
5549,Tara Kamble,52,HR,141731.62
5550,Kriti Khatri,53,Support,37457.18
5551,Kriti Khatri,43,Support,152145.03
5552,Kriti Kamble,18,Sales,48295.98
5553,Rohit Desai,58,Sales,138367.69
5554,Sanjay Desai,27,Sales,132084.34
5555,Agnijeet Khatri,40,Support,57198.57
5556,Kriti Patel,48,Engineering,114295.85
5557,Kavish Desai,46,Engineering,60703.81
5558,Amit Desai,33,Finance,90538.35
5559,Rina Sharma,35,Sales,87252.56
5560,Amit Raina,45,HR,138139.09
5561,Kavish Desai,54,Support,70471.98
5562,Rina Desai,48,Finance,126697.94
5563,Kavish Raina,22,Engineering,99638.08
5564,Rohit Khatri,41,Sales,100342.48
5565,Amit Sharma,33,HR,183553.42
5566,Rohit Desai,55,Engineering,152361.76
5567,Sanjay Kamble,49,Finance,179377.12
5568,Kriti Paraswar,25,Finance,151321.15
5569,Sanjay Jain,23,HR,99123.1
5570,Vaidehi Sharma,23,HR,101888.95
5571,Vaidehi Desai,30,Support,35264.69
5572,Kavish Sharma,57,Support,97877.73
5573,Amit Paraswar,52,Finance,111482.33
5574,Rohit Khatri,24,Finance,122092.42
5575,Rohit Khatri,20,Engineering,100573.15
5576,Sanjay Kamble,32,Marketing,92150.85
5577,Kriti Khatri,37,Engineering,194652.8
5578,Rina Paraswar,55,Marketing,81844.19
5579,Agnijeet Paraswar,44,Engineering,131930.73
5580,Rohit Patel,29,Engineering,137368.23
5581,Akanksha Desai,60,Support,182084.47
5582,Agnijeet Sharma,53,Engineering,176982.38
5583,Rohit Desai,44,HR,182328.0
5584,Kriti Sharma,54,Marketing,157422.74
5585,Kriti Jain,44,Sales,190510.66
5586,Vaidehi Paraswar,23,Support,106212.56
5587,Kriti Raina,48,Finance,103604.51
5588,Vaidehi Sharma,39,Sales,135402.53
5589,Sanjay Raina,46,HR,138647.64
5590,Kriti Kamble,60,HR,110549.27
5591,Akanksha Paraswar,21,Support,89087.1
5592,Amit Desai,59,Marketing,70247.51
5593,Agnijeet Kamble,49,HR,89061.35
5594,Tara Raina,64,Sales,103297.89
5595,Sanjay Khatri,58,Sales,155496.46
5596,Amit Sharma,50,Support,188483.2
5597,Kriti Desai,50,Marketing,186201.35
5598,Rohit Kamble,18,Support,155195.7
5599,Sanjay Khatri,64,Engineering,185325.52
5600,Tara Sharma,53,Marketing,160886.01
5601,Agnijeet Paraswar,35,HR,135411.21
5602,Sanjay Kamble,54,Engineering,186542.06
5603,Agnijeet Desai,21,Engineering,138761.65
5604,Tara Sharma,21,Finance,40010.26
5605,Akanksha Jain,52,HR,89526.02
5606,Rohit Patel,28,HR,188511.53
5607,Vaidehi Patel,39,Support,78028.57
5608,Rohit Sharma,42,Support,59970.87
5609,Rohit Paraswar,45,HR,169001.6
5610,Rohit Kamble,56,Support,95650.12
5611,Rohit Raina,43,Engineering,140444.31
5612,Akanksha Jain,37,Engineering,96664.0
5613,Vaidehi Raina,21,HR,79466.81
5614,Kriti Sharma,44,HR,137874.73
5615,Rina Paraswar,42,Finance,75927.66
5616,Tara Sharma,43,Engineering,196746.92
5617,Rina Kamble,61,Support,184262.99
5618,Agnijeet Desai,58,Marketing,34796.1
5619,Vaidehi Kamble,32,Sales,91707.33
5620,Akanksha Khatri,36,Support,116014.47
5621,Amit Sharma,57,Marketing,74700.93
5622,Agnijeet Patel,28,Support,193140.53
5623,Kriti Patel,65,Marketing,177540.19
5624,Amit Kamble,49,Support,158016.23
5625,Kavish Khatri,55,HR,129205.0
5626,Kavish Raina,42,Support,83351.99
5627,Sanjay Khatri,63,Marketing,198314.86
5628,Amit Khatri,29,HR,155055.18
5629,Agnijeet Paraswar,32,Support,37179.84
5630,Agnijeet Patel,60,Engineering,147350.86
5631,Sanjay Patel,33,Engineering,148430.34
5632,Akanksha Paraswar,64,Engineering,145575.51
5633,Agnijeet Raina,38,HR,45345.32
5634,Kavish Kamble,45,HR,113095.7
5635,Akanksha Raina,59,Marketing,31749.73
5636,Kriti Patel,32,HR,163455.97
5637,Rohit Paraswar,27,Finance,88990.93
5638,Kriti Patel,56,Engineering,199497.3
5639,Agnijeet Desai,38,Marketing,132197.77
5640,Tara Sharma,51,Engineering,194028.82
5641,Kavish Sharma,28,Sales,67014.86
5642,Vaidehi Khatri,42,Finance,24319.36
5643,Rohit Desai,20,Finance,177526.08
5644,Tara Desai,19,Finance,76413.47
5645,Kriti Jain,29,Marketing,119332.35
5646,Kriti Paraswar,33,HR,59165.91
5647,Sanjay Jain,35,HR,114817.37
5648,Agnijeet Raina,64,Engineering,117434.4
5649,Amit Khatri,26,Sales,51691.84
5650,Kavish Jain,46,Support,106901.09
5651,Vaidehi Kamble,55,Finance,183272.64
5652,Rina Raina,48,Marketing,186336.05
5653,Agnijeet Kamble,58,Support,186928.62
5654,Kriti Sharma,22,Engineering,131736.16
5655,Agnijeet Raina,63,HR,110548.67
5656,Rohit Raina,47,Engineering,172771.49
5657,Sanjay Jain,45,Finance,111795.04
5658,Tara Sharma,46,Sales,134772.69
5659,Amit Kamble,27,Sales,146615.54
5660,Kriti Khatri,59,Sales,185693.5
5661,Kriti Desai,31,Finance,125829.01
5662,Akanksha Raina,51,Engineering,128399.05
5663,Rina Sharma,63,Marketing,135276.41
5664,Kavish Kamble,39,Sales,29422.32
5665,Amit Khatri,41,HR,53480.43
5666,Agnijeet Patel,18,Marketing,95902.61
5667,Tara Raina,32,Finance,21494.32
5668,Rohit Jain,51,Sales,199349.28
5669,Vaidehi Patel,20,Marketing,177235.73
5670,Amit Sharma,28,Sales,27396.16
5671,Sanjay Sharma,19,Engineering,181456.05
5672,Akanksha Patel,24,Finance,182053.7
5673,Agnijeet Khatri,59,Engineering,58773.93
5674,Akanksha Patel,45,Engineering,180164.86
5675,Kriti Paraswar,34,Engineering,111236.64
5676,Amit Paraswar,48,Engineering,106142.08
5677,Rohit Khatri,35,Sales,155508.36
5678,Tara Patel,46,Support,125648.22
5679,Amit Desai,55,Engineering,198104.94
5680,Sanjay Kamble,21,Finance,126754.46
5681,Vaidehi Raina,23,Marketing,160928.31
5682,Kriti Sharma,52,Sales,108650.23
5683,Amit Desai,25,Finance,77691.5
5684,Kavish Raina,23,HR,128559.18
5685,Vaidehi Sharma,63,HR,43577.11
5686,Rina Patel,36,Support,28642.51
5687,Akanksha Kamble,45,Marketing,175608.39
5688,Rina Desai,59,Marketing,76510.13
5689,Rohit Khatri,32,Marketing,51500.77
5690,Rohit Raina,21,HR,31268.84
5691,Vaidehi Raina,21,Marketing,114691.73
5692,Amit Raina,46,Marketing,175822.72
5693,Akanksha Desai,44,Support,126320.82
5694,Vaidehi Jain,19,Marketing,121473.81
5695,Rohit Paraswar,44,Sales,23513.75
5696,Rohit Patel,28,HR,122865.15
5697,Rohit Raina,18,Sales,179207.17
5698,Akanksha Desai,64,HR,138721.03
5699,Tara Raina,34,Sales,49724.78
5700,Sanjay Khatri,50,Support,127215.46
5701,Kavish Patel,21,Finance,160278.91
5702,Amit Sharma,49,HR,164299.6
5703,Sanjay Desai,23,Marketing,171187.24
5704,Agnijeet Kamble,45,Support,126941.76
5705,Amit Raina,36,Marketing,158002.98
5706,Akanksha Raina,56,Finance,170001.35
5707,Agnijeet Jain,50,Finance,45245.6
5708,Kavish Sharma,61,Engineering,171040.38
5709,Rina Sharma,36,Marketing,46970.63
5710,Tara Kamble,64,Sales,146633.89
5711,Rina Desai,25,Marketing,48515.77
5712,Kavish Raina,34,Marketing,158994.85
5713,Agnijeet Patel,60,Finance,149343.21
5714,Agnijeet Sharma,40,Sales,75211.06
5715,Vaidehi Kamble,49,Marketing,23150.25
5716,Akanksha Jain,58,Sales,131511.76
5717,Agnijeet Patel,43,Engineering,53487.67
5718,Kavish Raina,55,Finance,74647.26
5719,Vaidehi Desai,47,Marketing,31654.03
5720,Agnijeet Jain,43,Finance,53983.54
5721,Vaidehi Patel,64,Support,71262.74
5722,Sanjay Kamble,50,Engineering,125380.59
5723,Agnijeet Patel,51,Marketing,109406.28
5724,Kriti Kamble,47,Sales,164831.02
5725,Akanksha Desai,41,Engineering,61322.43
5726,Rohit Raina,54,Sales,24813.74
5727,Rina Paraswar,30,Engineering,196757.66
5728,Amit Khatri,53,Finance,183274.34
5729,Akanksha Jain,63,Finance,142211.72
5730,Rina Patel,56,Sales,42176.52
5731,Rohit Desai,32,Support,163975.12
5732,Tara Jain,23,Support,139477.46
5733,Amit Sharma,65,Finance,24760.84
5734,Kriti Kamble,33,Finance,47119.52
5735,Rohit Paraswar,54,Support,199844.13
5736,Kavish Sharma,21,Marketing,107642.02
5737,Sanjay Sharma,47,Finance,151635.38
5738,Kavish Paraswar,18,Sales,65798.86
5739,Sanjay Desai,21,Sales,180696.61
5740,Akanksha Kamble,55,Sales,98818.6
5741,Rina Patel,33,Support,194803.78
5742,Vaidehi Kamble,49,Marketing,46087.95
5743,Vaidehi Sharma,22,Engineering,125107.47
5744,Rohit Raina,37,Finance,186647.1
5745,Kriti Jain,65,Marketing,30886.12
5746,Tara Patel,28,HR,168088.77
5747,Akanksha Kamble,43,Engineering,186696.74
5748,Rina Desai,51,Finance,53199.96
5749,Vaidehi Jain,45,Support,34954.83
5750,Kriti Raina,44,HR,24659.32
5751,Sanjay Khatri,47,Finance,49729.58
5752,Kavish Paraswar,42,Engineering,22131.99
5753,Agnijeet Sharma,61,HR,44217.54
5754,Vaidehi Khatri,63,Engineering,21627.2
5755,Kavish Sharma,58,HR,27809.9
5756,Agnijeet Raina,46,Finance,66291.3
5757,Tara Jain,32,Engineering,37941.23
5758,Agnijeet Raina,45,Finance,124199.29
5759,Kriti Kamble,64,Sales,109906.59
5760,Rohit Desai,25,Support,80077.92
5761,Tara Kamble,29,Support,155465.63
5762,Tara Jain,62,HR,37777.39
5763,Tara Kamble,39,Engineering,40866.03
5764,Sanjay Patel,61,HR,54751.49
5765,Akanksha Kamble,40,Engineering,146178.01
5766,Rina Jain,30,HR,143458.61
5767,Vaidehi Khatri,23,Sales,27445.57
5768,Kriti Desai,56,Support,47234.88
5769,Tara Khatri,54,Sales,111815.24
5770,Vaidehi Kamble,62,Sales,99389.47
5771,Rina Khatri,46,Engineering,142098.48
5772,Rohit Desai,53,Support,172778.29
5773,Sanjay Sharma,37,Engineering,76588.18
5774,Kavish Raina,55,Marketing,151447.52
5775,Amit Kamble,36,Marketing,102818.29
5776,Akanksha Patel,57,Finance,77067.03
5777,Sanjay Khatri,23,Support,98169.68
5778,Kavish Jain,28,HR,133716.65
5779,Rohit Jain,27,Support,136531.3
5780,Kavish Khatri,20,Marketing,136230.41
5781,Tara Khatri,32,Sales,179374.01
5782,Kavish Kamble,19,HR,180430.02
5783,Akanksha Paraswar,48,Finance,198424.59
5784,Kriti Kamble,35,Engineering,169039.63
5785,Rohit Paraswar,65,Sales,136053.74
5786,Kriti Sharma,28,HR,165265.71
5787,Amit Patel,21,Support,154666.57
5788,Amit Kamble,40,Marketing,157864.35
5789,Kriti Khatri,23,HR,177230.22
5790,Rina Raina,58,Sales,189782.44
5791,Rohit Raina,51,Marketing,81868.6
5792,Amit Sharma,63,HR,30545.4
5793,Vaidehi Patel,36,Engineering,23148.24
5794,Kriti Desai,37,Marketing,143947.65
5795,Tara Patel,24,Engineering,178147.61
5796,Sanjay Jain,20,Finance,180551.87
5797,Amit Sharma,44,Sales,43876.05
5798,Vaidehi Patel,44,Support,57379.54
5799,Kriti Khatri,37,Support,35180.06
5800,Sanjay Raina,61,Sales,192833.79
5801,Rohit Sharma,52,Finance,69590.62
5802,Kriti Khatri,61,Sales,56470.94
5803,Agnijeet Sharma,55,HR,86837.63
5804,Rina Raina,32,Support,162702.49
5805,Rina Kamble,28,Finance,162724.45
5806,Rina Khatri,19,Support,168611.41
5807,Rina Patel,25,Finance,170983.76
5808,Tara Desai,28,Marketing,154996.92
5809,Akanksha Kamble,61,Marketing,185816.49
5810,Agnijeet Raina,65,Finance,139969.2
5811,Akanksha Raina,26,Engineering,151360.07
5812,Kriti Kamble,47,HR,98557.38
5813,Agnijeet Kamble,62,Sales,126749.82
5814,Kriti Khatri,44,Support,179385.06
5815,Agnijeet Desai,51,Marketing,144904.93
5816,Rina Khatri,55,Marketing,164207.85
5817,Kavish Sharma,20,Finance,117753.94
5818,Sanjay Patel,57,Sales,89496.47
5819,Rina Sharma,46,Marketing,70956.22
5820,Rohit Kamble,39,Marketing,114066.21
5821,Kriti Raina,36,Support,65310.53
5822,Agnijeet Desai,41,Marketing,138018.19
5823,Rina Sharma,33,Sales,168332.6
5824,Tara Paraswar,53,Support,38901.76
5825,Amit Kamble,59,HR,162986.24
5826,Sanjay Kamble,47,Finance,79393.43
5827,Sanjay Raina,47,Engineering,113208.86
5828,Rina Jain,65,Sales,144111.47
5829,Rina Desai,29,Sales,176887.96
5830,Vaidehi Sharma,59,Sales,86382.54
5831,Rina Kamble,34,HR,72005.81
5832,Tara Kamble,60,Sales,100291.3
5833,Vaidehi Patel,62,Marketing,147898.3
5834,Rina Kamble,41,Sales,84279.36
5835,Sanjay Paraswar,58,Support,100278.53
5836,Akanksha Jain,58,Engineering,111563.25
5837,Rina Desai,64,Sales,173965.25
5838,Agnijeet Kamble,21,Engineering,185448.86
5839,Kriti Paraswar,54,Sales,63226.08
5840,Tara Khatri,53,Sales,157615.65
5841,Tara Patel,48,Support,163235.05
5842,Kriti Paraswar,59,Support,163529.99
5843,Agnijeet Raina,31,Marketing,149045.76
5844,Vaidehi Patel,61,Engineering,141138.36
5845,Akanksha Paraswar,40,Support,192745.96
5846,Agnijeet Desai,57,Sales,55427.28
5847,Amit Sharma,25,Marketing,43494.03
5848,Vaidehi Jain,28,Marketing,57857.11
5849,Rohit Raina,31,Finance,72874.42
5850,Amit Raina,27,Marketing,89190.82
5851,Rohit Kamble,26,Engineering,192013.33
5852,Kriti Sharma,64,Support,68885.95
5853,Amit Desai,62,Marketing,83059.66
5854,Agnijeet Raina,36,Finance,118825.85
5855,Rohit Raina,50,HR,196562.8
5856,Kavish Khatri,46,HR,29805.28
5857,Akanksha Desai,38,Finance,80849.94
5858,Rina Raina,48,Engineering,133647.4
5859,Akanksha Desai,30,Engineering,158232.13
5860,Sanjay Sharma,46,Support,78063.72
5861,Rina Paraswar,58,Sales,34532.15
5862,Rina Paraswar,28,Support,50018.76
5863,Akanksha Sharma,62,Finance,179765.52
5864,Rohit Desai,57,HR,43248.51
5865,Rohit Raina,28,Engineering,61371.72
5866,Tara Raina,24,Support,143071.63
5867,Tara Sharma,63,Marketing,120870.94
5868,Vaidehi Paraswar,53,HR,93522.53
5869,Akanksha Khatri,37,Sales,173935.65
5870,Tara Paraswar,61,Engineering,114909.37
5871,Tara Jain,35,Sales,50222.12
5872,Rina Khatri,28,HR,197766.64
5873,Kriti Sharma,24,HR,160055.54
5874,Rina Sharma,47,Finance,87182.61
5875,Kavish Desai,33,Finance,169584.46
5876,Rina Patel,50,HR,113978.06
5877,Rohit Kamble,52,Support,124912.03
5878,Kavish Desai,49,Support,46786.15
5879,Vaidehi Sharma,33,HR,179319.0
5880,Vaidehi Paraswar,19,Marketing,44597.84
5881,Amit Paraswar,31,Support,21217.11
5882,Agnijeet Sharma,37,Marketing,167581.13
5883,Rina Patel,43,Engineering,32628.71
5884,Vaidehi Patel,39,Finance,176673.12
5885,Rina Raina,29,Sales,193900.43
5886,Kavish Jain,44,Engineering,23704.47
5887,Kriti Patel,38,Support,112599.12
5888,Akanksha Paraswar,58,Sales,69099.22
5889,Agnijeet Khatri,36,Finance,180051.09
5890,Tara Patel,22,Marketing,191650.21
5891,Tara Sharma,29,Finance,34720.64
5892,Tara Jain,49,Marketing,126617.05
5893,Akanksha Paraswar,63,Engineering,35907.0
5894,Kriti Patel,26,HR,23654.58
5895,Amit Raina,47,Engineering,75980.0
5896,Vaidehi Khatri,26,Sales,109300.39
5897,Kriti Raina,63,Finance,109254.52
5898,Amit Raina,45,Sales,152391.55
5899,Rohit Patel,49,HR,167955.61
5900,Kavish Khatri,65,HR,165271.96
5901,Akanksha Patel,31,Support,92621.6
5902,Agnijeet Raina,33,Sales,53509.04
5903,Vaidehi Desai,29,Engineering,108466.85
5904,Kavish Khatri,61,Finance,122343.85
5905,Amit Raina,56,Engineering,52319.38
5906,Agnijeet Sharma,26,Sales,44837.27
5907,Amit Khatri,61,Finance,146888.76
5908,Rohit Desai,31,HR,48544.61
5909,Akanksha Raina,61,Engineering,34202.18
5910,Agnijeet Khatri,51,Sales,55060.35
5911,Kavish Paraswar,18,Support,77043.16
5912,Agnijeet Kamble,36,Support,57300.03
5913,Akanksha Patel,58,Support,83420.53
5914,Kavish Jain,19,Sales,199713.59
5915,Sanjay Desai,40,Support,107312.53
5916,Amit Patel,41,Sales,75677.5
5917,Tara Patel,36,Sales,186563.83
5918,Kavish Khatri,45,Finance,160854.15
5919,Kavish Khatri,30,Sales,91835.98
5920,Kriti Desai,46,Finance,176329.96
5921,Rohit Raina,39,Finance,79454.21
5922,Sanjay Desai,50,Finance,178745.76
5923,Rina Paraswar,33,Marketing,115207.88
5924,Rohit Jain,52,Support,57880.18
5925,Akanksha Khatri,36,Sales,20962.43
5926,Amit Kamble,61,Support,110036.97
5927,Amit Patel,65,Sales,106654.15
5928,Kavish Patel,39,Support,85638.04
5929,Amit Paraswar,38,Support,153099.53
5930,Akanksha Patel,29,Finance,34095.43
5931,Amit Desai,60,Engineering,29506.25
5932,Agnijeet Desai,28,Engineering,96782.85
5933,Vaidehi Raina,36,Engineering,83127.61
5934,Agnijeet Jain,20,HR,130493.76
5935,Tara Raina,48,Marketing,28629.65
5936,Vaidehi Desai,38,HR,62190.98
5937,Kriti Desai,30,Finance,173826.26
5938,Rohit Khatri,40,Marketing,185356.66
5939,Rina Jain,57,Support,77419.59
5940,Sanjay Desai,31,HR,86911.1
5941,Rina Desai,60,Finance,139210.18
5942,Akanksha Khatri,21,Engineering,185627.34
5943,Akanksha Sharma,45,Support,125801.32
5944,Agnijeet Patel,46,Marketing,99606.82
5945,Vaidehi Khatri,26,Sales,99244.59
5946,Akanksha Desai,24,HR,131012.62
5947,Akanksha Sharma,53,Finance,134788.51
5948,Kavish Sharma,32,Support,175722.63
5949,Kavish Jain,59,Engineering,176303.83
5950,Vaidehi Raina,44,Sales,51090.52
5951,Sanjay Desai,45,Sales,21340.36
5952,Kriti Desai,41,Engineering,31881.11
5953,Rina Jain,51,HR,57350.69
5954,Kavish Sharma,63,Sales,45249.64
5955,Akanksha Khatri,19,Support,105595.4
5956,Vaidehi Patel,23,HR,31296.81
5957,Agnijeet Desai,19,HR,135926.92
5958,Sanjay Sharma,57,HR,82049.9
5959,Vaidehi Jain,20,Sales,187492.49
5960,Amit Sharma,41,HR,119506.37
5961,Vaidehi Raina,38,Marketing,92604.55
5962,Rohit Desai,53,Finance,76812.03
5963,Rina Raina,45,Engineering,139524.94
5964,Rina Kamble,31,Marketing,159055.73
5965,Tara Desai,23,HR,174650.27
5966,Agnijeet Khatri,47,Finance,58532.61
5967,Kriti Jain,30,Engineering,135110.61
5968,Rohit Patel,24,Sales,105447.94
5969,Kavish Kamble,25,Support,65949.23
5970,Kriti Paraswar,41,Engineering,29609.88
5971,Akanksha Kamble,50,HR,185042.58
5972,Tara Jain,32,Support,47111.51
5973,Rohit Desai,63,Finance,60096.45
5974,Tara Sharma,63,Finance,72627.09
5975,Tara Raina,25,Sales,100658.8
5976,Sanjay Khatri,23,Engineering,199876.78
5977,Tara Sharma,23,Support,60042.74
5978,Kavish Jain,44,Engineering,106416.16
5979,Sanjay Paraswar,38,Sales,20524.51
5980,Kavish Raina,30,Finance,59557.71
5981,Rohit Kamble,25,Marketing,148430.6
5982,Sanjay Desai,56,Engineering,84123.86
5983,Agnijeet Desai,59,Support,94252.44
5984,Amit Sharma,23,HR,72445.22
5985,Rina Patel,19,Finance,195312.82
5986,Akanksha Jain,20,Support,173792.39
5987,Kriti Desai,53,Engineering,41744.87
5988,Kriti Desai,65,Sales,73488.08
5989,Vaidehi Sharma,33,Engineering,113859.68
5990,Rina Patel,61,Marketing,44812.4
5991,Tara Patel,36,Support,38044.49
5992,Sanjay Jain,24,HR,115416.41
5993,Akanksha Paraswar,19,Finance,111360.6
5994,Akanksha Paraswar,25,Sales,74595.94
5995,Tara Desai,25,Sales,118070.39
5996,Akanksha Paraswar,46,Engineering,173044.46
5997,Rina Raina,54,HR,23843.89
5998,Kriti Jain,25,Support,60812.4
5999,Akanksha Jain,51,Finance,181314.69
6000,Akanksha Paraswar,20,HR,30716.19
6001,Tara Raina,47,Finance,94751.22
6002,Rina Paraswar,28,Engineering,80268.14
6003,Kriti Desai,28,Finance,102110.97
6004,Rohit Kamble,19,Marketing,20162.23
6005,Vaidehi Paraswar,44,Engineering,25234.67
6006,Kriti Paraswar,46,Engineering,31908.27
6007,Rohit Raina,61,Engineering,67759.6
6008,Kavish Desai,25,Engineering,54763.59
6009,Rohit Raina,38,Marketing,53343.99
6010,Sanjay Jain,50,HR,136824.56
6011,Tara Patel,41,Engineering,153846.48
6012,Rohit Kamble,40,Engineering,91776.12
6013,Agnijeet Desai,59,Support,154135.43
6014,Amit Kamble,31,Support,50220.2
6015,Amit Raina,60,Support,166421.77
6016,Amit Kamble,21,Sales,44956.74
6017,Kriti Patel,53,Support,142808.33
6018,Sanjay Jain,38,Marketing,56859.0
6019,Kavish Sharma,50,Support,76813.5
6020,Tara Desai,42,Finance,67016.0
6021,Sanjay Sharma,37,Finance,22907.68
6022,Tara Sharma,45,Support,66716.59
6023,Rohit Paraswar,39,Marketing,84060.06
6024,Vaidehi Jain,28,Marketing,172370.42
6025,Rohit Khatri,61,HR,55297.1
6026,Akanksha Khatri,40,Engineering,129352.37
6027,Akanksha Khatri,23,Support,196026.89
6028,Akanksha Jain,49,Marketing,153359.02
6029,Kavish Raina,33,Sales,118151.67
6030,Amit Desai,53,Sales,190440.66
6031,Vaidehi Desai,48,Support,24196.7
6032,Rohit Sharma,23,HR,194455.77
6033,Rohit Raina,29,Support,62486.11
6034,Vaidehi Desai,38,Engineering,65576.04
6035,Akanksha Sharma,40,Support,131074.25
6036,Akanksha Jain,62,Marketing,33614.57
6037,Kavish Raina,34,Engineering,132406.65
6038,Tara Raina,22,Finance,184200.87
6039,Amit Kamble,43,Support,135207.33
6040,Vaidehi Desai,28,Sales,60888.05
6041,Rohit Khatri,41,Support,128197.91
6042,Sanjay Jain,27,Engineering,53176.34
6043,Agnijeet Raina,63,Finance,145363.79
6044,Kavish Sharma,29,Sales,103614.13
6045,Sanjay Kamble,27,Marketing,62833.36
6046,Tara Desai,49,Finance,35948.01
6047,Tara Jain,51,Sales,93051.59
6048,Vaidehi Raina,33,Finance,84536.53
6049,Kriti Khatri,49,HR,86550.67
6050,Kriti Raina,46,Sales,157121.04
6051,Agnijeet Jain,40,Support,121515.17
6052,Amit Kamble,19,HR,109119.7
6053,Tara Khatri,39,Finance,97397.68
6054,Rina Khatri,52,HR,83470.86
6055,Kavish Patel,20,Marketing,47475.97
6056,Tara Jain,24,Finance,28286.7
6057,Rina Kamble,39,Finance,50994.68
6058,Rina Raina,50,Support,122678.29
6059,Vaidehi Kamble,46,HR,137157.27
6060,Sanjay Raina,55,HR,153858.31
6061,Rina Kamble,26,Finance,195139.12
6062,Agnijeet Sharma,59,Support,59836.1
6063,Kavish Patel,61,Marketing,197975.76
6064,Kavish Raina,52,Marketing,36379.24
6065,Akanksha Jain,26,Support,64586.6
6066,Kavish Patel,51,Support,132622.51
6067,Rohit Jain,63,Sales,143620.27
6068,Vaidehi Desai,24,HR,47466.74
6069,Rohit Patel,51,Engineering,100452.75
6070,Tara Khatri,63,Finance,68953.76
6071,Tara Raina,52,Support,37157.89
6072,Kriti Jain,46,Engineering,139403.77
6073,Kavish Patel,21,Support,166939.76
6074,Kriti Patel,51,Marketing,157815.76
6075,Rina Kamble,60,Support,130756.05
6076,Rina Kamble,56,Finance,51969.46
6077,Sanjay Patel,41,Engineering,146417.72
6078,Amit Khatri,25,Engineering,164192.09
6079,Tara Sharma,44,Sales,140209.54
6080,Tara Jain,60,Sales,131673.88
6081,Akanksha Kamble,41,Engineering,88746.86
6082,Rohit Paraswar,43,HR,50185.9
6083,Kriti Jain,64,Sales,126491.07
6084,Kriti Desai,52,Engineering,49606.39
6085,Amit Khatri,52,Engineering,83034.57
6086,Rohit Jain,58,Finance,30937.12
6087,Kavish Patel,59,HR,94529.86
6088,Kavish Patel,39,Marketing,176613.64
6089,Kriti Sharma,47,Sales,56183.01
6090,Tara Sharma,61,Sales,187252.02
6091,Sanjay Jain,26,Sales,51312.69
6092,Sanjay Desai,45,Marketing,81762.49
6093,Vaidehi Paraswar,56,Engineering,99193.4
6094,Akanksha Sharma,25,Sales,69566.27
6095,Tara Patel,56,Engineering,124560.8
6096,Agnijeet Kamble,37,Engineering,158717.39
6097,Agnijeet Desai,24,HR,54354.72
6098,Vaidehi Jain,22,Engineering,46936.69
6099,Rina Patel,35,Engineering,71686.47
6100,Akanksha Desai,61,Sales,172517.91
6101,Vaidehi Kamble,21,Engineering,96081.42
6102,Tara Raina,19,Engineering,106209.53
6103,Kavish Kamble,38,Marketing,104390.15
6104,Vaidehi Kamble,43,HR,131754.54
6105,Vaidehi Paraswar,25,Marketing,43360.09
6106,Sanjay Jain,63,HR,56087.67
6107,Rina Kamble,55,Sales,121550.2
6108,Agnijeet Paraswar,51,Support,161490.11
6109,Kriti Sharma,62,Support,61716.74
6110,Tara Raina,65,Finance,31043.94
6111,Amit Sharma,18,Marketing,101669.22
6112,Kriti Paraswar,26,HR,115722.66
6113,Tara Khatri,37,HR,50958.36
6114,Akanksha Paraswar,55,Marketing,80962.62
6115,Tara Patel,53,Sales,100380.77
6116,Tara Paraswar,21,Finance,92949.02
6117,Kavish Paraswar,32,HR,116844.88
6118,Kriti Sharma,49,HR,180356.52
6119,Sanjay Sharma,36,Support,99148.49
6120,Sanjay Raina,39,Sales,28417.01
6121,Kavish Jain,22,Marketing,68966.03
6122,Sanjay Jain,28,Support,59818.11
6123,Rohit Jain,47,Support,46739.43
6124,Kriti Raina,47,Support,92148.92
6125,Vaidehi Sharma,35,Support,180806.38
6126,Rina Sharma,26,Finance,145390.53
6127,Vaidehi Patel,45,Support,136879.18
6128,Akanksha Sharma,51,Engineering,47362.79
6129,Amit Sharma,63,Engineering,31594.9
6130,Akanksha Desai,39,Sales,137716.53
6131,Vaidehi Sharma,20,Engineering,62886.27
6132,Amit Khatri,33,Marketing,133226.07
6133,Rina Jain,40,HR,193558.42
6134,Akanksha Kamble,32,Finance,95535.71
6135,Sanjay Khatri,18,Finance,46568.49
6136,Sanjay Khatri,18,Sales,133769.02
6137,Akanksha Desai,63,HR,59083.0
6138,Kriti Raina,29,Engineering,134937.54
6139,Amit Jain,61,Finance,188401.8
6140,Kavish Patel,62,Support,186527.5
6141,Vaidehi Patel,47,Engineering,126105.97
6142,Amit Paraswar,38,Support,85268.23
6143,Vaidehi Jain,28,HR,36915.37
6144,Agnijeet Raina,48,Sales,48796.6
6145,Akanksha Jain,60,Support,22560.66
6146,Rina Kamble,44,Finance,173918.85
6147,Vaidehi Khatri,58,Marketing,44730.78
6148,Tara Patel,57,Marketing,168423.75
6149,Sanjay Kamble,62,Engineering,147449.6
6150,Rina Sharma,48,Finance,99326.85
6151,Rina Paraswar,60,Support,167768.24
6152,Kavish Khatri,54,Marketing,140216.12
6153,Rohit Khatri,35,Support,52488.55
6154,Tara Sharma,38,Engineering,69533.2
6155,Sanjay Kamble,59,Marketing,58632.0
6156,Tara Sharma,49,Marketing,97907.33
6157,Agnijeet Raina,22,Marketing,97233.06
6158,Rohit Paraswar,36,Marketing,80759.81
6159,Rina Jain,44,Finance,31046.77
6160,Sanjay Paraswar,54,HR,140885.21
6161,Tara Kamble,52,HR,64123.76
6162,Rohit Kamble,33,Finance,102365.03
6163,Rina Patel,43,Support,191137.75
6164,Tara Raina,31,Marketing,63482.02
6165,Kavish Patel,56,Sales,147998.89
6166,Rina Jain,31,Marketing,68838.49
6167,Kavish Kamble,42,Engineering,116001.41
6168,Kavish Sharma,25,HR,56794.71
6169,Sanjay Patel,25,Sales,68415.46
6170,Amit Desai,43,Support,181223.86
6171,Akanksha Paraswar,22,Engineering,57235.19
6172,Tara Kamble,31,Finance,99921.49
6173,Kavish Khatri,21,Finance,139939.26
6174,Kavish Desai,48,Engineering,54876.68
6175,Amit Jain,58,Sales,51179.23
6176,Tara Sharma,26,HR,41901.68
6177,Rohit Paraswar,64,Sales,65026.68
6178,Sanjay Jain,46,Support,190504.56
6179,Kriti Khatri,53,HR,117302.96
6180,Amit Patel,26,HR,86025.86
6181,Kriti Jain,40,Finance,34673.24
6182,Vaidehi Paraswar,31,HR,96758.97
6183,Akanksha Khatri,29,Support,69355.42
6184,Agnijeet Khatri,51,Sales,161980.3
6185,Sanjay Sharma,19,Engineering,177936.76
6186,Rina Kamble,44,HR,125622.38
6187,Rina Sharma,58,Engineering,109311.93
6188,Kavish Desai,48,Engineering,168354.97
6189,Rohit Sharma,28,Support,58998.93
6190,Sanjay Raina,26,Support,98978.19
6191,Vaidehi Desai,50,HR,80258.83
6192,Tara Kamble,33,Engineering,142470.7
6193,Amit Khatri,42,Finance,81437.85
6194,Kriti Jain,56,HR,22294.78
6195,Kriti Jain,53,HR,46767.12
6196,Kavish Desai,34,Finance,148610.56
6197,Rina Khatri,18,HR,67954.18
6198,Kriti Kamble,24,Sales,67526.41
6199,Rina Khatri,40,HR,39260.42
6200,Amit Paraswar,18,Sales,72030.23
6201,Kriti Sharma,44,Marketing,127294.3
6202,Amit Patel,28,Marketing,121134.5
6203,Kriti Sharma,53,Marketing,156442.46
6204,Kriti Raina,41,HR,183840.56
6205,Akanksha Raina,50,Sales,80668.75
6206,Amit Raina,65,Finance,37151.41
6207,Amit Kamble,20,Engineering,184282.47
6208,Agnijeet Desai,52,HR,92938.6
6209,Amit Jain,18,Engineering,80322.21
6210,Vaidehi Khatri,64,HR,164115.85
6211,Kavish Khatri,35,Finance,197977.41
6212,Kriti Desai,36,Engineering,175270.44
6213,Amit Sharma,42,Marketing,117348.72
6214,Amit Paraswar,44,HR,184374.64
6215,Akanksha Sharma,19,Sales,24431.82
6216,Sanjay Jain,61,Finance,102255.19
6217,Akanksha Patel,59,Engineering,34775.5
6218,Rina Jain,27,Finance,115413.77
6219,Kriti Paraswar,20,Finance,30177.65
6220,Kavish Patel,54,Marketing,113480.88
6221,Akanksha Desai,23,HR,125212.41
6222,Kriti Paraswar,37,Marketing,155977.33
6223,Kriti Paraswar,19,Finance,159431.25
6224,Sanjay Kamble,38,Support,88430.16
6225,Vaidehi Kamble,65,HR,78523.87
6226,Sanjay Jain,45,Marketing,73553.78
6227,Tara Kamble,18,Sales,40692.22
6228,Sanjay Paraswar,60,Finance,84724.12
6229,Tara Patel,33,Engineering,52290.53
6230,Amit Kamble,24,Sales,168545.8
6231,Tara Patel,31,HR,107407.67
6232,Akanksha Desai,32,Marketing,50567.9
6233,Rina Kamble,37,HR,118105.71
6234,Sanjay Khatri,18,Support,154681.86
6235,Agnijeet Jain,29,Engineering,138314.56
6236,Rina Patel,18,Finance,37595.93
6237,Rina Sharma,44,Engineering,95238.06
6238,Kavish Paraswar,22,Sales,167836.22
6239,Tara Desai,65,Support,51658.63
6240,Amit Desai,43,HR,188077.85
6241,Amit Raina,41,Support,161056.18
6242,Rohit Kamble,25,Engineering,131348.54
6243,Amit Paraswar,21,Finance,190677.07
6244,Kavish Raina,28,Sales,154727.43
6245,Akanksha Desai,43,HR,123048.28
6246,Rina Khatri,42,Support,129673.02
6247,Kavish Raina,38,HR,183443.37
6248,Rina Desai,20,Support,65159.46
6249,Tara Kamble,51,Finance,55719.35
6250,Amit Kamble,47,Finance,176367.3
6251,Rina Khatri,49,Engineering,119339.5
6252,Rohit Paraswar,36,Marketing,115360.13
6253,Tara Kamble,33,Support,188085.29
6254,Amit Patel,18,Finance,156534.01
6255,Agnijeet Raina,19,Finance,198779.3
6256,Akanksha Sharma,19,Support,47332.2
6257,Amit Sharma,22,Engineering,190903.78
6258,Rina Kamble,47,Sales,140171.04
6259,Kriti Sharma,48,Finance,81460.58
6260,Agnijeet Kamble,24,HR,190144.62
6261,Kavish Khatri,22,Marketing,135788.0
6262,Sanjay Kamble,57,Engineering,136225.23
6263,Sanjay Raina,63,Engineering,80119.58
6264,Rina Patel,35,HR,80711.48
6265,Tara Kamble,34,HR,103599.36
6266,Akanksha Kamble,31,HR,183860.54
6267,Kriti Desai,49,Engineering,26397.66
6268,Agnijeet Sharma,62,HR,144246.51
6269,Tara Raina,18,Finance,88792.0
6270,Kriti Raina,59,HR,194400.07
6271,Kriti Kamble,36,Sales,56516.42
6272,Amit Paraswar,34,Support,190716.04
6273,Agnijeet Paraswar,28,Sales,143646.21
6274,Kriti Sharma,59,Support,26871.53
6275,Agnijeet Desai,49,Marketing,69336.15
6276,Vaidehi Sharma,19,Sales,141204.96
6277,Rohit Khatri,32,Finance,142334.19
6278,Agnijeet Raina,23,Finance,87061.41
6279,Kavish Raina,60,HR,86945.5
6280,Rohit Jain,51,Sales,174814.17
6281,Kriti Raina,18,Marketing,197312.81
6282,Vaidehi Desai,59,Marketing,122827.31
6283,Rohit Patel,33,Sales,62754.26
6284,Sanjay Kamble,18,Finance,153340.98
6285,Rina Raina,33,Support,24708.66
6286,Akanksha Paraswar,61,Marketing,163554.33
6287,Tara Jain,43,Support,41882.01
6288,Agnijeet Kamble,45,Marketing,191251.28
6289,Agnijeet Desai,53,Sales,55867.97
6290,Vaidehi Raina,44,Sales,155792.5
6291,Amit Kamble,21,Engineering,184882.64
6292,Kriti Khatri,56,Support,62805.9
6293,Akanksha Paraswar,32,HR,155952.96
6294,Rohit Raina,29,Support,142792.8
6295,Kavish Desai,53,Sales,122629.07
6296,Kriti Kamble,29,Support,80633.83
6297,Sanjay Paraswar,37,Finance,177166.88
6298,Amit Desai,32,Sales,130498.87
6299,Sanjay Raina,34,Engineering,38168.55
6300,Rina Desai,25,Engineering,136172.04
6301,Tara Jain,33,Finance,58220.97
6302,Tara Jain,56,Sales,85733.12
6303,Amit Khatri,43,Support,40014.49
6304,Vaidehi Patel,44,Support,99605.64
6305,Rina Sharma,35,Engineering,62391.65
6306,Agnijeet Raina,50,Support,54448.26
6307,Rohit Raina,23,Marketing,177005.24
6308,Akanksha Kamble,47,Sales,100828.77
6309,Rohit Sharma,31,Sales,48681.79
6310,Akanksha Khatri,32,Sales,38680.64
6311,Amit Patel,44,Marketing,111852.56
6312,Vaidehi Kamble,54,Sales,44793.92
6313,Kriti Kamble,63,Support,132402.32
6314,Vaidehi Kamble,62,Marketing,150717.95
6315,Tara Jain,21,Engineering,70548.27
6316,Vaidehi Khatri,64,Sales,124985.17
6317,Tara Desai,46,Engineering,138681.55
6318,Tara Sharma,61,HR,144363.67
6319,Kriti Patel,37,Finance,61452.85
6320,Tara Patel,20,Engineering,21030.98
6321,Amit Raina,30,Sales,179678.29
6322,Sanjay Raina,38,Support,142417.06
6323,Amit Raina,42,Marketing,121338.44
6324,Amit Desai,65,Engineering,144063.57
6325,Kavish Jain,34,Engineering,45120.15
6326,Akanksha Patel,22,HR,36717.59
6327,Rina Raina,24,Engineering,43405.21
6328,Kriti Desai,51,Marketing,135556.87
6329,Akanksha Jain,28,Engineering,143418.14
6330,Vaidehi Khatri,50,Support,33091.74
6331,Akanksha Patel,56,Finance,111424.75
6332,Sanjay Sharma,55,Marketing,91859.94
6333,Kavish Kamble,20,Finance,131286.61
6334,Kavish Sharma,40,HR,147627.25
6335,Tara Jain,27,Support,142282.8
6336,Rohit Khatri,24,Sales,127939.7
6337,Agnijeet Paraswar,61,Engineering,162302.32
6338,Kavish Desai,48,Engineering,61653.73
6339,Vaidehi Patel,45,Marketing,25902.32
6340,Agnijeet Jain,39,Engineering,128473.83
6341,Akanksha Raina,65,HR,32076.58
6342,Sanjay Sharma,50,Sales,93833.46
6343,Sanjay Kamble,39,Engineering,72088.14
6344,Tara Paraswar,20,Engineering,50770.04
6345,Akanksha Khatri,63,Support,96131.07
6346,Rina Khatri,29,Marketing,106087.1
6347,Kriti Desai,22,Sales,116459.71
6348,Kavish Sharma,30,Finance,113455.93
6349,Vaidehi Paraswar,57,Engineering,32382.21
6350,Sanjay Desai,55,Support,55150.53
6351,Agnijeet Kamble,20,Marketing,188638.17
6352,Agnijeet Paraswar,31,HR,84646.77
6353,Kavish Kamble,33,Marketing,185476.78
6354,Amit Paraswar,45,Engineering,76961.25
6355,Akanksha Khatri,30,HR,140174.09
6356,Kriti Patel,54,Support,43636.13
6357,Akanksha Sharma,30,Marketing,196630.34
6358,Vaidehi Desai,41,Finance,123116.85
6359,Tara Paraswar,35,HR,137916.3
6360,Amit Raina,41,Finance,158506.62
6361,Amit Sharma,26,Marketing,26555.61
6362,Agnijeet Jain,57,Finance,173352.22
6363,Sanjay Raina,20,Marketing,65393.04
6364,Tara Kamble,56,Marketing,187604.05
6365,Vaidehi Paraswar,44,Marketing,50035.79
6366,Agnijeet Paraswar,46,Sales,22367.06
6367,Rina Patel,38,Engineering,75302.5
6368,Kavish Desai,62,HR,155470.68
6369,Agnijeet Paraswar,35,Finance,102021.97
6370,Kriti Paraswar,46,HR,30613.85
6371,Rina Sharma,54,HR,140179.24
6372,Kriti Patel,28,Marketing,158299.54
6373,Agnijeet Khatri,36,Sales,78804.34
6374,Kavish Sharma,32,Sales,38415.76
6375,Kavish Patel,40,Support,103415.97
6376,Rina Patel,22,Support,71450.69
6377,Kavish Kamble,37,Support,67453.71
6378,Tara Raina,31,Engineering,181268.84
6379,Amit Desai,47,Marketing,118422.38
6380,Agnijeet Sharma,35,HR,87443.39
6381,Akanksha Sharma,64,Marketing,199290.99
6382,Akanksha Desai,63,HR,92745.42
6383,Rina Kamble,41,Engineering,33664.1
6384,Vaidehi Sharma,40,Sales,32728.99
6385,Akanksha Desai,38,Support,77641.49
6386,Amit Sharma,48,HR,155449.0
6387,Sanjay Paraswar,19,Support,131860.17
6388,Rina Khatri,44,Marketing,23211.86
6389,Vaidehi Kamble,53,Sales,51161.3
6390,Kavish Khatri,60,HR,142818.48
6391,Rohit Sharma,41,Engineering,106598.19
6392,Tara Khatri,37,Engineering,76323.25
6393,Kavish Jain,38,Engineering,192609.25
6394,Agnijeet Desai,44,Marketing,48163.72
6395,Rina Desai,35,Engineering,177023.16
6396,Rina Jain,55,Support,44226.54
6397,Sanjay Jain,21,Sales,147223.42
6398,Kriti Paraswar,32,Engineering,31654.16
6399,Kavish Patel,27,Marketing,60523.82
6400,Rohit Raina,57,HR,171112.05
6401,Kriti Khatri,59,Engineering,47908.44
6402,Tara Patel,53,HR,124550.55
6403,Kriti Raina,45,Engineering,40087.8
6404,Kavish Raina,48,Support,173821.51
6405,Vaidehi Kamble,45,Marketing,186073.92
6406,Vaidehi Raina,21,Finance,102164.26
6407,Kriti Raina,29,Engineering,178064.26
6408,Tara Patel,46,Marketing,30609.3
6409,Tara Paraswar,61,Support,122179.85
6410,Rohit Desai,55,HR,174729.75
6411,Tara Desai,24,Support,166686.3
6412,Agnijeet Khatri,34,Engineering,81235.56
6413,Rohit Raina,21,Marketing,157157.52
6414,Amit Desai,57,Sales,188236.06
6415,Kavish Raina,18,Support,31806.44
6416,Rohit Sharma,58,Marketing,95828.22
6417,Vaidehi Kamble,37,Engineering,152375.44
6418,Akanksha Raina,42,Engineering,36868.85
6419,Rohit Sharma,58,Support,148601.48
6420,Rohit Desai,64,Support,96570.68
6421,Tara Kamble,44,HR,93482.41
6422,Akanksha Patel,45,Support,79505.23
6423,Tara Desai,39,Finance,28596.68
6424,Tara Khatri,50,Support,21488.49
6425,Agnijeet Kamble,57,Finance,136297.28
6426,Agnijeet Sharma,21,Finance,134919.61
6427,Agnijeet Desai,62,Marketing,184293.22
6428,Akanksha Sharma,24,Sales,26353.03
6429,Kavish Khatri,54,HR,49261.73
6430,Sanjay Paraswar,50,Marketing,87590.26
6431,Amit Raina,36,Engineering,105137.28
6432,Rohit Kamble,39,HR,161674.98
6433,Rohit Kamble,39,Support,48902.69
6434,Kriti Jain,42,Finance,75271.24
6435,Tara Kamble,20,HR,160305.6
6436,Vaidehi Desai,18,Finance,72152.05
6437,Tara Paraswar,48,Marketing,56272.37
6438,Rohit Kamble,64,Finance,67720.7
6439,Kavish Patel,22,Finance,48180.94
6440,Rohit Jain,30,HR,168285.33
6441,Akanksha Desai,24,Finance,35434.72
6442,Sanjay Kamble,44,Sales,189366.87
6443,Tara Khatri,18,Marketing,22586.5
6444,Kriti Jain,41,Engineering,53828.32
6445,Kavish Paraswar,44,HR,46369.15
6446,Rohit Jain,39,Support,193555.21
6447,Vaidehi Khatri,57,Support,173726.63
6448,Kriti Jain,59,Support,105709.2
6449,Rohit Desai,29,HR,163712.86
6450,Rohit Desai,33,Sales,164932.81
6451,Rina Khatri,22,Sales,168569.88
6452,Sanjay Patel,56,Marketing,63504.67
6453,Rina Sharma,53,Marketing,67614.26
6454,Kavish Patel,43,HR,55366.22
6455,Agnijeet Desai,31,Finance,25036.8
6456,Amit Sharma,59,Finance,41498.26
6457,Akanksha Kamble,55,Sales,109914.72
6458,Kriti Kamble,36,Support,143106.47
6459,Rina Sharma,55,Engineering,113005.34
6460,Kriti Patel,54,Support,46650.76
6461,Rohit Kamble,44,Finance,41718.22
6462,Agnijeet Khatri,51,Engineering,190510.28
6463,Tara Paraswar,49,Marketing,196192.07
6464,Rina Jain,32,Marketing,125805.72
6465,Rohit Khatri,64,Engineering,43575.86
6466,Vaidehi Sharma,65,HR,74824.15
6467,Kriti Raina,54,Engineering,177324.1
6468,Kavish Paraswar,47,HR,29687.72
6469,Rohit Jain,48,Finance,175390.61
6470,Rohit Jain,49,Sales,106555.33
6471,Vaidehi Desai,27,Engineering,75290.82
6472,Vaidehi Paraswar,32,Support,42142.52
6473,Akanksha Sharma,19,Engineering,86676.03
6474,Kavish Kamble,53,Engineering,182970.12
6475,Agnijeet Khatri,27,Marketing,187702.32
6476,Vaidehi Kamble,35,Marketing,44854.8
6477,Amit Paraswar,30,HR,75194.8
6478,Kriti Raina,49,Finance,138399.9
6479,Sanjay Khatri,19,HR,36900.95
6480,Vaidehi Patel,27,Engineering,170279.9
6481,Akanksha Kamble,46,HR,78619.75
6482,Amit Jain,44,Engineering,129226.02
6483,Sanjay Kamble,28,Support,185409.44
6484,Akanksha Kamble,23,HR,112015.49
6485,Sanjay Khatri,36,Finance,141809.11
6486,Rohit Jain,57,Finance,185377.44
6487,Agnijeet Desai,49,Finance,107966.07
6488,Amit Paraswar,34,Engineering,51160.64
6489,Akanksha Sharma,62,Marketing,193858.31
6490,Rohit Khatri,37,Engineering,129386.83
6491,Vaidehi Paraswar,18,Finance,43078.47
6492,Amit Raina,56,Finance,192593.79
6493,Sanjay Khatri,18,Sales,76565.4
6494,Kriti Sharma,22,Finance,181356.69
6495,Amit Raina,36,Finance,107937.38
6496,Akanksha Raina,41,Finance,65978.01
6497,Amit Jain,63,Sales,137220.06
6498,Tara Khatri,25,Engineering,69388.52
6499,Vaidehi Jain,62,HR,57590.08
6500,Rina Kamble,61,Support,110731.04
6501,Sanjay Kamble,22,Marketing,81797.37
6502,Tara Raina,51,Marketing,171816.55
6503,Vaidehi Khatri,63,Sales,94860.03
6504,Kriti Jain,24,Marketing,61054.0
6505,Amit Patel,34,Marketing,67072.53
6506,Agnijeet Kamble,32,Engineering,131142.03
6507,Rina Kamble,48,Support,161049.59
6508,Kriti Jain,38,Sales,29884.33
6509,Agnijeet Khatri,56,HR,175675.52
6510,Tara Desai,27,Support,115218.25
6511,Kavish Kamble,42,Marketing,101097.29
6512,Akanksha Jain,64,Marketing,31855.8
6513,Vaidehi Khatri,52,Engineering,30212.61
6514,Amit Raina,54,Finance,198870.5
6515,Rohit Raina,52,Marketing,62457.62
6516,Rohit Khatri,64,Support,184080.32
6517,Sanjay Kamble,58,Marketing,50130.7
6518,Vaidehi Raina,45,Sales,198165.81
6519,Kriti Paraswar,28,Engineering,125480.54
6520,Rohit Jain,24,Finance,94529.96
6521,Kavish Jain,43,Support,101376.95
6522,Vaidehi Raina,33,Sales,161091.45
6523,Kavish Raina,33,HR,90072.75
6524,Tara Sharma,32,Finance,136055.97
6525,Amit Kamble,34,Sales,113275.72
6526,Vaidehi Kamble,58,Engineering,55803.79
6527,Rohit Paraswar,43,Marketing,164818.84
6528,Rohit Raina,49,Finance,194730.82
6529,Rina Khatri,61,Sales,55956.34
6530,Akanksha Desai,26,Sales,168410.63
6531,Kavish Patel,55,Engineering,53286.07
6532,Agnijeet Desai,48,Support,142248.96
6533,Kriti Paraswar,26,Engineering,124902.44
6534,Rina Khatri,28,Engineering,76345.67
6535,Sanjay Jain,34,Marketing,60460.36
6536,Kriti Raina,19,Sales,160084.73
6537,Amit Paraswar,20,Sales,66332.65
6538,Sanjay Kamble,27,Marketing,152460.69
6539,Agnijeet Sharma,53,Support,178983.74
6540,Tara Sharma,59,HR,165475.95
6541,Kriti Khatri,24,Marketing,66424.17
6542,Akanksha Jain,22,Support,83320.82
6543,Amit Jain,51,Marketing,137063.72
6544,Sanjay Desai,53,Sales,58866.42
6545,Rohit Jain,39,HR,156928.51
6546,Akanksha Khatri,59,Sales,136617.4
6547,Rohit Paraswar,41,HR,189638.6
6548,Agnijeet Raina,28,Finance,35098.26
6549,Akanksha Sharma,41,Sales,141615.96
6550,Rohit Paraswar,65,Engineering,186861.16
6551,Kriti Desai,20,Sales,98510.26
6552,Rohit Kamble,27,Support,28570.11
6553,Rina Khatri,18,Sales,173129.65
6554,Rohit Paraswar,25,Finance,83823.6
6555,Sanjay Paraswar,41,Support,61501.28
6556,Vaidehi Desai,63,Finance,68298.72
6557,Rohit Sharma,40,Engineering,129516.8
6558,Agnijeet Paraswar,19,Engineering,75924.94
6559,Vaidehi Raina,44,Support,157293.97
6560,Sanjay Desai,57,Finance,144818.8
6561,Sanjay Jain,26,Support,110445.05
6562,Kavish Patel,46,Engineering,196359.15
6563,Rina Jain,35,Support,139090.24
6564,Agnijeet Paraswar,60,Sales,106805.85
6565,Agnijeet Raina,30,Marketing,161352.38
6566,Vaidehi Patel,36,Marketing,113852.12
6567,Vaidehi Kamble,20,Sales,30363.83
6568,Kriti Jain,61,Support,110794.84
6569,Akanksha Kamble,54,HR,98981.25
6570,Sanjay Khatri,49,HR,20121.15
6571,Sanjay Jain,32,Engineering,100575.58
6572,Sanjay Patel,35,Finance,154339.94
6573,Rohit Paraswar,30,Marketing,173929.38
6574,Akanksha Khatri,34,Finance,166344.95
6575,Amit Khatri,62,HR,91095.96
6576,Sanjay Kamble,64,Sales,74938.57
6577,Tara Jain,42,HR,76689.55
6578,Agnijeet Raina,19,Engineering,163253.1
6579,Agnijeet Patel,50,HR,136154.41
6580,Sanjay Patel,43,Sales,198573.04
6581,Kriti Patel,32,Support,62251.49
6582,Rina Patel,48,Marketing,78337.1
6583,Kavish Paraswar,33,Engineering,65303.72
6584,Agnijeet Raina,45,Sales,147806.15
6585,Sanjay Patel,34,Sales,91889.19
6586,Rohit Patel,57,Sales,146669.49
6587,Vaidehi Patel,61,Finance,34068.91
6588,Tara Patel,62,Marketing,99622.32
6589,Vaidehi Sharma,46,Engineering,20287.96
6590,Sanjay Khatri,65,Support,117716.2
6591,Sanjay Khatri,38,Sales,152360.13
6592,Amit Patel,19,Support,97250.44
6593,Kavish Kamble,51,Support,76203.34
6594,Kavish Khatri,30,Support,58007.68
6595,Amit Kamble,47,Marketing,72463.22
6596,Kriti Sharma,33,Support,97733.7
6597,Akanksha Paraswar,35,HR,163916.65
6598,Vaidehi Khatri,43,Finance,109248.29
6599,Rohit Patel,31,Finance,86688.96
6600,Tara Raina,47,Finance,187597.92
6601,Tara Desai,40,Finance,174003.34
6602,Rina Kamble,60,Engineering,107500.87
6603,Kriti Jain,62,Support,27881.12
6604,Kavish Raina,39,Sales,81361.97
6605,Amit Khatri,43,Support,77884.08
6606,Tara Sharma,60,HR,51579.71
6607,Agnijeet Patel,26,Marketing,186938.88
6608,Vaidehi Khatri,55,Marketing,124028.52
6609,Tara Raina,37,Finance,157132.57
6610,Agnijeet Paraswar,53,Marketing,176217.65
6611,Akanksha Khatri,41,Sales,187948.79
6612,Amit Patel,48,Marketing,181380.54
6613,Rohit Desai,46,Engineering,37161.83
6614,Agnijeet Paraswar,27,Support,86733.73
6615,Akanksha Raina,63,Marketing,65807.63
6616,Agnijeet Kamble,26,Marketing,33798.26
6617,Rohit Desai,58,Engineering,177516.38
6618,Kriti Patel,35,HR,125044.03
6619,Agnijeet Jain,45,Engineering,120335.95
6620,Akanksha Kamble,55,Marketing,86552.02
6621,Sanjay Patel,28,HR,169299.99
6622,Akanksha Sharma,54,Sales,56637.89
6623,Kriti Jain,64,Engineering,97966.67
6624,Kavish Paraswar,25,HR,143799.75
6625,Sanjay Jain,30,Engineering,158867.28
6626,Sanjay Jain,44,Support,67706.11
6627,Kavish Kamble,40,HR,97064.54
6628,Kriti Sharma,26,Sales,140201.27
6629,Amit Patel,50,Finance,191628.62
6630,Sanjay Paraswar,20,Support,114210.18
6631,Agnijeet Kamble,58,Engineering,132731.67
6632,Akanksha Sharma,33,Engineering,25014.96
6633,Akanksha Sharma,57,Marketing,96902.66
6634,Agnijeet Paraswar,58,Engineering,41969.87
6635,Rohit Raina,59,Support,38554.88
6636,Kavish Sharma,48,Support,41816.5
6637,Sanjay Kamble,22,Marketing,32539.25
6638,Akanksha Desai,39,Marketing,93193.72
6639,Sanjay Raina,51,Sales,25296.55
6640,Vaidehi Sharma,44,Sales,187853.7
6641,Kavish Jain,46,Engineering,141236.54
6642,Sanjay Raina,28,Support,51643.73
6643,Kriti Patel,31,Engineering,154707.43
6644,Rina Kamble,29,Engineering,147442.26
6645,Sanjay Sharma,64,HR,156352.97
6646,Kavish Khatri,30,Engineering,106627.7
6647,Akanksha Raina,55,Support,33241.31
6648,Akanksha Jain,52,Marketing,48770.72
6649,Vaidehi Patel,65,Support,109381.24
6650,Amit Patel,60,Finance,40341.34
6651,Sanjay Khatri,25,Marketing,109174.71
6652,Sanjay Sharma,50,Sales,143720.06
6653,Agnijeet Jain,39,HR,186990.63
6654,Kriti Paraswar,48,Sales,100502.38
6655,Kavish Patel,42,Engineering,108548.92
6656,Rina Sharma,38,Marketing,196858.25
6657,Akanksha Khatri,46,Support,78832.65
6658,Kriti Khatri,51,Marketing,130063.72
6659,Rina Kamble,60,Finance,95078.69
6660,Amit Raina,46,Marketing,166857.11
6661,Akanksha Paraswar,55,Sales,52793.27
6662,Rohit Kamble,58,Engineering,190869.18
6663,Agnijeet Jain,20,Finance,185839.8
6664,Rohit Desai,25,Sales,156263.64
6665,Tara Patel,38,Engineering,137062.21
6666,Sanjay Jain,18,Sales,197957.95
6667,Kavish Sharma,62,Marketing,160289.61
6668,Rohit Kamble,32,Sales,173223.92
6669,Agnijeet Jain,35,HR,162992.65
6670,Agnijeet Patel,26,Sales,160590.95
6671,Sanjay Khatri,42,Sales,82667.91
6672,Sanjay Raina,56,Engineering,61558.01
6673,Kavish Patel,50,Support,140637.5
6674,Sanjay Kamble,47,Engineering,102568.34
6675,Amit Sharma,64,Engineering,120111.63
6676,Vaidehi Desai,18,Sales,141029.33
6677,Rohit Sharma,37,Finance,94829.66
6678,Kriti Patel,45,Finance,122784.49
6679,Agnijeet Sharma,47,Finance,72005.47
6680,Akanksha Khatri,34,HR,130012.88
6681,Sanjay Khatri,59,Finance,104419.81
6682,Akanksha Patel,55,Engineering,96358.88
6683,Kriti Desai,64,Finance,141123.08
6684,Rina Kamble,24,HR,109052.15
6685,Sanjay Khatri,36,Finance,131443.23
6686,Agnijeet Khatri,35,Support,63038.92
6687,Sanjay Khatri,18,Finance,75873.51
6688,Kriti Desai,28,Marketing,184522.32
6689,Vaidehi Patel,35,Marketing,154867.35
6690,Amit Jain,50,Marketing,190516.17
6691,Rina Patel,21,Finance,195284.36
6692,Akanksha Desai,61,Engineering,77333.28
6693,Rina Kamble,35,Support,192321.57
6694,Vaidehi Raina,31,Engineering,71244.41
6695,Rohit Desai,46,Sales,124456.74
6696,Vaidehi Patel,36,Engineering,116967.58
6697,Tara Raina,28,Finance,148247.63
6698,Akanksha Paraswar,65,Support,63030.59
6699,Kavish Desai,46,HR,95540.52
6700,Kavish Paraswar,28,HR,41210.39
6701,Sanjay Jain,34,HR,96800.78
6702,Kavish Jain,61,Finance,165451.43
6703,Amit Jain,48,Finance,171269.36
6704,Amit Sharma,20,Sales,118919.73
6705,Kriti Paraswar,65,Sales,194547.55
6706,Agnijeet Jain,24,Engineering,172430.24
6707,Kriti Paraswar,65,Support,47799.4
6708,Kriti Jain,46,Finance,30902.67
6709,Kriti Kamble,44,Support,97319.29
6710,Akanksha Paraswar,49,HR,145445.51
6711,Akanksha Khatri,40,Finance,21070.74
6712,Tara Sharma,53,Engineering,152634.92
6713,Amit Kamble,37,Engineering,77390.06
6714,Kavish Patel,23,HR,77358.49
6715,Akanksha Patel,44,Sales,198182.89
6716,Agnijeet Sharma,41,Support,27937.75
6717,Sanjay Paraswar,20,Marketing,100130.21
6718,Tara Patel,27,Finance,24748.32
6719,Tara Khatri,41,HR,104614.99
6720,Sanjay Khatri,32,Marketing,37247.2
6721,Vaidehi Kamble,34,Support,180210.07
6722,Kriti Patel,47,Support,168728.02
6723,Agnijeet Kamble,49,Marketing,43538.8
6724,Kavish Khatri,59,Sales,135819.66
6725,Rohit Sharma,39,Support,148117.08
6726,Rohit Raina,35,Sales,144441.83
6727,Kavish Jain,33,HR,43106.5
6728,Vaidehi Patel,44,Support,51992.34
6729,Vaidehi Kamble,21,HR,155313.2
6730,Vaidehi Kamble,35,Engineering,53796.86
6731,Agnijeet Raina,49,Engineering,199806.67
6732,Tara Sharma,42,Marketing,107489.53
6733,Kriti Raina,53,Marketing,109397.3
6734,Akanksha Sharma,48,Engineering,136784.77
6735,Rina Paraswar,47,Engineering,186441.53
6736,Sanjay Sharma,56,Finance,170873.2
6737,Rohit Sharma,45,Sales,73858.56
6738,Amit Desai,36,Marketing,175694.67
6739,Kavish Patel,30,Marketing,64402.21
6740,Akanksha Sharma,23,Finance,135190.44
6741,Vaidehi Raina,48,Sales,148235.37
6742,Kavish Jain,60,HR,193548.06
6743,Kriti Jain,32,Support,60343.06
6744,Rohit Desai,46,Sales,76023.35
6745,Agnijeet Desai,36,Sales,153996.01
6746,Kavish Khatri,38,Finance,84504.02
6747,Sanjay Paraswar,18,Support,141595.69
6748,Tara Jain,33,Marketing,155621.93
6749,Agnijeet Sharma,25,Support,77213.01
6750,Tara Paraswar,64,HR,65084.02
6751,Vaidehi Patel,65,Engineering,130327.99
6752,Kavish Jain,42,Finance,90847.37
6753,Tara Jain,65,HR,57724.08
6754,Kavish Sharma,59,Sales,57597.4
6755,Akanksha Patel,43,HR,67973.06
6756,Vaidehi Jain,56,Sales,125611.22
6757,Kriti Patel,37,Marketing,102980.88
6758,Agnijeet Patel,23,Engineering,66258.89
6759,Rina Jain,37,Sales,62681.12
6760,Kavish Raina,39,Engineering,20524.86
6761,Kavish Desai,57,Marketing,180996.68
6762,Tara Kamble,45,Finance,184162.52
6763,Rina Khatri,25,Engineering,105481.73
6764,Rohit Desai,24,Finance,162826.08
6765,Amit Kamble,61,Sales,155892.33
6766,Kriti Kamble,28,Sales,104892.69
6767,Agnijeet Jain,21,Sales,60418.69
6768,Tara Desai,18,Sales,32670.12
6769,Amit Raina,57,Engineering,42151.78
6770,Vaidehi Jain,49,Sales,171174.37
6771,Sanjay Raina,49,Finance,92863.65
6772,Kriti Paraswar,34,HR,118121.53
6773,Rohit Paraswar,27,Finance,62106.62
6774,Vaidehi Kamble,36,Support,185204.2
6775,Akanksha Jain,28,Marketing,48847.68
6776,Sanjay Raina,54,Finance,149675.98
6777,Amit Patel,40,Finance,89112.88
6778,Agnijeet Kamble,37,Finance,61106.69
6779,Vaidehi Raina,42,Engineering,125163.49
6780,Tara Desai,30,HR,152540.13
6781,Rohit Jain,20,HR,154142.77
6782,Kriti Raina,36,HR,167677.87
6783,Rina Desai,49,Engineering,49479.6
6784,Rohit Patel,20,Support,28787.21
6785,Sanjay Desai,19,Finance,112175.6
6786,Sanjay Sharma,52,Support,173870.13
6787,Akanksha Jain,35,Support,47698.91
6788,Vaidehi Raina,29,HR,150388.26
6789,Amit Patel,48,Support,176237.02
6790,Rina Paraswar,62,HR,53029.3
6791,Rina Raina,64,Finance,125262.0
6792,Agnijeet Raina,20,Support,154292.32
6793,Sanjay Kamble,55,Support,75741.92
6794,Kavish Paraswar,30,Finance,126395.76
6795,Kriti Khatri,33,Marketing,83941.67
6796,Akanksha Kamble,40,HR,105730.44
6797,Rina Jain,18,Marketing,123280.46
6798,Rohit Khatri,48,Support,169991.57
6799,Akanksha Kamble,29,Finance,174605.5
6800,Kriti Desai,55,Support,94172.03
6801,Amit Desai,37,Support,198156.22
6802,Sanjay Raina,54,Engineering,123524.83
6803,Akanksha Paraswar,45,Engineering,30109.2
6804,Kriti Kamble,40,Support,35051.97
6805,Tara Patel,64,Support,153590.56
6806,Rohit Sharma,28,Sales,129603.36
6807,Rohit Desai,46,Marketing,164350.57
6808,Kavish Jain,52,Engineering,45604.53
6809,Sanjay Sharma,53,Sales,137141.3
6810,Amit Kamble,55,Marketing,192620.5
6811,Akanksha Raina,63,Support,58232.84
6812,Rina Kamble,44,Support,186275.98
6813,Amit Jain,27,Sales,147662.54
6814,Amit Khatri,46,Engineering,136538.04
6815,Akanksha Kamble,26,Finance,139529.84
6816,Kriti Sharma,19,Support,185907.11
6817,Rina Paraswar,62,Marketing,33571.2
6818,Amit Kamble,49,Marketing,173074.22
6819,Vaidehi Desai,32,Finance,197952.27
6820,Sanjay Jain,30,Support,156397.09
6821,Agnijeet Desai,27,Engineering,169807.42
6822,Agnijeet Khatri,63,Finance,130958.59
6823,Kriti Khatri,46,Marketing,101167.83
6824,Tara Raina,23,Support,105944.42
6825,Tara Paraswar,55,Marketing,158417.05
6826,Kavish Raina,26,Engineering,177177.05
6827,Vaidehi Raina,38,Support,114102.22
6828,Kriti Khatri,44,Finance,136185.21
6829,Vaidehi Desai,62,Engineering,178614.72
6830,Tara Khatri,62,Support,90818.06
6831,Akanksha Khatri,45,Marketing,70569.54
6832,Akanksha Paraswar,31,Finance,144534.72
6833,Akanksha Paraswar,20,Finance,79076.97
6834,Kriti Desai,40,Engineering,42213.34
6835,Akanksha Sharma,41,Engineering,197790.99
6836,Kriti Raina,25,Marketing,57396.79
6837,Kriti Patel,18,Marketing,31232.33
6838,Sanjay Jain,24,Finance,175701.57
6839,Rohit Paraswar,57,Marketing,146316.23
6840,Rohit Desai,53,Engineering,150657.74
6841,Vaidehi Khatri,23,Sales,25764.87
6842,Amit Paraswar,53,Engineering,175704.88
6843,Sanjay Khatri,62,Finance,199343.07
6844,Kriti Sharma,27,Finance,27690.31
6845,Tara Kamble,50,Engineering,21236.89
6846,Amit Kamble,31,Finance,99793.48
6847,Vaidehi Sharma,34,Support,140629.4
6848,Akanksha Patel,49,Finance,94930.65
6849,Sanjay Desai,30,Engineering,136412.98
6850,Agnijeet Desai,57,HR,136772.13
6851,Rohit Sharma,18,Support,92635.05
6852,Rina Sharma,50,Sales,111252.38
6853,Rohit Patel,28,HR,26990.09
6854,Agnijeet Patel,57,Marketing,99492.87
6855,Agnijeet Jain,38,Finance,67420.09
6856,Amit Raina,44,Sales,158475.43
6857,Agnijeet Kamble,27,Sales,187582.26
6858,Sanjay Kamble,48,HR,86595.15
6859,Vaidehi Khatri,24,Marketing,73264.41
6860,Rohit Raina,35,Sales,169502.63
6861,Rohit Paraswar,60,Sales,123073.15
6862,Tara Sharma,29,Support,182531.02
6863,Agnijeet Kamble,39,Support,49547.79
6864,Akanksha Paraswar,44,Engineering,96898.12
6865,Sanjay Kamble,35,HR,149368.54
6866,Akanksha Raina,28,Support,53142.12
6867,Vaidehi Sharma,26,Engineering,46527.72
6868,Rohit Kamble,54,Marketing,141579.71
6869,Kavish Kamble,28,Support,95029.21
6870,Agnijeet Desai,52,Sales,125932.73
6871,Kavish Khatri,44,Finance,72734.88
6872,Vaidehi Raina,43,Engineering,195552.88
6873,Sanjay Paraswar,29,Finance,57832.26
6874,Kriti Raina,45,HR,44941.36
6875,Vaidehi Kamble,24,Marketing,138319.32
6876,Kriti Paraswar,43,Finance,171920.27
6877,Rohit Sharma,27,Engineering,110632.69
6878,Sanjay Paraswar,37,Sales,60752.97
6879,Kavish Patel,39,Sales,140316.84
6880,Amit Desai,53,Support,129123.1
6881,Agnijeet Jain,40,Support,74823.38
6882,Kriti Raina,19,Marketing,155533.2
6883,Kavish Sharma,65,Support,153810.29
6884,Agnijeet Raina,43,Marketing,28114.72
6885,Akanksha Raina,25,Sales,31206.39
6886,Tara Sharma,41,Engineering,68607.39
6887,Tara Paraswar,28,Support,118249.89
6888,Akanksha Desai,21,Engineering,47964.98
6889,Rina Kamble,49,Finance,58444.13
6890,Amit Khatri,59,Marketing,144368.46
6891,Rina Kamble,41,Finance,199650.19
6892,Sanjay Jain,31,Support,185754.4
6893,Akanksha Paraswar,48,Marketing,58283.96
6894,Agnijeet Desai,24,Support,116686.69
6895,Kriti Sharma,18,Support,47962.45
6896,Amit Raina,18,HR,168917.9
6897,Rina Patel,41,Marketing,164894.95
6898,Rohit Raina,27,Marketing,179668.42
6899,Kriti Desai,59,Sales,152320.79
6900,Akanksha Khatri,60,Finance,35973.33
6901,Kavish Paraswar,36,HR,175056.26
6902,Kavish Patel,39,Sales,146407.16
6903,Agnijeet Sharma,21,Sales,46144.7
6904,Kavish Kamble,32,Marketing,128987.83
6905,Sanjay Khatri,64,Engineering,57135.2
6906,Sanjay Khatri,62,Sales,22162.27
6907,Amit Khatri,39,Engineering,30474.6
6908,Kavish Desai,37,Finance,160118.85
6909,Agnijeet Kamble,22,HR,157740.23
6910,Sanjay Jain,65,HR,138463.79
6911,Rina Raina,37,Support,116997.12
6912,Vaidehi Paraswar,55,Engineering,48209.34
6913,Agnijeet Desai,49,Marketing,74210.36
6914,Akanksha Desai,55,Engineering,146552.01
6915,Akanksha Desai,27,Marketing,157303.63
6916,Rina Raina,59,Marketing,58156.49
6917,Agnijeet Patel,38,Finance,87108.19
6918,Kriti Khatri,58,Sales,82107.23
6919,Agnijeet Raina,36,Support,88434.06
6920,Agnijeet Paraswar,30,Support,90462.14
6921,Rohit Kamble,52,Support,67639.89
6922,Rohit Kamble,61,Sales,143666.89
6923,Rina Sharma,60,Finance,114654.71
6924,Amit Patel,23,Engineering,59783.03
6925,Akanksha Kamble,45,HR,138209.24
6926,Tara Jain,38,Sales,184169.88
6927,Rina Khatri,48,Support,58982.63
6928,Rina Khatri,19,Marketing,163937.47
6929,Amit Raina,53,Finance,141695.68
6930,Vaidehi Sharma,45,Sales,95706.07
6931,Amit Paraswar,22,HR,26986.87
6932,Vaidehi Paraswar,61,Engineering,154653.99
6933,Agnijeet Khatri,49,Engineering,80717.9
6934,Kavish Kamble,62,Support,162431.25
6935,Rina Jain,34,Engineering,168253.31
6936,Vaidehi Sharma,22,Sales,92396.8
6937,Rina Raina,56,Sales,101676.59
6938,Amit Raina,44,Finance,42927.32
6939,Agnijeet Sharma,59,Support,187638.33
6940,Vaidehi Kamble,28,Sales,78447.03
6941,Agnijeet Jain,59,Finance,91597.64
6942,Rina Jain,32,HR,159159.45
6943,Akanksha Sharma,45,Marketing,27127.97
6944,Tara Jain,52,Finance,35011.42
6945,Kavish Sharma,18,Finance,193292.39
6946,Tara Jain,34,HR,94120.74
6947,Akanksha Kamble,55,Marketing,76382.51
6948,Rina Sharma,62,Support,140476.33
6949,Tara Desai,43,Engineering,145818.64
6950,Sanjay Khatri,18,Engineering,112908.01
6951,Tara Kamble,28,Sales,132260.0
6952,Agnijeet Desai,44,Marketing,155430.04
6953,Tara Raina,64,Sales,62649.68
6954,Akanksha Patel,46,Sales,145726.19
6955,Tara Desai,31,Support,174524.04
6956,Sanjay Jain,55,Sales,198876.13
6957,Amit Jain,35,Support,39182.06
6958,Amit Patel,56,Sales,112596.53
6959,Agnijeet Jain,19,Sales,125322.25
6960,Kriti Paraswar,51,Engineering,69951.94
6961,Rina Sharma,33,HR,49680.79
6962,Tara Khatri,35,HR,27397.3
6963,Vaidehi Jain,57,Engineering,87496.6
6964,Sanjay Kamble,45,Finance,50363.82
6965,Vaidehi Desai,46,Engineering,132981.7
6966,Akanksha Sharma,42,Sales,30198.34
6967,Vaidehi Patel,25,Marketing,159618.69
6968,Akanksha Raina,27,Finance,149107.75
6969,Rina Raina,32,Support,39791.22
6970,Akanksha Jain,24,Support,44514.33
6971,Kriti Khatri,64,HR,125114.95
6972,Agnijeet Patel,30,Marketing,148184.94
6973,Tara Jain,62,HR,121629.9
6974,Rohit Raina,39,Sales,36844.67
6975,Vaidehi Kamble,64,Engineering,99536.99
6976,Rina Patel,32,Finance,35853.96
6977,Sanjay Patel,55,HR,118863.53
6978,Akanksha Raina,29,Support,75179.87
6979,Sanjay Paraswar,51,HR,129681.28
6980,Tara Paraswar,47,Engineering,169510.47
6981,Rohit Kamble,32,Support,90673.85
6982,Kavish Patel,24,Marketing,152245.33
6983,Kriti Desai,42,Finance,183754.51
6984,Rohit Raina,55,HR,52627.05
6985,Rohit Raina,44,Finance,124456.7
6986,Rohit Paraswar,26,HR,66691.25
6987,Rohit Raina,40,HR,174786.84
6988,Tara Kamble,54,Support,45295.61
6989,Sanjay Paraswar,59,Sales,157325.72
6990,Kavish Patel,35,Support,163294.9
6991,Rina Raina,40,Sales,51413.33
6992,Tara Raina,31,Support,76990.52
6993,Akanksha Paraswar,54,Engineering,184264.79
6994,Rina Paraswar,50,Marketing,127803.09
6995,Amit Sharma,44,HR,132885.93
6996,Kavish Patel,55,Engineering,161111.73
6997,Akanksha Raina,37,HR,184613.49
6998,Agnijeet Khatri,62,Finance,44636.81
6999,Vaidehi Paraswar,39,Finance,179928.32
7000,Akanksha Paraswar,26,Marketing,195814.46
7001,Amit Khatri,22,Finance,55915.11
7002,Agnijeet Sharma,28,HR,193201.27
7003,Tara Khatri,26,Sales,50228.97
7004,Kavish Desai,48,Marketing,46674.7
7005,Amit Sharma,31,HR,25946.25
7006,Tara Khatri,56,Marketing,72922.89
7007,Rohit Desai,42,Finance,153755.12
7008,Tara Sharma,51,Finance,66567.06
7009,Agnijeet Khatri,20,Engineering,100836.94
7010,Amit Kamble,18,HR,100361.06
7011,Amit Sharma,45,HR,146297.97
7012,Tara Jain,53,Engineering,29084.03
7013,Agnijeet Khatri,36,Support,42443.06
7014,Tara Sharma,46,Support,138041.24
7015,Vaidehi Sharma,65,Engineering,182734.54
7016,Tara Desai,20,HR,176313.4
7017,Rina Jain,50,HR,118175.5
7018,Amit Sharma,43,HR,115437.01
7019,Vaidehi Patel,56,Marketing,71239.73
7020,Agnijeet Sharma,44,Engineering,135329.5
7021,Akanksha Jain,43,HR,97993.98
7022,Rina Patel,40,Marketing,90405.74
7023,Tara Jain,52,HR,159824.93
7024,Kavish Khatri,23,Support,176277.2
7025,Rina Sharma,62,Sales,105097.28
7026,Rina Khatri,51,Finance,141438.18
7027,Agnijeet Patel,20,Engineering,104369.63
7028,Kavish Sharma,34,Marketing,138092.53
7029,Vaidehi Kamble,41,Support,177988.59
7030,Sanjay Patel,25,Marketing,73031.4
7031,Rohit Kamble,52,HR,177499.22
7032,Rina Sharma,28,Engineering,195864.39
7033,Akanksha Paraswar,58,Support,97643.7
7034,Tara Kamble,36,HR,179962.18
7035,Kriti Sharma,61,Support,32754.08
7036,Akanksha Kamble,59,Support,76699.98
7037,Sanjay Desai,51,Support,130226.94
7038,Agnijeet Kamble,37,Marketing,53800.83
7039,Vaidehi Patel,28,Sales,152385.93
7040,Amit Jain,61,Support,197023.88
7041,Kriti Sharma,19,HR,107653.91
7042,Rina Sharma,52,Engineering,93498.5
7043,Vaidehi Sharma,42,Marketing,58483.74
7044,Rina Raina,36,Support,179752.29
7045,Tara Desai,35,Engineering,44224.78
7046,Kavish Khatri,21,Marketing,23114.78
7047,Sanjay Raina,40,Finance,187515.57
7048,Amit Jain,62,Marketing,64630.64
7049,Rina Jain,22,HR,37465.06
7050,Sanjay Desai,57,Support,47074.93
7051,Akanksha Kamble,65,Sales,95602.99
7052,Vaidehi Sharma,37,Sales,34712.86
7053,Kavish Jain,19,Finance,192599.74
7054,Vaidehi Sharma,27,HR,76565.64
7055,Akanksha Raina,56,Sales,96424.54
7056,Amit Sharma,48,Support,74531.93
7057,Rina Raina,18,Support,22889.83
7058,Rohit Sharma,29,Marketing,161447.55
7059,Kavish Jain,57,HR,120039.44
7060,Tara Desai,26,HR,98765.69
7061,Amit Desai,44,HR,130595.66
7062,Tara Sharma,41,Finance,129241.95
7063,Kriti Kamble,45,Support,33243.89
7064,Kriti Kamble,42,Marketing,180642.42
7065,Tara Desai,55,Engineering,27665.55
7066,Kavish Desai,44,Sales,155049.24
7067,Kavish Sharma,65,Marketing,140181.08
7068,Kriti Raina,25,HR,182154.74
7069,Sanjay Jain,49,Finance,32697.05
7070,Rohit Jain,26,Support,82621.21
7071,Rohit Paraswar,44,Finance,160790.53
7072,Amit Patel,54,Support,41084.86
7073,Sanjay Paraswar,37,Support,27980.95
7074,Kavish Sharma,28,Marketing,192730.14
7075,Tara Jain,25,Marketing,114831.43
7076,Rohit Paraswar,43,Marketing,148690.54
7077,Sanjay Paraswar,26,Engineering,159482.84
7078,Vaidehi Sharma,48,Engineering,194064.09
7079,Kavish Raina,63,Marketing,123061.94
7080,Tara Sharma,33,Sales,190963.12
7081,Rohit Jain,24,Finance,105929.99
7082,Kriti Paraswar,19,HR,132303.94
7083,Agnijeet Kamble,49,Marketing,171511.82
7084,Kriti Khatri,31,Finance,142030.12
7085,Vaidehi Jain,40,HR,163108.36
7086,Amit Desai,19,Support,134496.57
7087,Agnijeet Patel,62,Marketing,26713.85
7088,Vaidehi Jain,58,Finance,26377.56
7089,Akanksha Paraswar,18,Marketing,90117.67
7090,Rohit Khatri,54,Support,95578.7
7091,Agnijeet Khatri,20,Marketing,176040.2
7092,Sanjay Jain,45,Support,80228.56
7093,Amit Raina,31,Finance,122252.0
7094,Rohit Paraswar,25,Support,150975.09
7095,Tara Kamble,58,Finance,48260.3
7096,Kavish Khatri,58,Sales,107548.97
7097,Agnijeet Desai,58,Engineering,101679.82
7098,Kavish Khatri,30,Marketing,98254.2
7099,Kriti Kamble,27,Sales,189060.63
7100,Kriti Raina,33,Sales,133053.49
7101,Kavish Kamble,51,Support,153931.73
7102,Kriti Sharma,36,Engineering,147209.22
7103,Rohit Desai,50,Sales,87194.97
7104,Amit Kamble,43,Finance,115055.48
7105,Kavish Raina,54,Sales,40370.37
7106,Sanjay Paraswar,22,HR,64322.42
7107,Tara Kamble,28,HR,34906.0
7108,Akanksha Raina,58,Marketing,148353.47
7109,Kriti Paraswar,64,Engineering,169539.11
7110,Kavish Sharma,34,Finance,59120.47
7111,Sanjay Patel,56,Finance,89720.65
7112,Akanksha Jain,58,Marketing,58583.62
7113,Kriti Patel,58,Finance,197398.3
7114,Vaidehi Jain,37,Marketing,64934.22
7115,Rina Raina,37,Sales,41151.52
7116,Sanjay Jain,50,Finance,142263.76
7117,Vaidehi Sharma,20,Finance,48124.8
7118,Tara Patel,42,Support,174193.29
7119,Kavish Paraswar,28,Sales,159676.47
7120,Rohit Khatri,38,Marketing,177971.75
7121,Kriti Sharma,38,Support,133851.33
7122,Tara Khatri,32,Marketing,61677.87
7123,Amit Desai,28,Sales,98781.37
7124,Vaidehi Raina,22,Finance,110506.54
7125,Agnijeet Paraswar,42,Sales,197328.26
7126,Rina Sharma,52,Sales,88970.64
7127,Tara Khatri,35,Engineering,46578.71
7128,Sanjay Jain,60,Engineering,127030.98
7129,Kavish Khatri,38,Engineering,121400.66
7130,Vaidehi Khatri,18,Support,153331.35
7131,Rina Khatri,40,Engineering,156369.4
7132,Amit Patel,34,Engineering,151366.22
7133,Akanksha Desai,18,Sales,67790.02
7134,Agnijeet Khatri,34,Marketing,69609.11
7135,Kriti Jain,23,HR,148477.9
7136,Kavish Paraswar,26,Support,57033.23
7137,Rohit Khatri,53,Marketing,61914.48
7138,Vaidehi Patel,37,Marketing,70138.76
7139,Rohit Sharma,25,HR,135412.35
7140,Rohit Sharma,59,Finance,56631.8
7141,Agnijeet Sharma,40,Engineering,53777.71
7142,Akanksha Sharma,23,Finance,166386.66
7143,Rina Khatri,49,Sales,117630.06
7144,Kriti Raina,37,Sales,163561.09
7145,Amit Raina,37,Finance,49036.48
7146,Kavish Khatri,35,Support,130879.11
7147,Sanjay Desai,58,Marketing,31472.51
7148,Tara Raina,40,Sales,91104.76
7149,Rohit Paraswar,19,Sales,45776.37
7150,Sanjay Jain,64,Engineering,106354.72
7151,Akanksha Patel,30,HR,153059.33
7152,Kavish Jain,58,Finance,33998.07
7153,Akanksha Raina,49,Engineering,119370.05
7154,Tara Patel,35,HR,123989.87
7155,Vaidehi Khatri,54,Finance,137710.58
7156,Kavish Desai,49,Sales,70804.16
7157,Vaidehi Sharma,19,Marketing,105314.94
7158,Sanjay Khatri,58,Engineering,110636.74
7159,Kavish Paraswar,21,Marketing,140852.29
7160,Tara Raina,31,Support,84234.09
7161,Kavish Desai,28,Finance,65680.44
7162,Akanksha Paraswar,61,HR,153250.78
7163,Kavish Jain,63,Support,65047.98
7164,Tara Raina,48,Support,133842.98
7165,Agnijeet Paraswar,34,Marketing,49704.67
7166,Kriti Sharma,38,Sales,38944.76
7167,Rohit Paraswar,37,Finance,36228.61
7168,Kriti Desai,55,Engineering,199485.35
7169,Rina Kamble,45,HR,168119.25
7170,Akanksha Kamble,38,HR,42199.53
7171,Kavish Jain,37,Support,194505.03
7172,Kavish Desai,42,Support,114090.46
7173,Sanjay Khatri,59,Support,67758.14
7174,Vaidehi Jain,38,Marketing,165765.02
7175,Kriti Jain,63,Marketing,159254.86
7176,Akanksha Desai,21,HR,22941.72
7177,Kriti Desai,51,Sales,87908.21
7178,Tara Paraswar,28,Finance,54726.63
7179,Vaidehi Raina,53,Finance,76349.31
7180,Rina Jain,46,Support,105885.22
7181,Sanjay Sharma,55,HR,146245.23
7182,Agnijeet Jain,48,Finance,32202.86
7183,Kavish Desai,18,HR,25153.12
7184,Agnijeet Raina,30,Marketing,195298.98
7185,Tara Jain,55,Sales,99497.07
7186,Tara Raina,58,Sales,98217.29
7187,Kavish Paraswar,59,Engineering,136248.18
7188,Kriti Raina,63,HR,168959.12
7189,Kavish Kamble,64,Support,160700.72
7190,Kriti Kamble,59,HR,40242.47
7191,Vaidehi Jain,28,Engineering,76015.04
7192,Agnijeet Khatri,51,Sales,96221.52
7193,Rina Patel,50,HR,20497.97
7194,Kavish Khatri,58,Marketing,191848.72
7195,Vaidehi Jain,28,Finance,160310.16
7196,Agnijeet Raina,63,HR,91550.36
7197,Kriti Jain,25,Engineering,92373.97
7198,Agnijeet Raina,32,Finance,193437.67
7199,Kavish Raina,33,Engineering,177089.1
7200,Rohit Khatri,53,Engineering,114024.19
7201,Amit Sharma,60,HR,86021.2
7202,Akanksha Patel,60,Engineering,136850.36
7203,Akanksha Sharma,60,Finance,123893.62
7204,Rohit Raina,52,Engineering,100635.95
7205,Rohit Jain,54,Sales,158603.88
7206,Rohit Sharma,34,Marketing,143449.68
7207,Sanjay Kamble,59,Support,48441.24
7208,Sanjay Patel,56,Support,179909.16
7209,Vaidehi Kamble,30,Marketing,29744.85
7210,Vaidehi Raina,59,HR,27601.04
7211,Vaidehi Raina,25,Sales,191522.75
7212,Rina Jain,32,HR,64651.14
7213,Akanksha Jain,24,Sales,151015.16
7214,Tara Patel,44,Engineering,35366.03
7215,Rina Patel,46,Sales,25586.74
7216,Agnijeet Paraswar,44,Engineering,49120.29
7217,Tara Patel,18,Support,181146.2
7218,Rohit Paraswar,47,Finance,166306.63
7219,Agnijeet Sharma,58,Finance,71349.53
7220,Rohit Patel,22,Finance,162245.76
7221,Kriti Khatri,27,Engineering,128806.38
7222,Vaidehi Paraswar,22,Marketing,84579.33
7223,Amit Kamble,46,Support,42626.16
7224,Vaidehi Raina,33,Support,34987.74
7225,Rohit Raina,49,Sales,195349.91
7226,Akanksha Jain,54,Marketing,30226.04
7227,Rohit Jain,59,HR,171939.89
7228,Rina Khatri,47,Engineering,58527.62
7229,Tara Paraswar,19,Marketing,188091.49
7230,Akanksha Kamble,22,HR,117881.71
7231,Rina Sharma,57,Engineering,130205.68
7232,Sanjay Desai,41,Engineering,75597.73
7233,Agnijeet Desai,60,Finance,126130.83
7234,Akanksha Jain,60,HR,122276.87
7235,Tara Desai,43,HR,38016.99
7236,Agnijeet Jain,51,Engineering,140200.34
7237,Kriti Paraswar,45,Finance,49874.29
7238,Agnijeet Kamble,54,Finance,33786.82
7239,Kriti Kamble,40,Engineering,161876.94
7240,Rohit Jain,21,Finance,46261.87
7241,Akanksha Kamble,46,Support,45233.44
7242,Amit Paraswar,31,Engineering,154932.61
7243,Amit Patel,65,HR,66149.88
7244,Agnijeet Patel,52,Marketing,74404.99
7245,Kavish Patel,35,Engineering,122319.96
7246,Sanjay Patel,53,Marketing,23729.62
7247,Rohit Paraswar,63,Engineering,148726.47
7248,Tara Raina,37,Sales,44974.7
7249,Sanjay Desai,59,HR,132877.26
7250,Vaidehi Jain,23,Finance,173941.94
7251,Sanjay Jain,38,Support,157507.02
7252,Vaidehi Kamble,63,Support,169618.4
7253,Akanksha Khatri,19,Sales,50937.06
7254,Sanjay Patel,43,Engineering,84256.34
7255,Sanjay Sharma,29,Marketing,123473.0
7256,Sanjay Desai,55,Sales,120725.67
7257,Agnijeet Sharma,51,Sales,194006.68
7258,Akanksha Kamble,31,HR,160129.67
7259,Kriti Kamble,25,HR,187273.01
7260,Agnijeet Paraswar,21,Finance,98089.39
7261,Vaidehi Khatri,51,Sales,98788.48
7262,Rohit Khatri,35,Sales,137802.53
7263,Rina Sharma,32,Engineering,106407.51
7264,Tara Jain,21,Engineering,187641.1
7265,Kavish Sharma,39,Support,138951.03
7266,Vaidehi Sharma,34,Finance,180771.08
7267,Kavish Desai,32,Engineering,121002.49
7268,Amit Sharma,43,Finance,80900.28
7269,Kriti Paraswar,31,Engineering,130251.67
7270,Agnijeet Paraswar,33,HR,159213.76
7271,Kavish Raina,27,HR,186567.51
7272,Akanksha Paraswar,38,Marketing,156168.6
7273,Rina Khatri,18,Support,51212.73
7274,Tara Khatri,51,HR,42970.37
7275,Vaidehi Jain,46,Marketing,102385.86
7276,Rina Paraswar,51,HR,147535.11
7277,Akanksha Kamble,55,Marketing,27373.92
7278,Sanjay Jain,32,Engineering,168732.39
7279,Agnijeet Desai,57,Support,52825.05
7280,Rohit Patel,19,Finance,183484.89
7281,Kriti Desai,30,Support,180626.32
7282,Sanjay Sharma,56,Engineering,162089.67
7283,Rohit Desai,27,Support,84580.08
7284,Akanksha Desai,40,Finance,121742.67
7285,Tara Khatri,19,Support,68087.32
7286,Kavish Raina,27,Marketing,65729.09
7287,Tara Desai,57,Finance,81133.92
7288,Kavish Sharma,25,HR,103922.53
7289,Vaidehi Khatri,24,Sales,153276.79
7290,Sanjay Raina,57,HR,46980.72
7291,Tara Desai,63,Finance,124594.71
7292,Rina Patel,62,Marketing,38607.64
7293,Akanksha Desai,36,Support,143745.33
7294,Rohit Raina,27,HR,88545.32
7295,Kavish Jain,52,Sales,186689.33
7296,Kavish Kamble,63,Marketing,170899.69
7297,Agnijeet Raina,51,Support,70877.03
7298,Kavish Khatri,57,HR,45819.95
7299,Tara Kamble,52,Engineering,91926.91
7300,Rohit Raina,55,Support,128651.48
7301,Tara Khatri,60,HR,99081.7
7302,Kavish Kamble,43,Engineering,181359.79
7303,Tara Sharma,45,Finance,167124.19
7304,Rina Desai,40,Engineering,61621.1
7305,Tara Jain,65,Support,179748.7
7306,Sanjay Kamble,23,Support,112459.41
7307,Rina Jain,54,Sales,94734.59
7308,Kriti Kamble,18,Engineering,39188.25
7309,Tara Jain,30,Engineering,71323.76
7310,Kavish Kamble,41,Sales,152266.48
7311,Vaidehi Jain,39,Marketing,85984.92
7312,Kriti Patel,33,Support,164642.09
7313,Rina Raina,37,Sales,159790.52
7314,Akanksha Jain,37,Finance,139238.44
7315,Rina Paraswar,34,Finance,45297.69
7316,Kriti Sharma,32,Support,142034.13
7317,Tara Raina,44,Support,190354.42
7318,Rohit Desai,47,Support,102534.1
7319,Agnijeet Patel,64,Sales,48126.09
7320,Rina Patel,45,Support,161352.78
7321,Tara Khatri,59,Support,122286.78
7322,Amit Paraswar,55,Marketing,23873.12
7323,Amit Sharma,50,Marketing,89956.44
7324,Agnijeet Patel,21,Support,166793.31
7325,Rohit Jain,42,Marketing,192235.66
7326,Vaidehi Paraswar,27,Support,161531.84
7327,Rina Raina,33,Engineering,70698.89
7328,Sanjay Sharma,47,Support,143746.33
7329,Rina Kamble,46,HR,168730.76
7330,Kriti Khatri,28,Finance,26586.27
7331,Vaidehi Paraswar,60,Sales,191414.24
7332,Agnijeet Paraswar,18,Sales,52177.11
7333,Amit Paraswar,23,Finance,113876.16
7334,Agnijeet Khatri,28,HR,127097.83
7335,Amit Jain,51,Engineering,149537.88
7336,Kavish Paraswar,26,Finance,194408.0
7337,Vaidehi Khatri,28,Marketing,142396.19
7338,Rohit Khatri,31,Support,136204.63
7339,Rina Khatri,50,HR,183571.64
7340,Amit Paraswar,27,Engineering,167883.7
7341,Agnijeet Kamble,55,Sales,188705.28
7342,Sanjay Kamble,22,Marketing,179205.18
7343,Tara Sharma,25,Engineering,36378.76
7344,Sanjay Patel,55,Marketing,183358.56
7345,Rohit Kamble,62,Support,88042.55
7346,Kriti Raina,55,Marketing,142074.97
7347,Rohit Raina,37,Support,174988.11
7348,Kavish Jain,32,Finance,33821.35
7349,Kriti Desai,50,Engineering,118351.16
7350,Vaidehi Paraswar,27,Engineering,81282.04
7351,Rina Paraswar,28,HR,158846.12
7352,Vaidehi Sharma,65,HR,21905.08
7353,Rohit Khatri,53,Support,141192.85
7354,Amit Sharma,27,Support,171925.23
7355,Amit Patel,46,Marketing,115989.6
7356,Rohit Khatri,59,Finance,173124.93
7357,Rina Kamble,44,Engineering,158755.55
7358,Kavish Kamble,59,Finance,81664.1
7359,Vaidehi Patel,28,HR,78374.31
7360,Tara Raina,44,Engineering,120026.33
7361,Sanjay Paraswar,58,Sales,162105.62
7362,Vaidehi Patel,47,HR,88840.48
7363,Sanjay Kamble,48,Finance,183240.48
7364,Kriti Desai,63,Sales,109075.07
7365,Akanksha Raina,43,Support,112445.22
7366,Vaidehi Jain,54,HR,168421.41
7367,Rohit Patel,52,Support,130935.92
7368,Sanjay Raina,23,Marketing,115135.05
7369,Kavish Kamble,53,Support,104079.66
7370,Akanksha Khatri,47,Finance,177580.11
7371,Rina Khatri,33,Finance,124762.17
7372,Tara Jain,62,Support,185486.11
7373,Agnijeet Jain,59,Sales,46176.69
7374,Agnijeet Desai,36,Marketing,40233.96
7375,Vaidehi Patel,21,HR,75372.76
7376,Agnijeet Paraswar,18,Finance,66331.21
7377,Akanksha Khatri,38,Marketing,182653.96
7378,Rohit Paraswar,63,Sales,177501.08
7379,Sanjay Patel,27,Support,62253.51
7380,Tara Paraswar,59,Sales,175595.03
7381,Tara Patel,26,Engineering,75322.65
7382,Amit Patel,56,Marketing,45027.39
7383,Amit Sharma,35,Finance,163284.35
7384,Akanksha Raina,46,Support,41028.51
7385,Kriti Desai,22,Marketing,157284.43
7386,Rina Patel,33,HR,20524.39
7387,Akanksha Kamble,41,Finance,64563.19
7388,Agnijeet Raina,36,Sales,104323.91
7389,Vaidehi Jain,58,Sales,56286.93
7390,Amit Paraswar,57,Finance,163336.48
7391,Agnijeet Khatri,21,Finance,171677.04
7392,Tara Patel,56,Support,173606.85
7393,Akanksha Raina,52,Support,74964.85
7394,Agnijeet Jain,54,Marketing,141247.22
7395,Sanjay Paraswar,63,Marketing,153019.25
7396,Amit Patel,47,Marketing,23027.96
7397,Amit Patel,34,Marketing,54252.3
7398,Agnijeet Patel,63,Sales,21924.21
7399,Rohit Patel,32,Support,91350.24
7400,Rina Paraswar,20,Marketing,85968.95
7401,Sanjay Kamble,56,Finance,174537.94
7402,Kavish Desai,23,Support,193459.87
7403,Kavish Patel,40,Engineering,113579.74
7404,Rina Paraswar,22,Sales,159205.25
7405,Amit Sharma,41,Sales,101234.48
7406,Amit Desai,21,Support,196795.42
7407,Kriti Patel,30,HR,138955.39
7408,Tara Jain,33,Finance,130829.4
7409,Kriti Desai,32,Marketing,170464.06
7410,Kriti Khatri,39,Engineering,34075.13
7411,Rohit Patel,34,Support,168450.98
7412,Agnijeet Khatri,65,Support,61906.76
7413,Agnijeet Paraswar,53,Finance,178367.45
7414,Kavish Jain,32,Finance,133156.63
7415,Amit Khatri,40,Finance,146157.08
7416,Amit Patel,39,HR,161168.05
7417,Akanksha Paraswar,48,Marketing,144695.48
7418,Akanksha Raina,20,Engineering,145365.96
7419,Kavish Raina,64,Sales,35531.93
7420,Amit Sharma,48,HR,140291.2
7421,Sanjay Raina,21,Finance,84598.02
7422,Akanksha Desai,57,Sales,26364.6
7423,Akanksha Jain,33,Support,154715.69
7424,Kavish Paraswar,48,Support,26209.03
7425,Rohit Desai,62,Finance,115029.18
7426,Vaidehi Desai,47,Marketing,131974.77
7427,Tara Raina,30,Sales,143994.36
7428,Vaidehi Desai,50,Sales,36717.36
7429,Sanjay Khatri,65,Marketing,86043.13
7430,Amit Jain,32,Finance,177243.35
7431,Vaidehi Jain,31,Marketing,26623.16
7432,Amit Sharma,28,HR,163951.18
7433,Amit Kamble,38,Finance,148697.71
7434,Tara Sharma,37,Marketing,72117.78
7435,Vaidehi Desai,60,Marketing,181151.91
7436,Vaidehi Khatri,25,Support,29201.09
7437,Agnijeet Desai,58,HR,49273.66
7438,Agnijeet Raina,22,Support,172256.97
7439,Vaidehi Desai,49,Engineering,192884.25
7440,Kriti Raina,57,Support,37448.56
7441,Kriti Sharma,31,Sales,165951.13
7442,Tara Kamble,23,Sales,53067.7
7443,Rina Khatri,38,HR,139840.84
7444,Agnijeet Khatri,26,Finance,76506.97
7445,Akanksha Paraswar,53,Engineering,149942.7
7446,Sanjay Patel,55,Engineering,175448.31
7447,Kriti Patel,35,Marketing,57352.52
7448,Kriti Jain,26,Finance,79956.1
7449,Akanksha Raina,61,Engineering,97891.23
7450,Agnijeet Raina,20,Support,140801.94
7451,Vaidehi Khatri,63,Finance,90546.12
7452,Vaidehi Khatri,22,Finance,55499.05
7453,Kriti Kamble,62,Sales,87929.89
7454,Kavish Raina,47,Sales,112288.59
7455,Tara Sharma,36,Engineering,114480.25
7456,Rohit Paraswar,43,Support,152474.48
7457,Sanjay Raina,36,Sales,55672.08
7458,Tara Khatri,62,Support,80220.64
7459,Kavish Khatri,26,Sales,114656.14
7460,Sanjay Khatri,57,Engineering,79782.75
7461,Tara Raina,64,HR,137320.5
7462,Kavish Sharma,57,Engineering,82362.52
7463,Vaidehi Kamble,51,Finance,156388.75
7464,Kavish Khatri,28,Support,73842.39
7465,Kavish Kamble,61,Sales,152808.02
7466,Amit Sharma,54,Finance,28084.65
7467,Agnijeet Patel,61,Sales,43512.34
7468,Vaidehi Raina,61,Finance,71322.0
7469,Amit Paraswar,44,Sales,123268.78
7470,Kavish Kamble,42,HR,197988.72
7471,Amit Kamble,47,HR,77573.14
7472,Kriti Patel,31,Finance,72458.85
7473,Sanjay Khatri,61,Marketing,61139.93
7474,Amit Raina,63,HR,146584.01
7475,Sanjay Desai,55,HR,77009.8
7476,Sanjay Kamble,58,Sales,149645.43
7477,Tara Raina,52,Sales,186720.35
7478,Agnijeet Desai,47,Finance,157253.85
7479,Kavish Jain,36,Sales,157418.28
7480,Amit Desai,51,Support,157494.53
7481,Rohit Sharma,47,Marketing,82435.39
7482,Sanjay Sharma,53,HR,91157.44
7483,Rina Raina,37,Marketing,99796.34
7484,Amit Raina,21,Engineering,106913.92
7485,Vaidehi Sharma,19,Support,187124.12
7486,Rina Raina,39,Finance,124510.15
7487,Sanjay Jain,33,Marketing,69676.54
7488,Tara Patel,51,Finance,132415.04
7489,Sanjay Sharma,46,Support,121163.29
7490,Vaidehi Paraswar,40,Finance,79387.13
7491,Vaidehi Paraswar,30,Sales,48442.44
7492,Rina Jain,31,HR,199315.8
7493,Amit Kamble,24,HR,44661.16
7494,Akanksha Desai,56,Sales,151356.08
7495,Tara Desai,40,Support,169164.7
7496,Rohit Patel,45,Engineering,26827.23
7497,Akanksha Desai,54,Support,26417.22
7498,Rohit Sharma,50,Marketing,53684.39
7499,Kavish Khatri,46,HR,39427.87
7500,Akanksha Desai,35,Marketing,158790.8
7501,Agnijeet Kamble,54,Finance,132643.22
7502,Amit Desai,36,Finance,55111.33
7503,Agnijeet Raina,33,Marketing,36425.42
7504,Kriti Raina,29,Support,77034.03
7505,Kriti Raina,25,Support,167253.61
7506,Rohit Desai,26,Sales,79010.05
7507,Akanksha Sharma,33,HR,147848.08
7508,Kavish Jain,18,Engineering,35353.4
7509,Vaidehi Patel,59,Engineering,100135.49
7510,Amit Desai,63,Marketing,184271.03
7511,Sanjay Sharma,43,Finance,177188.04
7512,Agnijeet Kamble,27,HR,96057.7
7513,Agnijeet Raina,34,Finance,180666.73
7514,Kriti Desai,52,Marketing,165285.02
7515,Akanksha Kamble,46,Finance,88065.53
7516,Agnijeet Patel,39,Support,74233.34
7517,Rohit Khatri,47,Finance,128471.95
7518,Vaidehi Paraswar,62,Sales,52883.84
7519,Vaidehi Paraswar,53,Sales,149336.86
7520,Kriti Kamble,37,Engineering,173135.99
7521,Rina Patel,24,HR,131684.73
7522,Rina Raina,46,Sales,70611.57
7523,Tara Paraswar,48,Marketing,198970.73
7524,Rina Sharma,56,HR,22701.7
7525,Tara Paraswar,46,Finance,177767.0
7526,Rohit Patel,46,Sales,47332.97
7527,Akanksha Jain,49,Finance,139241.87
7528,Sanjay Paraswar,26,HR,154136.42
7529,Vaidehi Sharma,25,HR,187554.97
7530,Tara Patel,20,HR,47588.08
7531,Akanksha Kamble,35,Engineering,49435.12
7532,Rohit Patel,25,Marketing,139187.97
7533,Sanjay Desai,63,Finance,110031.88
7534,Agnijeet Khatri,40,Support,115600.3
7535,Tara Paraswar,59,Engineering,181448.28
7536,Kriti Sharma,58,Support,134954.38
7537,Vaidehi Patel,60,Sales,152310.6
7538,Rina Khatri,35,Finance,90929.23
7539,Amit Kamble,47,Engineering,43983.17
7540,Amit Jain,22,Finance,50297.38
7541,Rohit Desai,51,Support,169798.38
7542,Agnijeet Raina,41,Finance,154066.37
7543,Kriti Kamble,60,Sales,124191.9
7544,Akanksha Desai,54,HR,75849.87
7545,Vaidehi Raina,61,Support,89804.11
7546,Vaidehi Desai,49,Marketing,84185.23
7547,Sanjay Patel,50,Support,130654.13
7548,Tara Jain,22,Finance,191321.87
7549,Sanjay Raina,65,Support,94927.21
7550,Kriti Paraswar,62,Sales,40094.32
7551,Rina Kamble,51,Finance,170338.74
7552,Kavish Raina,59,Sales,20063.9
7553,Akanksha Sharma,21,Engineering,71238.19
7554,Akanksha Jain,39,Sales,98755.42
7555,Kriti Sharma,37,Marketing,129334.34
7556,Rina Patel,25,Sales,114775.9
7557,Vaidehi Khatri,45,Engineering,42208.82
7558,Agnijeet Desai,25,Sales,38155.17
7559,Tara Patel,49,Finance,192425.56
7560,Amit Raina,40,Support,104379.04
7561,Tara Jain,36,Engineering,194057.3
7562,Akanksha Sharma,23,Engineering,90793.61
7563,Rohit Jain,28,Engineering,39462.65
7564,Agnijeet Jain,59,Engineering,156763.67
7565,Kriti Sharma,51,Engineering,29185.58
7566,Amit Patel,65,Finance,75880.69
7567,Rina Patel,24,Finance,52786.64
7568,Kavish Khatri,38,Finance,117471.65
7569,Tara Raina,37,Finance,175680.78
7570,Akanksha Sharma,54,Support,141916.93
7571,Vaidehi Raina,24,Support,190706.19
7572,Agnijeet Sharma,18,Marketing,85958.95
7573,Amit Desai,58,Engineering,188116.1
7574,Tara Kamble,27,Engineering,24970.98
7575,Rohit Jain,55,Support,77280.85
7576,Agnijeet Patel,50,Sales,42067.87
7577,Rohit Paraswar,55,Sales,145745.24
7578,Sanjay Sharma,64,Finance,108453.04
7579,Agnijeet Kamble,50,HR,55508.52
7580,Kriti Kamble,30,Sales,108783.02
7581,Agnijeet Jain,46,Engineering,157568.19
7582,Akanksha Kamble,58,HR,105987.64
7583,Rina Desai,51,Engineering,60360.78
7584,Agnijeet Patel,37,Finance,157556.43
7585,Akanksha Khatri,48,HR,47289.26
7586,Rohit Paraswar,58,Sales,23687.84
7587,Rohit Patel,30,Sales,93487.41
7588,Kriti Desai,31,Finance,129001.25
7589,Kavish Sharma,23,Sales,165635.95
7590,Sanjay Desai,46,Support,49630.7
7591,Amit Kamble,31,Marketing,168876.29
7592,Kriti Jain,50,Support,179367.19
7593,Kavish Sharma,22,Marketing,126694.8
7594,Tara Raina,22,Engineering,71394.55
7595,Sanjay Kamble,26,Finance,159053.56
7596,Akanksha Jain,54,Support,164315.36
7597,Kriti Raina,45,Sales,161178.64
7598,Kavish Raina,48,Support,124090.85
7599,Agnijeet Paraswar,40,Sales,33148.31
7600,Akanksha Paraswar,32,Finance,186464.53
7601,Kavish Desai,31,Finance,32253.12
7602,Akanksha Patel,28,Finance,92700.98
7603,Tara Khatri,61,Engineering,69111.4
7604,Sanjay Khatri,63,Finance,113256.53
7605,Agnijeet Jain,21,Support,160346.27
7606,Akanksha Patel,62,Engineering,181107.05
7607,Kriti Sharma,62,Marketing,22450.89
7608,Agnijeet Desai,37,Finance,181111.88
7609,Kriti Raina,35,Sales,118728.55
7610,Rohit Patel,23,Support,106644.36
7611,Sanjay Patel,20,Marketing,45067.12
7612,Kriti Raina,28,Finance,88943.27
7613,Agnijeet Khatri,23,HR,158278.71
7614,Vaidehi Patel,46,Sales,23458.9
7615,Tara Jain,54,Sales,83122.01
7616,Amit Paraswar,41,Marketing,199933.77
7617,Akanksha Kamble,35,Engineering,91625.53
7618,Sanjay Desai,62,Sales,101783.15
7619,Kavish Raina,25,Sales,187554.43
7620,Kriti Khatri,59,Finance,73139.81
7621,Rina Sharma,29,Finance,37652.14
7622,Tara Jain,29,Sales,173904.39
7623,Kriti Paraswar,52,Sales,156951.28
7624,Rohit Sharma,34,Engineering,189973.05
7625,Amit Raina,56,Engineering,64259.75
7626,Akanksha Patel,34,Finance,186641.78
7627,Agnijeet Raina,55,Finance,47590.24
7628,Rohit Desai,65,HR,170921.19
7629,Rina Raina,60,Marketing,70956.96
7630,Tara Jain,44,Engineering,95426.7
7631,Sanjay Desai,19,Support,144600.89
7632,Kriti Kamble,46,Marketing,187151.47
7633,Akanksha Patel,57,Engineering,128378.77
7634,Sanjay Kamble,53,Support,195398.92
7635,Rina Paraswar,56,Support,173427.31
7636,Amit Sharma,51,Finance,78627.27
7637,Akanksha Jain,46,Finance,38935.08
7638,Agnijeet Jain,30,Support,148671.06
7639,Tara Desai,31,Marketing,104108.1
7640,Amit Desai,29,Marketing,128544.79
7641,Vaidehi Sharma,35,Sales,54329.18
7642,Agnijeet Khatri,43,Finance,109299.98
7643,Tara Patel,27,Engineering,97554.31
7644,Rina Raina,44,HR,131160.35
7645,Kriti Khatri,33,Support,144496.85
7646,Rohit Jain,34,Engineering,66676.32
7647,Amit Desai,25,Engineering,88816.85
7648,Amit Patel,62,Sales,26944.74
7649,Vaidehi Raina,21,Finance,193580.25
7650,Sanjay Raina,65,Engineering,32636.29
7651,Rohit Sharma,36,Finance,63178.46
7652,Vaidehi Desai,50,Engineering,129415.41
7653,Rina Paraswar,23,Sales,101445.4
7654,Agnijeet Patel,51,Marketing,100883.96
7655,Tara Kamble,52,HR,99646.28
7656,Vaidehi Jain,38,HR,174598.97
7657,Vaidehi Desai,52,Finance,99232.03
7658,Tara Raina,37,HR,101804.92
7659,Sanjay Desai,27,Engineering,178260.07
7660,Kavish Sharma,37,Marketing,155845.79
7661,Tara Sharma,44,Finance,44526.61
7662,Sanjay Paraswar,41,HR,26022.71
7663,Vaidehi Raina,56,Engineering,24180.44
7664,Tara Desai,49,Finance,184567.72
7665,Agnijeet Jain,56,Sales,101576.96
7666,Rohit Paraswar,55,Marketing,50038.2
7667,Tara Raina,59,Finance,187174.91
7668,Rohit Paraswar,42,Finance,165590.47
7669,Kavish Desai,57,Finance,175772.84
7670,Kriti Paraswar,18,Finance,22948.0
7671,Vaidehi Kamble,45,Support,33944.16
7672,Rina Khatri,40,Support,47877.16
7673,Rina Kamble,18,Sales,113871.34
7674,Kriti Paraswar,44,Finance,174294.94
7675,Rina Jain,41,HR,117928.2
7676,Kriti Patel,44,Finance,82897.52
7677,Agnijeet Jain,65,Support,61768.93
7678,Vaidehi Desai,50,Marketing,199710.66
7679,Amit Sharma,36,Engineering,176745.01
7680,Kavish Khatri,45,Finance,152024.61
7681,Rohit Jain,62,HR,116508.01
7682,Agnijeet Kamble,25,Sales,23325.27
7683,Akanksha Desai,53,Engineering,85855.41
7684,Kavish Sharma,42,HR,35865.82
7685,Rina Paraswar,63,Sales,47212.35
7686,Rohit Patel,40,HR,146744.16
7687,Sanjay Patel,23,Finance,68754.17
7688,Amit Patel,23,Sales,97794.05
7689,Akanksha Paraswar,35,Support,29507.2
7690,Rina Desai,36,Sales,71660.25
7691,Tara Paraswar,64,HR,23975.32
7692,Amit Patel,24,Marketing,141865.22
7693,Amit Jain,46,Support,139287.42
7694,Agnijeet Raina,41,Marketing,136311.45
7695,Agnijeet Raina,25,Engineering,68422.61
7696,Tara Khatri,26,Support,116380.58
7697,Tara Patel,22,Engineering,34303.2
7698,Rina Kamble,19,Marketing,94722.9
7699,Rina Kamble,38,Finance,66684.59
7700,Sanjay Paraswar,63,Marketing,46071.15
7701,Tara Paraswar,18,Engineering,110727.12
7702,Tara Patel,51,Sales,149859.22
7703,Rohit Desai,37,Finance,30429.41
7704,Tara Khatri,18,Support,135732.16
7705,Vaidehi Jain,61,Finance,72816.11
7706,Kavish Khatri,29,Sales,192943.0
7707,Amit Sharma,33,Sales,193648.39
7708,Akanksha Khatri,49,HR,77529.27
7709,Tara Kamble,36,Support,199962.45
7710,Akanksha Patel,44,Finance,161582.99
7711,Rohit Kamble,51,Engineering,38331.92
7712,Kavish Khatri,18,Support,103985.04
7713,Agnijeet Sharma,38,Marketing,157806.73
7714,Kavish Desai,20,Support,21657.95
7715,Rina Jain,36,Sales,73433.31
7716,Tara Desai,37,Sales,171025.24
7717,Kriti Desai,26,HR,107773.39
7718,Agnijeet Patel,25,Marketing,183431.29
7719,Rohit Khatri,63,Finance,71082.42
7720,Akanksha Sharma,50,HR,102568.16
7721,Rina Raina,55,HR,93431.65
7722,Amit Desai,37,HR,133852.77
7723,Rohit Kamble,55,Finance,184981.71
7724,Agnijeet Raina,40,Support,27613.29
7725,Tara Raina,41,Engineering,24786.26
7726,Akanksha Patel,22,Support,92035.72
7727,Rina Kamble,48,Engineering,86748.79
7728,Tara Sharma,40,Support,116655.88
7729,Kriti Paraswar,63,HR,186434.6
7730,Amit Desai,51,Marketing,66114.45
7731,Kavish Patel,40,Support,49773.43
7732,Sanjay Jain,55,Engineering,177282.19
7733,Kavish Sharma,64,Support,107336.56
7734,Agnijeet Khatri,22,HR,174160.58
7735,Rina Raina,55,Engineering,65772.13
7736,Kavish Paraswar,53,Engineering,28885.99
7737,Sanjay Paraswar,18,Sales,96476.62
7738,Vaidehi Kamble,42,Sales,143324.82
7739,Vaidehi Khatri,58,Engineering,50305.08
7740,Sanjay Desai,48,Sales,88233.43
7741,Agnijeet Raina,51,HR,194107.43
7742,Amit Patel,19,Finance,79942.77
7743,Rohit Raina,62,HR,45297.71
7744,Kavish Khatri,32,Support,49815.33
7745,Vaidehi Desai,54,Finance,93964.05
7746,Rina Sharma,55,Sales,139655.82
7747,Sanjay Jain,29,Marketing,145781.5
7748,Sanjay Desai,37,Support,115578.48
7749,Rohit Khatri,26,HR,66573.89
7750,Sanjay Sharma,49,Sales,133036.67
7751,Kavish Khatri,59,HR,44602.97
7752,Vaidehi Desai,61,Support,178013.27
7753,Kriti Jain,42,Engineering,119442.48
7754,Kriti Kamble,43,Marketing,159490.08
7755,Amit Sharma,60,Engineering,26281.76
7756,Rohit Khatri,40,Marketing,106840.35
7757,Kavish Jain,59,Finance,155871.54
7758,Akanksha Paraswar,38,Sales,144676.94
7759,Rohit Sharma,40,Support,88456.26
7760,Amit Kamble,35,Engineering,38795.72
7761,Tara Kamble,44,Support,69825.01
7762,Vaidehi Paraswar,45,Marketing,130543.07
7763,Vaidehi Paraswar,19,Finance,90958.66
7764,Kavish Raina,42,Marketing,118019.42
7765,Kavish Khatri,52,Marketing,84102.85
7766,Vaidehi Paraswar,44,Finance,42027.76
7767,Rina Raina,24,Finance,137835.45
7768,Agnijeet Paraswar,30,HR,130858.83
7769,Rohit Paraswar,29,Marketing,177146.03
7770,Kavish Jain,61,Marketing,160716.62
7771,Kavish Khatri,64,Engineering,76318.76
7772,Tara Kamble,61,Marketing,171236.12
7773,Sanjay Desai,48,HR,43611.47
7774,Vaidehi Patel,64,HR,119103.6
7775,Kavish Khatri,31,Engineering,141357.84
7776,Rohit Khatri,49,Marketing,28175.06
7777,Kavish Jain,47,Support,165419.76
7778,Vaidehi Patel,55,HR,39816.03
7779,Amit Jain,50,Sales,126375.72
7780,Sanjay Kamble,59,Engineering,129643.97
7781,Akanksha Paraswar,58,Support,92698.88
7782,Vaidehi Sharma,21,Engineering,176274.27
7783,Kavish Jain,32,Support,133075.9
7784,Vaidehi Jain,63,Finance,64240.48
7785,Amit Patel,58,Finance,169898.07
7786,Amit Paraswar,18,Marketing,89059.45
7787,Rina Paraswar,46,Sales,25358.39
7788,Amit Patel,33,Support,47687.17
7789,Rohit Patel,48,HR,45870.77
7790,Tara Khatri,50,Finance,42849.7
7791,Akanksha Patel,18,Sales,81822.83
7792,Kavish Jain,30,Support,70299.21
7793,Amit Sharma,29,HR,39919.65
7794,Kriti Desai,36,Marketing,74176.23
7795,Sanjay Khatri,58,Support,149591.34
7796,Kavish Raina,23,HR,35537.58
7797,Kavish Paraswar,34,Support,137572.15
7798,Vaidehi Sharma,40,Marketing,169506.72
7799,Rohit Desai,42,Engineering,183402.11
7800,Kavish Jain,60,Engineering,56788.67
7801,Rina Sharma,22,Sales,69397.4
7802,Akanksha Sharma,28,Marketing,55286.98
7803,Sanjay Jain,27,HR,53585.22
7804,Kavish Jain,43,HR,33030.99
7805,Kriti Sharma,34,Engineering,195165.2
7806,Rohit Paraswar,18,Engineering,87588.73
7807,Rohit Kamble,41,HR,118074.16
7808,Tara Patel,36,Finance,99444.03
7809,Sanjay Khatri,61,Sales,36048.9
7810,Sanjay Paraswar,36,Finance,55165.14
7811,Rina Khatri,38,Sales,77668.98
7812,Vaidehi Desai,45,Marketing,94974.65
7813,Kriti Paraswar,32,HR,105305.66
7814,Tara Desai,51,Finance,143605.49
7815,Rohit Khatri,65,Engineering,168203.11
7816,Kavish Patel,18,Sales,175581.78
7817,Sanjay Kamble,21,Finance,179006.92
7818,Akanksha Sharma,49,Support,159340.53
7819,Kavish Sharma,63,Sales,83512.0
7820,Tara Desai,49,Engineering,43937.97
7821,Agnijeet Desai,42,Support,186842.51
7822,Tara Jain,21,Support,88599.22
7823,Kriti Paraswar,27,Finance,149645.62
7824,Rohit Sharma,62,HR,175596.14
7825,Rina Patel,19,Finance,72579.61
7826,Kavish Patel,28,Engineering,29181.12
7827,Kriti Jain,31,Marketing,57385.61
7828,Sanjay Khatri,45,Support,121622.04
7829,Kavish Jain,39,Finance,78218.37
7830,Kriti Raina,53,HR,60646.95
7831,Vaidehi Desai,51,Finance,145316.17
7832,Tara Patel,35,Engineering,182541.68
7833,Vaidehi Patel,26,Engineering,146211.61
7834,Agnijeet Paraswar,30,Support,46261.1
7835,Rohit Khatri,34,Finance,130162.8
7836,Sanjay Paraswar,61,Sales,62064.8
7837,Akanksha Raina,49,Support,136332.42
7838,Rina Paraswar,49,Support,191074.2
7839,Rohit Paraswar,47,Finance,107629.9
7840,Amit Kamble,28,Engineering,21169.93
7841,Agnijeet Raina,61,Finance,151336.34
7842,Rohit Paraswar,24,Engineering,134912.45
7843,Rohit Jain,24,Support,175876.16
7844,Vaidehi Khatri,54,HR,50250.16
7845,Sanjay Khatri,41,Sales,61394.75
7846,Akanksha Kamble,23,Sales,194867.7
7847,Tara Raina,36,Finance,104953.98
7848,Rina Kamble,31,Support,183221.99
7849,Tara Paraswar,44,Marketing,65669.41
7850,Sanjay Desai,59,Support,196957.11
7851,Sanjay Paraswar,31,Engineering,71355.48
7852,Tara Kamble,49,HR,76183.65
7853,Rohit Jain,34,HR,48258.84
7854,Amit Patel,25,Marketing,52749.41
7855,Amit Khatri,29,Marketing,191899.47
7856,Amit Patel,49,Engineering,69687.07
7857,Kavish Paraswar,28,Marketing,199494.85
7858,Rohit Paraswar,47,HR,46947.96
7859,Kavish Khatri,58,Finance,104364.66
7860,Amit Jain,41,Support,138465.55
7861,Agnijeet Raina,20,Sales,50511.39
7862,Vaidehi Paraswar,19,Engineering,58384.74
7863,Agnijeet Raina,57,HR,123874.12
7864,Rina Khatri,59,Marketing,199823.63
7865,Vaidehi Jain,63,Marketing,109781.32
7866,Rohit Raina,45,Marketing,163439.69
7867,Kavish Kamble,60,Marketing,22255.88
7868,Sanjay Sharma,41,Support,190116.41
7869,Sanjay Jain,40,Marketing,145264.38
7870,Kriti Desai,26,Finance,181092.57
7871,Agnijeet Sharma,31,Finance,49755.18
7872,Rohit Jain,51,Finance,138131.95
7873,Amit Paraswar,57,Sales,166976.04
7874,Vaidehi Patel,47,Engineering,193239.25
7875,Agnijeet Sharma,47,Sales,68954.13
7876,Rohit Patel,30,Support,31433.53
7877,Sanjay Kamble,40,Finance,198109.8
7878,Rina Sharma,58,Sales,163290.6
7879,Rohit Desai,28,HR,34239.37
7880,Tara Khatri,32,Sales,139622.96
7881,Amit Jain,31,HR,110599.17
7882,Kavish Patel,30,Finance,113479.18
7883,Kriti Patel,47,Sales,102539.59
7884,Rina Khatri,27,Finance,191307.79
7885,Vaidehi Sharma,60,Support,143823.47
7886,Akanksha Paraswar,35,Engineering,38338.85
7887,Sanjay Desai,35,Marketing,38153.34
7888,Amit Desai,57,Finance,30168.69
7889,Tara Raina,28,HR,71103.2
7890,Sanjay Raina,64,Marketing,132072.35
7891,Vaidehi Raina,37,HR,112831.61
7892,Kriti Kamble,58,Support,163417.57
7893,Rina Raina,54,Sales,44808.55
7894,Kriti Sharma,47,Marketing,72824.8
7895,Vaidehi Kamble,18,Engineering,139069.43
7896,Vaidehi Kamble,19,Sales,128852.01
7897,Akanksha Raina,33,Engineering,53169.53
7898,Kriti Jain,22,Engineering,40268.24
7899,Tara Jain,40,HR,105714.93
7900,Agnijeet Kamble,36,Finance,41117.7
7901,Rohit Paraswar,63,Finance,84242.48
7902,Rina Kamble,25,Support,43852.0
7903,Agnijeet Patel,52,HR,128882.49
7904,Vaidehi Raina,63,Finance,165864.25
7905,Rohit Jain,53,Finance,108348.18
7906,Akanksha Sharma,58,Finance,75138.71
7907,Rina Sharma,41,Finance,108899.86
7908,Akanksha Desai,36,Finance,138420.14
7909,Vaidehi Khatri,25,HR,38786.28
7910,Akanksha Desai,26,Support,72822.0
7911,Agnijeet Raina,49,Engineering,26421.96
7912,Kriti Kamble,44,Finance,146745.07
7913,Akanksha Jain,31,Sales,153399.78
7914,Tara Sharma,60,Marketing,110967.63
7915,Amit Raina,56,Sales,103620.29
7916,Tara Sharma,43,HR,153062.91
7917,Amit Sharma,59,Support,174121.53
7918,Kavish Sharma,65,HR,161233.17
7919,Amit Paraswar,59,Engineering,115425.2
7920,Agnijeet Patel,65,Sales,177709.92
7921,Kavish Jain,28,Sales,141880.46
7922,Vaidehi Desai,60,Engineering,60193.9
7923,Kriti Jain,49,Sales,148170.35
7924,Sanjay Kamble,51,Engineering,49360.56
7925,Sanjay Kamble,44,Sales,31870.48
7926,Agnijeet Kamble,26,Sales,132509.38
7927,Kavish Desai,36,Sales,116718.24
7928,Kriti Patel,36,Finance,183525.92
7929,Kavish Desai,57,Support,174927.13
7930,Agnijeet Khatri,37,Sales,197928.28
7931,Agnijeet Jain,38,Support,78746.85
7932,Akanksha Sharma,28,Finance,168863.9
7933,Rina Khatri,46,HR,128016.05
7934,Agnijeet Sharma,47,HR,25660.39
7935,Sanjay Kamble,25,Finance,65471.44
7936,Tara Khatri,58,Support,188941.7
7937,Tara Patel,19,Marketing,39569.49
7938,Kriti Khatri,42,Sales,109767.21
7939,Kavish Khatri,19,Finance,155773.6
7940,Rina Desai,61,Finance,31653.99
7941,Kriti Paraswar,34,Marketing,186313.72
7942,Rohit Raina,24,Support,123473.97
7943,Kavish Patel,60,Engineering,20001.16
7944,Akanksha Jain,59,Finance,131843.8
7945,Tara Paraswar,49,Finance,189015.7
7946,Kriti Sharma,55,Engineering,123688.02
7947,Rina Patel,58,HR,85607.79
7948,Vaidehi Sharma,44,HR,96454.51
7949,Sanjay Khatri,46,Marketing,44816.99
7950,Tara Paraswar,48,HR,90931.73
7951,Rohit Kamble,47,Sales,80257.99
7952,Amit Raina,58,Sales,91727.14
7953,Kriti Sharma,56,HR,20108.96
7954,Agnijeet Sharma,20,HR,74553.87
7955,Tara Raina,51,Engineering,64227.86
7956,Rina Patel,32,Sales,48605.08
7957,Agnijeet Patel,62,Marketing,82691.77
7958,Sanjay Patel,63,Support,51210.8
7959,Agnijeet Raina,51,Finance,161228.01
7960,Rohit Jain,30,HR,126605.52
7961,Agnijeet Patel,26,Finance,68309.14
7962,Agnijeet Khatri,45,HR,165448.34
7963,Tara Kamble,55,Sales,198094.96
7964,Tara Raina,43,Marketing,133586.85
7965,Agnijeet Jain,62,HR,151513.03
7966,Agnijeet Kamble,59,HR,74438.81
7967,Kriti Paraswar,21,Sales,69687.47
7968,Kavish Kamble,43,Engineering,194315.88
7969,Rina Kamble,60,Marketing,158488.13
7970,Agnijeet Sharma,58,Finance,24370.75
7971,Rohit Jain,42,Sales,169420.39
7972,Tara Raina,43,Engineering,47963.78
7973,Tara Raina,48,Support,77478.53
7974,Sanjay Khatri,64,Marketing,167697.93
7975,Kavish Kamble,57,Finance,43661.31
7976,Vaidehi Jain,64,Sales,185169.4
7977,Kavish Kamble,40,Engineering,110957.59
7978,Kriti Khatri,48,Marketing,118758.34
7979,Sanjay Kamble,29,Marketing,134044.21
7980,Sanjay Sharma,65,HR,193554.63
7981,Kriti Patel,62,HR,179546.27
7982,Agnijeet Paraswar,23,HR,48401.84
7983,Sanjay Desai,21,Marketing,84468.25
7984,Sanjay Patel,45,Marketing,166170.06
7985,Agnijeet Sharma,24,Support,47870.3
7986,Amit Raina,54,Engineering,54785.93
7987,Kavish Paraswar,34,Marketing,63633.27
7988,Rohit Sharma,21,HR,190860.88
7989,Akanksha Jain,26,HR,156514.76
7990,Amit Sharma,47,Sales,165351.7
7991,Agnijeet Kamble,50,Finance,87899.95
7992,Rohit Desai,64,Support,152589.09
7993,Rina Patel,27,HR,184309.85
7994,Vaidehi Raina,32,HR,21399.25
7995,Rina Sharma,19,Marketing,81279.78
7996,Rohit Kamble,57,Finance,143815.74
7997,Tara Kamble,27,Sales,114178.68
7998,Akanksha Jain,56,Marketing,66683.9
7999,Kriti Khatri,38,Marketing,73007.47
8000,Vaidehi Sharma,42,Finance,198507.17
8001,Kavish Desai,30,Marketing,125409.89
8002,Rohit Patel,30,Marketing,90405.66
8003,Vaidehi Jain,42,Support,108960.2
8004,Vaidehi Kamble,29,Support,92634.32
8005,Tara Kamble,29,Engineering,121722.61
8006,Kriti Raina,18,HR,162765.52
8007,Vaidehi Sharma,51,Sales,144292.52
8008,Akanksha Kamble,28,Support,45814.88
8009,Tara Jain,59,Marketing,34258.16
8010,Kavish Paraswar,43,Sales,161260.22
8011,Tara Kamble,47,HR,135762.36
8012,Amit Patel,51,HR,149547.04
8013,Rina Khatri,65,Marketing,25744.31
8014,Kriti Sharma,53,HR,168538.8
8015,Tara Kamble,50,Sales,95704.47
8016,Vaidehi Desai,47,Sales,188450.23
8017,Tara Patel,31,HR,54293.69
8018,Rina Desai,43,HR,89154.47
8019,Kriti Khatri,59,HR,179062.42
8020,Kriti Desai,42,HR,50059.36
8021,Kriti Paraswar,27,Finance,83929.3
8022,Agnijeet Raina,65,HR,186567.64
8023,Kavish Desai,55,Sales,183671.24
8024,Akanksha Khatri,27,Finance,153506.61
8025,Akanksha Khatri,39,Finance,181248.19
8026,Rina Jain,39,Engineering,28163.59
8027,Akanksha Desai,19,Finance,121321.65
8028,Sanjay Kamble,50,Sales,68349.91
8029,Rina Paraswar,63,HR,149109.94
8030,Sanjay Raina,30,Sales,134582.07
8031,Amit Raina,43,Support,154160.12
8032,Akanksha Raina,40,HR,140170.56
8033,Kriti Patel,48,HR,179363.29
8034,Kavish Jain,18,HR,165341.77
8035,Amit Jain,61,Support,36791.12
8036,Tara Patel,61,Sales,74168.49
8037,Rina Jain,58,Sales,174182.01
8038,Agnijeet Paraswar,59,Marketing,61695.84
8039,Amit Kamble,20,Marketing,176436.92
8040,Kavish Paraswar,23,HR,188913.43
8041,Rohit Sharma,23,Marketing,62260.29
8042,Kavish Kamble,24,Finance,65184.78
8043,Agnijeet Kamble,49,Engineering,57511.82
8044,Tara Raina,40,HR,103009.18
8045,Tara Paraswar,48,Engineering,124847.95
8046,Agnijeet Kamble,32,Sales,120561.04
8047,Amit Paraswar,45,Engineering,32054.72
8048,Tara Khatri,49,Support,123513.1
8049,Rina Raina,45,Marketing,89885.28
8050,Rina Kamble,44,Engineering,103988.73
8051,Kriti Sharma,40,Support,176682.14
8052,Akanksha Raina,41,Support,84959.79
8053,Kriti Sharma,31,Support,26601.51
8054,Rina Jain,51,Support,152082.19
8055,Amit Raina,20,Engineering,41035.71
8056,Sanjay Khatri,55,HR,146144.01
8057,Kavish Paraswar,46,Finance,105029.6
8058,Kriti Paraswar,18,Sales,143662.04
8059,Kavish Sharma,64,Marketing,188809.26
8060,Rina Raina,39,Sales,53628.59
8061,Kriti Paraswar,53,Finance,68365.15
8062,Agnijeet Khatri,18,Support,184306.84
8063,Agnijeet Kamble,25,Finance,145522.22
8064,Amit Paraswar,21,Marketing,45863.86
8065,Tara Patel,65,Support,158254.71
8066,Tara Patel,63,HR,75124.66
8067,Amit Patel,65,Sales,141002.43
8068,Kavish Kamble,57,Support,119232.36
8069,Tara Jain,42,Finance,181900.61
8070,Tara Desai,33,Finance,102695.66
8071,Rina Sharma,55,Finance,28845.58
8072,Sanjay Raina,21,Support,126506.83
8073,Kriti Patel,48,Finance,61909.05
8074,Agnijeet Patel,53,HR,90674.18
8075,Rina Khatri,48,Marketing,30779.94
8076,Kavish Paraswar,57,Support,138212.27
8077,Amit Raina,28,Sales,61817.54
8078,Akanksha Patel,50,Engineering,80249.27
8079,Sanjay Desai,26,Engineering,158118.74
8080,Kavish Khatri,36,Support,146793.94
8081,Kavish Sharma,61,Engineering,107521.09
8082,Rohit Patel,45,Sales,77012.54
8083,Rina Patel,18,HR,24061.72
8084,Agnijeet Sharma,57,Sales,199824.17
8085,Kriti Khatri,26,Sales,133759.05
8086,Kriti Kamble,27,HR,162949.74
8087,Kavish Khatri,63,HR,141160.25
8088,Sanjay Patel,31,Marketing,124515.13
8089,Akanksha Sharma,56,HR,181974.26
8090,Sanjay Khatri,39,Finance,161371.07
8091,Kriti Sharma,48,HR,184539.76
8092,Rina Patel,30,HR,156991.56
8093,Kavish Sharma,28,HR,135240.82
8094,Kriti Khatri,31,Support,37628.66
8095,Rina Paraswar,37,Marketing,86856.25
8096,Kavish Kamble,23,Engineering,62519.12
8097,Amit Sharma,30,HR,106038.11
8098,Agnijeet Sharma,64,HR,191131.36
8099,Kavish Raina,47,Finance,52259.49
8100,Vaidehi Jain,31,Finance,35701.54
8101,Vaidehi Sharma,58,Sales,23338.53
8102,Vaidehi Jain,55,Engineering,82536.4
8103,Amit Jain,31,Finance,53434.2
8104,Kavish Kamble,52,HR,135138.5
8105,Rina Sharma,38,Support,54854.7
8106,Kavish Raina,54,Support,179485.6
8107,Vaidehi Paraswar,50,Marketing,152029.0
8108,Vaidehi Patel,61,Marketing,121046.4
8109,Amit Khatri,29,Engineering,130320.81
8110,Amit Patel,32,HR,39330.44
8111,Vaidehi Khatri,33,Support,144566.87
8112,Akanksha Sharma,32,Marketing,171944.84
8113,Amit Desai,37,Support,108858.53
8114,Kavish Desai,19,Sales,151951.87
8115,Akanksha Jain,30,Marketing,177244.14
8116,Tara Raina,32,Sales,73902.23
8117,Kriti Desai,29,Sales,53477.64
8118,Amit Patel,44,HR,92850.02
8119,Rina Jain,20,Marketing,119896.15
8120,Akanksha Khatri,46,Support,138760.87
8121,Rohit Patel,36,Support,62222.89
8122,Agnijeet Sharma,44,HR,25266.43
8123,Tara Sharma,54,Finance,174672.55
8124,Sanjay Raina,60,Sales,151356.75
8125,Akanksha Kamble,22,Sales,47459.04
8126,Kriti Paraswar,44,Finance,61547.71
8127,Agnijeet Khatri,56,HR,125051.6
8128,Sanjay Kamble,44,HR,75040.22
8129,Akanksha Paraswar,37,Finance,119720.64
8130,Akanksha Sharma,58,Support,25142.18
8131,Kriti Desai,32,Engineering,23396.65
8132,Tara Kamble,27,Marketing,35987.68
8133,Tara Raina,28,Sales,41768.77
8134,Tara Patel,57,Engineering,146621.08
8135,Vaidehi Sharma,63,Support,193393.74
8136,Kavish Khatri,41,Finance,38512.64
8137,Amit Desai,23,Sales,27465.23
8138,Agnijeet Patel,35,Engineering,50576.9
8139,Kriti Desai,56,Finance,103873.56
8140,Kriti Paraswar,18,Finance,48059.08
8141,Agnijeet Khatri,57,Sales,89587.02
8142,Akanksha Jain,43,HR,134244.22
8143,Rina Jain,32,Finance,159753.63
8144,Agnijeet Patel,55,Sales,62772.13
8145,Kavish Patel,49,Engineering,167003.57
8146,Kavish Jain,51,Support,39047.98
8147,Rohit Jain,31,Sales,125869.81
8148,Akanksha Kamble,63,HR,187042.0
8149,Akanksha Khatri,34,Support,73848.73
8150,Kavish Patel,25,Marketing,104644.52
8151,Tara Khatri,64,Sales,111608.95
8152,Kavish Sharma,62,Engineering,170660.63
8153,Vaidehi Desai,48,Sales,173840.7
8154,Amit Sharma,60,HR,143165.26
8155,Kriti Sharma,54,Finance,29605.37
8156,Kavish Desai,50,Marketing,140193.31
8157,Sanjay Patel,39,Finance,141107.48
8158,Kriti Paraswar,57,Finance,98723.63
8159,Agnijeet Desai,58,HR,137855.05
8160,Agnijeet Jain,60,Marketing,73266.09
8161,Tara Sharma,23,Sales,183942.95
8162,Amit Raina,18,Support,34395.93
8163,Vaidehi Sharma,25,Finance,91265.21
8164,Sanjay Raina,33,Engineering,55740.47
8165,Tara Raina,64,Engineering,95062.6
8166,Sanjay Khatri,52,Engineering,157978.58
8167,Kavish Kamble,61,Sales,149104.64
8168,Vaidehi Jain,56,Engineering,109212.43
8169,Sanjay Sharma,60,Engineering,83254.54
8170,Rina Jain,37,Sales,53543.16
8171,Rohit Kamble,23,Marketing,148965.72
8172,Sanjay Patel,62,Finance,153644.51
8173,Agnijeet Sharma,45,Finance,156997.46
8174,Agnijeet Kamble,53,Marketing,162477.51
8175,Akanksha Kamble,51,HR,141705.93
8176,Vaidehi Desai,23,Marketing,199773.98
8177,Tara Desai,40,Support,189128.7
8178,Agnijeet Khatri,55,Finance,137618.59
8179,Rohit Sharma,20,HR,130738.89
8180,Agnijeet Patel,47,HR,165900.27
8181,Agnijeet Paraswar,24,Sales,74563.34
8182,Vaidehi Kamble,54,Marketing,164976.91
8183,Akanksha Patel,54,Finance,148484.63
8184,Kavish Patel,32,Marketing,97939.14
8185,Kavish Raina,46,Finance,145434.01
8186,Rina Patel,57,Marketing,60236.86
8187,Amit Raina,39,Engineering,80584.93
8188,Kriti Desai,38,Marketing,126826.27
8189,Akanksha Desai,29,Marketing,104874.2
8190,Kavish Khatri,57,Finance,89182.11
8191,Amit Jain,30,Marketing,165142.43
8192,Kavish Paraswar,33,HR,49894.39
8193,Rina Raina,46,Finance,162305.15
8194,Kavish Khatri,32,HR,39145.51
8195,Sanjay Paraswar,23,Support,55447.13
8196,Vaidehi Raina,43,Finance,59479.78
8197,Amit Paraswar,47,HR,60344.24
8198,Amit Raina,28,Support,39784.56
8199,Rohit Kamble,58,Support,78753.89
8200,Amit Patel,23,HR,108955.52
8201,Rina Kamble,37,Finance,40856.63
8202,Rina Patel,22,Finance,74200.29
8203,Vaidehi Raina,20,Sales,178602.78
8204,Rohit Kamble,51,Marketing,150870.62
8205,Sanjay Jain,54,Sales,107270.74
8206,Agnijeet Kamble,39,Marketing,36295.53
8207,Kavish Sharma,36,Support,172138.5
8208,Sanjay Desai,62,Sales,129134.48
8209,Akanksha Desai,43,Sales,99403.93
8210,Tara Raina,41,HR,97375.17
8211,Rina Sharma,64,Finance,77596.0
8212,Kriti Jain,53,Engineering,145507.18
8213,Tara Desai,55,Finance,121471.07
8214,Amit Khatri,25,Sales,97115.78
8215,Vaidehi Desai,55,Sales,162630.86
8216,Tara Paraswar,47,Sales,129891.59
8217,Tara Kamble,48,Marketing,114883.23
8218,Rohit Paraswar,28,Engineering,86211.27
8219,Akanksha Kamble,58,Sales,144501.01
8220,Vaidehi Raina,26,HR,112242.76
8221,Rina Desai,29,Finance,113413.81
8222,Rohit Desai,34,Sales,40418.8
8223,Tara Paraswar,43,Support,173665.8
8224,Rohit Patel,34,Sales,118714.65
8225,Vaidehi Khatri,44,Marketing,144740.57
8226,Rohit Raina,59,Marketing,116894.0
8227,Agnijeet Raina,23,Engineering,67861.54
8228,Akanksha Paraswar,36,HR,157409.6
8229,Akanksha Desai,22,Finance,77095.06
8230,Tara Sharma,58,Marketing,70879.94
8231,Amit Khatri,29,Finance,48996.74
8232,Amit Khatri,48,Support,73389.7
8233,Kriti Desai,19,Finance,152893.15
8234,Agnijeet Kamble,60,HR,148929.4
8235,Sanjay Desai,30,HR,36338.24
8236,Sanjay Kamble,26,Finance,71227.8
8237,Rina Sharma,56,Finance,77412.13
8238,Agnijeet Khatri,58,Engineering,153893.75
8239,Vaidehi Paraswar,48,HR,111974.37
8240,Vaidehi Sharma,37,Engineering,182305.27
8241,Amit Patel,28,Marketing,26827.33
8242,Sanjay Khatri,49,Sales,68211.85
8243,Tara Jain,41,Finance,135030.91
8244,Kriti Raina,35,Sales,122377.73
8245,Tara Paraswar,22,Marketing,195726.5
8246,Rohit Paraswar,24,Sales,135272.12
8247,Sanjay Paraswar,20,Sales,83926.38
8248,Rohit Jain,38,Finance,95498.0
8249,Kavish Sharma,39,Support,127294.98
8250,Agnijeet Sharma,27,Finance,27264.74
8251,Amit Kamble,30,HR,160381.96
8252,Akanksha Paraswar,27,Sales,77861.71
8253,Rohit Desai,32,Finance,72659.01
8254,Tara Khatri,24,Sales,138917.8
8255,Vaidehi Desai,44,HR,182536.98
8256,Vaidehi Sharma,52,Sales,94101.58
8257,Sanjay Desai,41,Support,117846.18
8258,Sanjay Khatri,52,Marketing,71837.74
8259,Vaidehi Patel,61,HR,53918.75
8260,Tara Raina,24,Finance,93359.15
8261,Rohit Desai,42,Sales,191088.36
8262,Vaidehi Paraswar,46,Engineering,93380.94
8263,Kriti Raina,27,HR,35203.78
8264,Rina Jain,43,HR,157228.12
8265,Vaidehi Patel,50,Marketing,82273.65
8266,Amit Khatri,37,HR,74121.13
8267,Rohit Patel,36,Engineering,85210.91
8268,Akanksha Khatri,56,Marketing,36443.87
8269,Rina Patel,49,Support,72464.32
8270,Tara Sharma,25,Sales,104981.05
8271,Kriti Desai,47,Engineering,199008.87
8272,Amit Paraswar,38,HR,164268.59
8273,Amit Kamble,61,HR,191968.0
8274,Kavish Paraswar,34,HR,162795.99
8275,Rohit Jain,64,Support,188816.0
8276,Vaidehi Sharma,34,Engineering,137376.23
8277,Rohit Jain,38,Finance,160108.56
8278,Sanjay Patel,36,Engineering,33634.13
8279,Agnijeet Desai,51,Support,180282.99
8280,Sanjay Paraswar,62,Support,58679.12
8281,Akanksha Raina,33,Sales,91368.58
8282,Rohit Khatri,64,Support,130157.27
8283,Vaidehi Patel,51,Support,190841.05
8284,Rina Desai,26,Engineering,106786.09
8285,Kriti Khatri,54,HR,53646.65
8286,Kavish Khatri,28,Sales,30374.73
8287,Agnijeet Jain,21,Engineering,38854.15
8288,Rohit Paraswar,23,HR,174229.3
8289,Amit Kamble,29,Sales,110920.28
8290,Akanksha Sharma,24,Support,163528.96
8291,Kavish Raina,27,Sales,73414.67
8292,Agnijeet Sharma,21,Support,86543.18
8293,Sanjay Khatri,64,Finance,43266.68
8294,Akanksha Raina,37,Engineering,90988.07
8295,Akanksha Raina,35,Engineering,176943.73
8296,Vaidehi Khatri,42,HR,145210.94
8297,Akanksha Jain,58,Finance,198074.83
8298,Kriti Desai,61,Sales,190481.27
8299,Kavish Patel,58,HR,168782.89
8300,Kriti Jain,31,Sales,115318.6
8301,Rohit Desai,31,Support,67494.91
8302,Kriti Khatri,31,Finance,110462.35
8303,Amit Raina,49,HR,47690.1
8304,Akanksha Raina,20,Support,49491.25
8305,Kavish Jain,35,Marketing,196239.04
8306,Tara Sharma,18,Sales,158117.02
8307,Rina Patel,23,HR,172315.82
8308,Sanjay Khatri,26,HR,78169.84
8309,Sanjay Desai,65,HR,98723.99
8310,Kavish Jain,44,Engineering,139422.84
8311,Amit Desai,34,Engineering,197486.72
8312,Kriti Desai,63,Finance,186488.71
8313,Tara Khatri,41,Sales,163525.39
8314,Amit Kamble,63,HR,83004.85
8315,Vaidehi Raina,23,Engineering,140810.75
8316,Vaidehi Paraswar,51,Finance,174147.39
8317,Rina Khatri,27,Marketing,94329.0
8318,Akanksha Raina,51,HR,178633.47
8319,Tara Desai,28,Engineering,134896.92
8320,Agnijeet Raina,18,Finance,81876.89
8321,Amit Jain,30,HR,27482.74
8322,Kriti Desai,49,Support,51978.07
8323,Kavish Jain,18,Engineering,32692.85
8324,Sanjay Jain,63,Support,197783.29
8325,Kriti Kamble,22,Finance,72998.88
8326,Akanksha Desai,39,Marketing,95411.87
8327,Vaidehi Khatri,34,HR,196571.12
8328,Tara Jain,63,Marketing,110951.35
8329,Kavish Sharma,49,Engineering,166354.76
8330,Kriti Sharma,24,HR,193915.57
8331,Akanksha Patel,20,Marketing,180336.93
8332,Rohit Kamble,32,Marketing,194867.2
8333,Sanjay Paraswar,18,Support,25975.21
8334,Agnijeet Jain,33,Sales,39547.87
8335,Agnijeet Raina,34,Support,156668.52
8336,Sanjay Desai,33,Marketing,117887.42
8337,Sanjay Jain,32,Marketing,22769.07
8338,Rohit Kamble,18,Finance,120549.6
8339,Akanksha Raina,58,Support,108882.55
8340,Amit Paraswar,59,Finance,24748.74
8341,Kriti Kamble,29,Marketing,166045.49
8342,Agnijeet Jain,39,Support,38611.14
8343,Rina Sharma,33,Engineering,157571.29
8344,Agnijeet Paraswar,28,Sales,178504.68
8345,Rina Desai,57,Marketing,52690.63
8346,Amit Sharma,29,Sales,166169.13
8347,Tara Khatri,50,Finance,198408.56
8348,Kavish Khatri,20,Finance,75004.92
8349,Kriti Khatri,25,Support,190285.21
8350,Agnijeet Paraswar,26,HR,125545.43
8351,Kriti Sharma,37,Engineering,86086.56
8352,Rohit Sharma,18,Marketing,20739.83
8353,Kavish Paraswar,58,Support,73217.38
8354,Tara Raina,55,Support,104378.3
8355,Tara Jain,25,Finance,48853.0
8356,Agnijeet Paraswar,56,Engineering,184111.3
8357,Amit Jain,62,Engineering,20248.28
8358,Rohit Kamble,35,HR,91211.01
8359,Vaidehi Jain,41,Finance,33869.83
8360,Kriti Jain,24,Marketing,146337.07
8361,Sanjay Jain,54,Support,84668.91
8362,Rina Paraswar,63,HR,134130.25
8363,Amit Jain,36,Marketing,146633.92
8364,Kavish Raina,60,Sales,79353.51
8365,Akanksha Patel,56,HR,116319.01
8366,Rohit Sharma,57,Sales,134709.03
8367,Kavish Kamble,50,HR,43180.7
8368,Vaidehi Patel,36,Support,72452.92
8369,Kriti Patel,51,Support,113514.32
8370,Agnijeet Khatri,21,Finance,21247.04
8371,Kavish Patel,26,Marketing,133255.55
8372,Rina Jain,19,Engineering,54069.93
8373,Agnijeet Khatri,40,HR,63600.68
8374,Amit Sharma,51,Sales,51307.46
8375,Sanjay Raina,40,Marketing,81695.56
8376,Akanksha Jain,24,Support,76096.41
8377,Rina Kamble,28,Engineering,160809.69
8378,Kriti Patel,42,Finance,73688.02
8379,Tara Raina,45,Support,177333.3
8380,Kavish Raina,21,Sales,106612.9
8381,Rina Jain,50,Support,129916.94
8382,Akanksha Desai,58,Marketing,25936.46
8383,Agnijeet Desai,25,Finance,38226.92
8384,Amit Khatri,56,Support,40496.81
8385,Kavish Desai,60,Engineering,47680.83
8386,Agnijeet Khatri,26,Marketing,37489.42
8387,Kriti Kamble,59,Marketing,187674.67
8388,Akanksha Desai,57,Engineering,150497.67
8389,Tara Paraswar,54,Finance,29054.17
8390,Agnijeet Sharma,55,Sales,196185.11
8391,Kriti Jain,28,HR,167920.16
8392,Kriti Sharma,28,HR,77096.43
8393,Agnijeet Jain,60,Support,182075.87
8394,Tara Desai,43,Marketing,46526.82
8395,Agnijeet Sharma,48,Support,95700.9
8396,Agnijeet Kamble,22,Engineering,85344.1
8397,Kavish Khatri,53,Support,23097.27
8398,Akanksha Raina,65,Support,99423.25
8399,Akanksha Jain,25,Finance,158045.54
8400,Agnijeet Sharma,25,HR,95593.58
8401,Kriti Jain,49,Support,50376.12
8402,Agnijeet Sharma,22,Sales,72115.88
8403,Amit Raina,18,Finance,61725.9
8404,Tara Kamble,20,Engineering,112215.29
8405,Vaidehi Raina,26,Support,119306.42
8406,Amit Khatri,42,Finance,57907.12
8407,Vaidehi Desai,59,Finance,142038.75
8408,Rina Desai,31,Engineering,49027.58
8409,Vaidehi Jain,49,Support,142873.01
8410,Kriti Sharma,64,HR,35044.76
8411,Vaidehi Sharma,24,Finance,111888.73
8412,Kriti Raina,33,HR,49969.54
8413,Tara Kamble,22,Support,23852.29
8414,Kavish Sharma,30,Sales,113244.45
8415,Amit Patel,21,HR,107170.13
8416,Kavish Paraswar,54,Engineering,108522.87
8417,Kriti Sharma,59,Sales,194617.08
8418,Amit Raina,43,HR,132357.15
8419,Agnijeet Kamble,48,Marketing,156102.86
8420,Vaidehi Raina,37,Support,154800.75
8421,Vaidehi Paraswar,39,Finance,83854.07
8422,Akanksha Paraswar,38,Marketing,185663.28
8423,Akanksha Desai,44,Finance,107381.33
8424,Rina Jain,32,Support,152160.91
8425,Tara Paraswar,52,Sales,71255.33
8426,Amit Kamble,58,Engineering,184567.34
8427,Vaidehi Patel,50,Finance,52699.9
8428,Kriti Jain,64,Engineering,122326.43
8429,Amit Kamble,22,Support,129980.06
8430,Vaidehi Kamble,46,HR,123207.29
8431,Rina Raina,27,Sales,101234.45
8432,Kriti Desai,43,Support,186474.9
8433,Rina Raina,27,Finance,35641.6
8434,Rina Desai,33,Finance,173642.9
8435,Vaidehi Jain,49,Engineering,41116.05
8436,Kriti Khatri,40,Engineering,185736.72
8437,Rina Paraswar,56,Finance,191658.04
8438,Amit Jain,38,HR,134083.61
8439,Amit Desai,26,Finance,79197.8
8440,Vaidehi Paraswar,24,Finance,160222.28
8441,Rina Desai,52,HR,134165.36
8442,Sanjay Jain,54,HR,94296.11
8443,Rohit Desai,63,HR,111252.92
8444,Rohit Sharma,54,Marketing,21356.68
8445,Kavish Sharma,30,Support,190362.41
8446,Sanjay Patel,46,Support,56334.57
8447,Kriti Patel,47,Marketing,80795.33
8448,Kavish Kamble,46,Support,123048.07
8449,Tara Raina,54,Finance,140972.55
8450,Amit Jain,51,Finance,83118.06
8451,Tara Raina,45,Finance,74204.68
8452,Rina Desai,18,HR,131887.39
8453,Akanksha Paraswar,22,Engineering,41699.0
8454,Vaidehi Raina,50,HR,113547.16
8455,Vaidehi Sharma,44,Finance,78700.32
8456,Tara Khatri,48,Engineering,138928.25
8457,Kriti Sharma,36,HR,50235.87
8458,Sanjay Paraswar,45,Finance,103512.47
8459,Sanjay Patel,23,Engineering,197192.56
8460,Amit Raina,56,Engineering,105928.32
8461,Rina Raina,37,Sales,130525.42
8462,Kriti Patel,51,HR,123715.0
8463,Agnijeet Jain,31,HR,166132.78
8464,Sanjay Sharma,26,Finance,61781.28
8465,Vaidehi Sharma,44,Support,20399.51
8466,Agnijeet Patel,43,Marketing,109208.66
8467,Rohit Khatri,48,Finance,73797.13
8468,Rohit Jain,20,Sales,91584.16
8469,Tara Raina,27,Marketing,113347.17
8470,Rohit Khatri,61,Engineering,50848.22
8471,Kavish Kamble,48,Support,93456.37
8472,Sanjay Desai,47,Sales,115427.03
8473,Sanjay Raina,41,Sales,120846.66
8474,Rohit Raina,65,Marketing,147717.1
8475,Tara Sharma,18,Finance,20000.5
8476,Amit Paraswar,39,Support,48580.0
8477,Rohit Raina,28,Sales,194939.16
8478,Tara Desai,41,Engineering,106113.25
8479,Sanjay Patel,56,Finance,92667.25
8480,Tara Jain,26,HR,92375.91
8481,Rohit Jain,24,Sales,70275.88
8482,Amit Khatri,46,Support,85254.56
8483,Rohit Raina,39,Marketing,65675.31
8484,Kavish Patel,52,Finance,80588.47
8485,Tara Raina,34,Engineering,70792.62
8486,Kavish Paraswar,33,Sales,35477.57
8487,Rohit Kamble,61,Engineering,115674.53
8488,Amit Sharma,63,Engineering,52754.59
8489,Kriti Khatri,29,Marketing,131384.81
8490,Amit Desai,56,HR,106355.28
8491,Tara Paraswar,42,Support,171598.95
8492,Amit Sharma,35,Sales,71470.1
8493,Vaidehi Jain,25,Support,177829.29
8494,Amit Desai,36,HR,138257.69
8495,Rina Raina,41,Engineering,148409.34
8496,Amit Jain,51,Engineering,171465.88
8497,Kriti Kamble,23,Finance,34593.54
8498,Agnijeet Desai,37,Engineering,152095.55
8499,Vaidehi Patel,63,Support,159998.57
8500,Kriti Raina,35,Support,180995.11
8501,Kriti Kamble,21,Engineering,148456.39
8502,Agnijeet Sharma,24,Finance,172603.89
8503,Sanjay Desai,41,Marketing,49872.56
8504,Vaidehi Jain,26,Marketing,160598.39
8505,Vaidehi Sharma,34,Sales,117849.28
8506,Akanksha Paraswar,61,Finance,173533.5
8507,Amit Jain,46,Finance,157472.25
8508,Vaidehi Paraswar,45,Support,32404.03
8509,Kriti Sharma,25,Marketing,167233.08
8510,Rina Kamble,26,Engineering,104569.36
8511,Agnijeet Desai,61,Support,153047.25
8512,Kriti Khatri,63,HR,93978.03
8513,Kavish Sharma,28,Engineering,182481.16
8514,Kavish Raina,19,HR,91356.4
8515,Rina Jain,19,Support,180337.57
8516,Tara Jain,49,Engineering,64237.74
8517,Rina Desai,19,Sales,123732.11
8518,Vaidehi Khatri,40,Finance,118604.01
8519,Vaidehi Sharma,40,Engineering,180010.87
8520,Kavish Paraswar,45,Engineering,48280.16
8521,Kriti Khatri,41,Finance,94419.38
8522,Amit Raina,31,Support,54526.7
8523,Rina Sharma,50,Finance,58194.81
8524,Rina Desai,50,Support,199933.38
8525,Amit Paraswar,56,HR,131817.18
8526,Agnijeet Raina,18,Marketing,180865.79
8527,Kriti Jain,33,Marketing,25773.05
8528,Amit Paraswar,55,Finance,132073.7
8529,Vaidehi Khatri,59,Marketing,66490.71
8530,Kavish Raina,19,Engineering,133327.09
8531,Kriti Kamble,61,HR,122630.33
8532,Akanksha Jain,63,Marketing,58177.14
8533,Rohit Jain,52,Finance,77702.07
8534,Akanksha Raina,31,Marketing,162405.15
8535,Amit Patel,64,Engineering,114179.54
8536,Kriti Jain,62,HR,53737.33
8537,Akanksha Desai,52,Support,30450.47
8538,Akanksha Desai,63,HR,45839.72
8539,Rina Paraswar,54,Sales,25072.19
8540,Rina Kamble,37,Marketing,191223.59
8541,Tara Jain,65,Sales,167618.69
8542,Sanjay Patel,50,Support,40194.03
8543,Sanjay Patel,59,Marketing,52838.57
8544,Kriti Desai,57,Finance,124154.35
8545,Sanjay Patel,35,Support,155089.07
8546,Amit Raina,20,Support,76653.03
8547,Rina Jain,49,Finance,183868.8
8548,Rina Sharma,28,HR,20257.07
8549,Amit Patel,24,Marketing,67779.74
8550,Tara Khatri,23,Support,106709.57
8551,Amit Desai,57,HR,20648.95
8552,Rina Kamble,30,HR,190469.88
8553,Sanjay Kamble,53,Marketing,137000.19
8554,Rina Sharma,19,Sales,86474.25
8555,Vaidehi Kamble,41,HR,180799.24
8556,Vaidehi Desai,36,Finance,146002.61
8557,Sanjay Paraswar,31,Sales,148334.27
8558,Sanjay Raina,25,Finance,110020.25
8559,Vaidehi Khatri,23,Marketing,114294.47
8560,Amit Khatri,57,Marketing,60269.82
8561,Vaidehi Kamble,20,Support,33203.77
8562,Kriti Paraswar,46,Support,169437.55
8563,Agnijeet Sharma,28,HR,100833.06
8564,Sanjay Khatri,59,Support,186730.77
8565,Sanjay Paraswar,27,HR,49503.18
8566,Rohit Jain,60,Finance,92254.55
8567,Rohit Jain,33,Finance,180026.4
8568,Tara Patel,31,Support,161840.26
8569,Rohit Kamble,34,HR,189316.82
8570,Akanksha Khatri,25,Finance,80021.49
8571,Sanjay Desai,19,Support,37570.85
8572,Rina Patel,53,Finance,97698.62
8573,Tara Sharma,53,HR,164349.57
8574,Vaidehi Raina,18,Marketing,93205.68
8575,Kavish Desai,57,Sales,139552.16
8576,Rina Patel,21,Engineering,94647.79
8577,Vaidehi Desai,39,Marketing,53137.59
8578,Amit Khatri,62,Support,96172.68
8579,Akanksha Paraswar,64,HR,172786.12
8580,Agnijeet Patel,45,HR,97567.57
8581,Vaidehi Patel,19,Marketing,180614.56
8582,Akanksha Khatri,43,Finance,158966.43
8583,Rohit Khatri,57,HR,121063.32
8584,Sanjay Sharma,56,Finance,37340.6
8585,Amit Paraswar,46,Engineering,55341.28
8586,Agnijeet Kamble,47,HR,108757.53
8587,Tara Raina,33,Support,144353.5
8588,Agnijeet Raina,28,Support,81701.58
8589,Akanksha Sharma,47,Finance,39451.45
8590,Kriti Patel,53,Engineering,36831.61
8591,Tara Desai,65,Sales,64704.98
8592,Rohit Jain,23,Engineering,45219.98
8593,Tara Sharma,33,Sales,171783.96
8594,Rina Desai,39,Support,104933.97
8595,Agnijeet Kamble,27,HR,32916.55
8596,Amit Desai,58,Sales,73383.89
8597,Agnijeet Kamble,55,HR,144683.32
8598,Amit Paraswar,27,Support,88130.5
8599,Sanjay Kamble,62,Sales,125444.78
8600,Rohit Paraswar,39,Sales,91912.33
8601,Vaidehi Sharma,53,HR,120973.98
8602,Akanksha Sharma,28,HR,42036.07
8603,Rina Paraswar,21,Engineering,175048.22
8604,Rohit Raina,39,Marketing,92277.0
8605,Tara Paraswar,48,Support,187516.67
8606,Kavish Paraswar,55,Engineering,95324.24
8607,Rina Jain,58,Support,175063.47
8608,Kriti Paraswar,62,Engineering,56221.73
8609,Vaidehi Raina,30,Support,197511.55
8610,Tara Khatri,63,Engineering,173925.46
8611,Sanjay Jain,50,Engineering,30002.4
8612,Kriti Patel,21,Marketing,99688.03
8613,Amit Desai,41,HR,38014.19
8614,Tara Khatri,60,Sales,160306.94
8615,Rohit Kamble,45,Marketing,130400.47
8616,Rina Jain,48,HR,96146.74
8617,Tara Patel,28,Support,22279.52
8618,Vaidehi Jain,28,Engineering,124650.08
8619,Agnijeet Sharma,29,Finance,33725.19
8620,Tara Paraswar,40,Support,182575.51
8621,Tara Sharma,36,Engineering,34081.23
8622,Kriti Khatri,43,HR,24311.42
8623,Vaidehi Sharma,39,Finance,102110.51
8624,Akanksha Kamble,26,Sales,30247.58
8625,Rohit Jain,62,Marketing,69095.27
8626,Rohit Sharma,62,Finance,168447.45
8627,Akanksha Paraswar,19,Marketing,47992.63
8628,Kriti Desai,21,Engineering,30452.61
8629,Kavish Sharma,32,Engineering,186117.49
8630,Vaidehi Kamble,59,Sales,118240.79
8631,Rina Sharma,24,Sales,98625.82
8632,Sanjay Desai,57,Marketing,20605.87
8633,Amit Sharma,59,Finance,193216.67
8634,Kavish Paraswar,55,Marketing,42927.26
8635,Rohit Raina,35,Engineering,21003.31
8636,Rohit Sharma,28,HR,160823.88
8637,Kriti Khatri,45,Marketing,156495.68
8638,Rohit Kamble,37,Engineering,59175.0
8639,Sanjay Sharma,52,HR,121375.64
8640,Kriti Sharma,56,HR,105794.07
8641,Vaidehi Khatri,54,Marketing,178239.12
8642,Tara Paraswar,19,Finance,21612.42
8643,Sanjay Khatri,55,Engineering,186726.27
8644,Sanjay Desai,19,Marketing,91213.1
8645,Tara Paraswar,24,Sales,129602.24
8646,Kavish Paraswar,57,Finance,139670.02
8647,Rohit Khatri,47,Engineering,91639.21
8648,Rina Raina,51,Finance,35714.61
8649,Sanjay Raina,41,Sales,69409.06
8650,Kriti Patel,27,Engineering,115970.21
8651,Akanksha Patel,35,Engineering,101723.74
8652,Agnijeet Khatri,18,Support,166023.73
8653,Amit Sharma,34,HR,168468.31
8654,Agnijeet Raina,43,Engineering,188092.12
8655,Rohit Sharma,55,Sales,52089.83
8656,Kavish Raina,64,Support,106885.46
8657,Vaidehi Desai,25,Support,97048.18
8658,Rina Desai,18,Engineering,42405.86
8659,Kavish Khatri,44,Finance,26626.26
8660,Sanjay Kamble,27,Engineering,124878.37
8661,Sanjay Desai,49,Sales,120344.15
8662,Rohit Khatri,46,HR,48556.26
8663,Sanjay Sharma,30,HR,156413.11
8664,Tara Sharma,26,Engineering,46445.25
8665,Kriti Paraswar,34,Finance,127405.74
8666,Akanksha Paraswar,43,Finance,142469.66
8667,Vaidehi Desai,49,Engineering,68078.09
8668,Rina Patel,33,Finance,140166.82
8669,Amit Patel,55,Engineering,159924.49
8670,Tara Jain,46,Finance,160846.92
8671,Agnijeet Khatri,37,HR,95807.83
8672,Amit Desai,65,Sales,99824.23
8673,Rina Kamble,61,Marketing,180512.18
8674,Kavish Patel,25,Support,43981.3
8675,Rina Paraswar,24,Marketing,104415.63
8676,Kavish Jain,20,Marketing,94360.72
8677,Kavish Khatri,30,Engineering,146031.63
8678,Amit Paraswar,61,Sales,64605.13
8679,Tara Jain,24,HR,26542.77
8680,Rohit Paraswar,54,Sales,143618.28
8681,Rina Patel,43,Finance,172016.07
8682,Amit Jain,53,Marketing,114007.84
8683,Vaidehi Desai,21,Finance,76545.23
8684,Kavish Desai,61,Sales,124928.13
8685,Tara Raina,33,Engineering,77666.21
8686,Kavish Kamble,34,Support,197108.75
8687,Akanksha Desai,22,Engineering,31139.88
8688,Tara Khatri,37,Support,133598.65
8689,Tara Patel,36,Support,60614.35
8690,Rina Khatri,53,Support,168086.78
8691,Akanksha Jain,54,Support,77853.35
8692,Agnijeet Jain,29,Finance,118372.51
8693,Vaidehi Jain,58,HR,114109.34
8694,Rohit Raina,28,Engineering,63304.53
8695,Sanjay Raina,46,Finance,98736.21
8696,Akanksha Desai,25,HR,64544.83
8697,Kriti Khatri,53,HR,88746.59
8698,Vaidehi Desai,24,Finance,96630.57
8699,Akanksha Khatri,22,Marketing,81273.1
8700,Vaidehi Kamble,48,Sales,108336.56
8701,Agnijeet Jain,19,Engineering,97376.8
8702,Amit Paraswar,34,Finance,144125.34
8703,Amit Jain,41,HR,181322.8
8704,Tara Kamble,51,Finance,55704.94
8705,Vaidehi Jain,53,Engineering,26455.26
8706,Kriti Paraswar,39,Marketing,166863.41
8707,Sanjay Patel,38,Finance,103508.11
8708,Sanjay Patel,24,Marketing,99098.54
8709,Kriti Raina,43,HR,76651.42
8710,Kavish Patel,40,Marketing,111971.95
8711,Agnijeet Jain,55,HR,120183.14
8712,Rina Patel,37,HR,70458.41
8713,Akanksha Patel,22,Finance,87544.49
8714,Vaidehi Sharma,56,Sales,124801.41
8715,Agnijeet Raina,59,Engineering,183955.18
8716,Agnijeet Sharma,18,Sales,114598.17
8717,Kavish Jain,47,Support,59377.86
8718,Kavish Desai,49,Engineering,128847.8
8719,Tara Raina,21,Sales,151010.19
8720,Agnijeet Patel,46,HR,175522.29
8721,Akanksha Sharma,50,Sales,57619.92
8722,Agnijeet Patel,33,Support,40976.55
8723,Vaidehi Desai,65,Sales,176137.96
8724,Agnijeet Patel,20,HR,146157.48
8725,Rohit Desai,22,Sales,193622.89
8726,Rina Kamble,56,Marketing,196157.47
8727,Rohit Patel,38,Engineering,86360.57
8728,Kriti Sharma,39,Engineering,178533.65
8729,Rina Sharma,63,Sales,127812.56
8730,Rina Paraswar,49,Sales,66847.56
8731,Sanjay Sharma,25,Support,25718.37
8732,Rohit Patel,31,HR,120862.5
8733,Agnijeet Jain,44,HR,189304.75
8734,Akanksha Desai,57,Engineering,199274.15
8735,Tara Kamble,28,Finance,167281.0
8736,Rohit Sharma,57,Sales,62394.49
8737,Amit Desai,63,Support,185114.91
8738,Rohit Raina,31,Sales,186765.39
8739,Sanjay Khatri,46,Marketing,134725.06
8740,Sanjay Desai,40,Sales,139076.76
8741,Tara Kamble,62,Marketing,93372.64
8742,Rohit Sharma,37,HR,142378.36
8743,Akanksha Sharma,22,Engineering,110687.9
8744,Rohit Jain,48,Finance,162173.22
8745,Tara Desai,37,Support,165225.92
8746,Amit Raina,24,Finance,65287.21
8747,Tara Khatri,30,Finance,34566.49
8748,Agnijeet Desai,49,HR,67610.88
8749,Kavish Desai,48,Support,156383.19
8750,Vaidehi Jain,19,Finance,178167.01
8751,Tara Desai,27,Engineering,98715.34
8752,Sanjay Sharma,34,Sales,101799.06
8753,Sanjay Patel,60,Support,100770.55
8754,Akanksha Patel,56,Finance,54562.57
8755,Kriti Raina,23,Finance,191658.49
8756,Agnijeet Jain,59,Sales,36594.63
8757,Amit Desai,51,Engineering,196873.09
8758,Kavish Raina,18,Marketing,39838.17
8759,Rohit Jain,27,Engineering,45020.28
8760,Rohit Sharma,18,Engineering,181188.56
8761,Kavish Desai,59,HR,43548.78
8762,Tara Jain,65,Support,100625.53
8763,Amit Jain,37,Engineering,22313.05
8764,Kriti Raina,58,Engineering,21180.03
8765,Kriti Patel,62,Support,144984.49
8766,Sanjay Sharma,57,Engineering,110579.93
8767,Amit Raina,59,HR,112409.32
8768,Tara Raina,61,Sales,50408.66
8769,Amit Raina,58,Engineering,32345.86
8770,Amit Khatri,43,Support,132564.78
8771,Rina Jain,33,HR,129285.6
8772,Vaidehi Patel,44,Sales,77478.99
8773,Amit Paraswar,61,Support,79889.85
8774,Vaidehi Raina,35,Support,78704.94
8775,Kriti Desai,65,Sales,120227.78
8776,Sanjay Kamble,51,Finance,113873.61
8777,Kriti Kamble,51,Marketing,156380.9
8778,Rohit Kamble,34,Support,172959.81
8779,Tara Khatri,54,Engineering,44295.03
8780,Rina Desai,58,Engineering,152294.84
8781,Kavish Jain,28,Finance,92948.2
8782,Rohit Khatri,59,Marketing,71156.91
8783,Rina Paraswar,30,Marketing,75521.07
8784,Akanksha Sharma,52,Engineering,104509.55
8785,Agnijeet Desai,19,HR,20739.76
8786,Kriti Desai,40,Engineering,135996.65
8787,Kavish Sharma,34,Support,155823.19
8788,Tara Kamble,55,Sales,27714.2
8789,Vaidehi Jain,62,Support,157254.38
8790,Kavish Khatri,38,Finance,46493.49
8791,Amit Jain,27,Finance,143779.54
8792,Rina Patel,48,Engineering,34245.52
8793,Tara Sharma,22,Sales,155279.53
8794,Rina Raina,52,Support,170189.67
8795,Akanksha Raina,20,Support,175006.25
8796,Tara Khatri,56,Marketing,195658.64
8797,Kavish Kamble,57,HR,58841.17
8798,Tara Khatri,58,HR,58048.01
8799,Sanjay Raina,65,Support,148048.55
8800,Rina Paraswar,36,Marketing,82060.96
8801,Rohit Sharma,56,HR,98260.06
8802,Agnijeet Paraswar,60,Finance,98925.48
8803,Kavish Khatri,43,Support,181357.94
8804,Kriti Raina,65,HR,73441.24
8805,Sanjay Jain,58,Support,43499.01
8806,Amit Patel,63,Marketing,163836.13
8807,Kavish Desai,62,Engineering,44553.15
8808,Tara Kamble,51,HR,135693.3
8809,Tara Sharma,41,Sales,72804.79
8810,Vaidehi Khatri,52,Marketing,194774.69
8811,Sanjay Khatri,21,HR,31432.34
8812,Kavish Khatri,50,Sales,34875.27
8813,Tara Khatri,56,HR,51220.93
8814,Rina Jain,32,Engineering,154577.36
8815,Akanksha Raina,51,Engineering,24109.1
8816,Kriti Sharma,35,Marketing,152938.43
8817,Kriti Jain,32,HR,34192.68
8818,Rohit Sharma,62,Support,158862.96
8819,Tara Khatri,31,Sales,167113.8
8820,Rina Paraswar,28,HR,31406.56
8821,Akanksha Patel,40,HR,180483.0
8822,Kavish Paraswar,28,Marketing,101233.96
8823,Sanjay Desai,43,Marketing,178226.71
8824,Agnijeet Patel,18,Engineering,178239.97
8825,Sanjay Jain,55,Finance,177756.3
8826,Akanksha Khatri,21,Support,90266.83
8827,Kriti Desai,53,Support,141645.61
8828,Agnijeet Sharma,41,HR,159876.28
8829,Kriti Jain,21,Support,156015.58
8830,Agnijeet Sharma,41,Finance,93430.6
8831,Rina Paraswar,24,HR,112599.72
8832,Sanjay Desai,64,Sales,169152.24
8833,Rina Kamble,60,Support,26920.63
8834,Kriti Jain,60,Engineering,186696.54
8835,Rina Sharma,18,Support,165921.45
8836,Agnijeet Kamble,60,Support,57462.86
8837,Kriti Paraswar,23,Finance,106779.67
8838,Amit Patel,50,Sales,193734.71
8839,Kriti Raina,43,HR,174962.63
8840,Rohit Raina,48,HR,181395.0
8841,Agnijeet Desai,23,Sales,175788.08
8842,Sanjay Raina,60,Engineering,103367.95
8843,Tara Paraswar,44,Finance,198097.42
8844,Vaidehi Paraswar,41,Support,138992.84
8845,Agnijeet Patel,45,Sales,74564.86
8846,Vaidehi Patel,35,Engineering,159090.97
8847,Kriti Raina,36,Finance,83093.87
8848,Kavish Sharma,33,Marketing,100426.72
8849,Agnijeet Patel,59,HR,132662.51
8850,Sanjay Sharma,43,Marketing,59073.69
8851,Rina Sharma,58,Finance,80782.68
8852,Kavish Paraswar,54,Sales,84730.01
8853,Rohit Sharma,56,Sales,134902.28
8854,Vaidehi Sharma,23,Marketing,80980.44
8855,Sanjay Paraswar,48,Finance,57508.5
8856,Vaidehi Raina,61,Finance,174754.23
8857,Rohit Desai,47,Sales,166223.87
8858,Sanjay Jain,64,Sales,65249.92
8859,Amit Patel,35,Support,52302.53
8860,Vaidehi Raina,33,HR,148096.03
8861,Agnijeet Kamble,38,HR,25997.21
8862,Agnijeet Kamble,61,Support,173998.21
8863,Tara Khatri,28,Finance,58419.04
8864,Kavish Sharma,53,HR,37946.99
8865,Kavish Jain,51,Support,196568.14
8866,Rina Desai,36,HR,24948.76
8867,Akanksha Sharma,52,Marketing,90746.98
8868,Tara Raina,42,HR,80296.48
8869,Vaidehi Patel,23,Finance,53465.75
8870,Agnijeet Kamble,57,HR,151676.62
8871,Sanjay Kamble,64,Sales,165321.48
8872,Vaidehi Patel,48,Support,100872.52
8873,Vaidehi Sharma,44,HR,160642.02
8874,Kavish Kamble,51,HR,134896.62
8875,Rina Patel,28,Support,142491.89
8876,Kriti Desai,30,Marketing,58354.77
8877,Rina Jain,57,Engineering,141479.22
8878,Kriti Khatri,42,Finance,49269.04
8879,Amit Patel,28,HR,128669.3
8880,Vaidehi Khatri,62,Marketing,173203.22
8881,Vaidehi Paraswar,24,Support,133795.4
8882,Rina Paraswar,35,Support,44727.37
8883,Akanksha Desai,56,Sales,113923.86
8884,Vaidehi Raina,53,Engineering,111454.38
8885,Rina Patel,39,Engineering,128826.8
8886,Kavish Patel,30,Marketing,136317.76
8887,Rohit Patel,23,Engineering,129119.59
8888,Kavish Khatri,32,Marketing,81132.52
8889,Kavish Sharma,63,Engineering,109914.39
8890,Sanjay Desai,55,Sales,117552.52
8891,Rina Jain,28,Engineering,23969.89
8892,Amit Paraswar,64,Engineering,119048.5
8893,Amit Jain,25,Finance,37448.2
8894,Rina Jain,60,Engineering,163176.5
8895,Rina Kamble,38,HR,193605.63
8896,Akanksha Patel,62,Sales,108056.7
8897,Agnijeet Patel,34,Support,23107.39
8898,Akanksha Kamble,38,Finance,121405.28
8899,Sanjay Patel,65,Engineering,133614.68
8900,Akanksha Jain,53,Engineering,52226.06
8901,Amit Jain,32,Support,96992.51
8902,Rina Paraswar,28,HR,33626.35
8903,Vaidehi Jain,31,Sales,130172.22
8904,Sanjay Sharma,54,Support,52070.82
8905,Rohit Jain,37,HR,77328.77
8906,Kriti Raina,53,Marketing,122761.45
8907,Tara Raina,63,HR,44435.3
8908,Tara Raina,19,Support,189967.54
8909,Kavish Raina,40,Sales,52305.11
8910,Tara Kamble,34,Marketing,59512.59
8911,Kriti Sharma,36,HR,83408.26
8912,Akanksha Patel,26,Support,28915.0
8913,Vaidehi Desai,44,Finance,27854.35
8914,Vaidehi Kamble,61,Support,70801.97
8915,Kriti Patel,61,Finance,104954.37
8916,Agnijeet Jain,36,Engineering,120869.0
8917,Tara Khatri,30,Support,182711.54
8918,Sanjay Desai,53,Support,172374.82
8919,Rina Kamble,35,Marketing,175860.63
8920,Vaidehi Khatri,45,Finance,120902.79
8921,Amit Paraswar,33,Finance,57545.75
8922,Sanjay Desai,22,Support,182559.91
8923,Agnijeet Desai,60,Marketing,117588.66
8924,Amit Desai,51,Engineering,113715.66
8925,Rohit Raina,65,HR,86813.5
8926,Rina Patel,23,Engineering,187423.21
8927,Sanjay Kamble,24,HR,139646.72
8928,Rina Kamble,20,Sales,132433.32
8929,Sanjay Paraswar,52,HR,189987.91
8930,Kavish Desai,23,Marketing,28338.77
8931,Akanksha Desai,57,Support,118037.83
8932,Rohit Paraswar,57,Sales,132078.95
8933,Rina Desai,25,Support,132625.35
8934,Akanksha Desai,53,HR,152666.43
8935,Kriti Paraswar,38,Sales,26804.96
8936,Sanjay Jain,18,Marketing,138013.74
8937,Amit Raina,41,Finance,183199.14
8938,Kriti Kamble,34,Finance,82187.73
8939,Rina Desai,61,Finance,161371.95
8940,Amit Khatri,55,Support,63979.86
8941,Rina Kamble,50,Finance,109063.35
8942,Tara Khatri,52,Engineering,80656.99
8943,Akanksha Sharma,51,HR,124921.1
8944,Amit Patel,62,Sales,147906.65
8945,Akanksha Raina,32,Finance,129979.01
8946,Rina Paraswar,52,Marketing,136793.85
8947,Sanjay Patel,47,Marketing,159836.87
8948,Kavish Paraswar,58,HR,185289.4
8949,Rina Kamble,54,HR,121141.9
8950,Rohit Sharma,26,Sales,89963.2
8951,Sanjay Kamble,36,Sales,172454.04
8952,Kriti Khatri,53,Engineering,177446.41
8953,Kriti Jain,65,HR,93859.94
8954,Sanjay Paraswar,56,Finance,27569.36
8955,Rina Desai,50,Finance,28236.9
8956,Rohit Sharma,28,Marketing,38917.18
8957,Amit Khatri,58,Marketing,66165.07
8958,Rohit Desai,60,Finance,171249.75
8959,Agnijeet Sharma,63,Finance,81257.63
8960,Tara Desai,48,Marketing,71774.2
8961,Rohit Paraswar,42,Sales,109770.47
8962,Vaidehi Raina,22,Sales,31004.39
8963,Tara Raina,20,Support,87183.02
8964,Sanjay Kamble,49,Support,107965.78
8965,Akanksha Raina,20,Finance,89366.84
8966,Agnijeet Sharma,32,Marketing,21912.73
8967,Amit Desai,18,Finance,189098.79
8968,Akanksha Kamble,20,Finance,199145.83
8969,Vaidehi Raina,46,Marketing,23739.55
8970,Tara Paraswar,42,Engineering,185763.42
8971,Tara Kamble,54,Engineering,183531.5
8972,Vaidehi Paraswar,22,Sales,158778.67
8973,Tara Paraswar,58,HR,67370.0
8974,Agnijeet Patel,62,Sales,186982.54
8975,Kavish Paraswar,54,Finance,160210.06
8976,Rohit Sharma,52,Support,74807.12
8977,Akanksha Sharma,35,Marketing,90370.95
8978,Rina Sharma,54,Sales,31688.73
8979,Vaidehi Desai,36,Engineering,70040.95
8980,Agnijeet Kamble,42,HR,66694.62
8981,Kriti Raina,37,Support,53468.05
8982,Akanksha Desai,24,Marketing,166400.91
8983,Sanjay Paraswar,52,Support,196949.82
8984,Vaidehi Jain,45,Engineering,142739.89
8985,Kriti Patel,62,Marketing,101754.98
8986,Amit Desai,51,Marketing,82686.61
8987,Sanjay Khatri,31,Support,196995.26
8988,Kriti Khatri,51,Engineering,153490.84
8989,Kriti Sharma,22,Finance,146720.12
8990,Rohit Paraswar,63,Sales,172474.96
8991,Tara Khatri,43,Finance,137409.87
8992,Kavish Raina,54,Sales,183172.61
8993,Vaidehi Sharma,30,Marketing,117063.13
8994,Tara Jain,18,Finance,107974.68
8995,Vaidehi Raina,38,Finance,101550.42
8996,Agnijeet Kamble,32,Engineering,195900.46
8997,Kavish Patel,28,Support,187765.18
8998,Sanjay Kamble,49,Finance,63933.52
8999,Sanjay Patel,20,Engineering,167671.49
9000,Vaidehi Khatri,39,HR,39372.83
9001,Tara Kamble,59,HR,60211.65
9002,Rohit Khatri,45,Engineering,170209.3
9003,Rina Paraswar,31,Sales,135588.16
9004,Sanjay Paraswar,32,Sales,117952.3
9005,Kriti Patel,47,Finance,102127.34
9006,Sanjay Sharma,29,HR,45354.21
9007,Sanjay Desai,41,Marketing,191463.99
9008,Akanksha Raina,42,HR,94962.68
9009,Rina Kamble,37,Sales,194429.24
9010,Sanjay Sharma,61,Engineering,183844.0
9011,Rina Desai,37,Support,128181.67
9012,Rohit Desai,50,Marketing,65343.66
9013,Agnijeet Paraswar,33,HR,154748.15
9014,Vaidehi Desai,31,Sales,89137.11
9015,Rohit Kamble,64,Sales,92673.97
9016,Rohit Khatri,62,Engineering,140008.61
9017,Sanjay Jain,29,Sales,149310.5
9018,Rina Desai,56,Sales,150494.28
9019,Sanjay Kamble,45,Finance,73785.64
9020,Rohit Paraswar,51,Finance,54098.47
9021,Vaidehi Jain,29,Sales,51041.24
9022,Rina Desai,47,HR,194676.29
9023,Agnijeet Paraswar,29,Engineering,45100.99
9024,Agnijeet Paraswar,44,Marketing,133967.21
9025,Amit Patel,58,Sales,160248.51
9026,Amit Raina,59,Sales,173424.67
9027,Rina Patel,25,HR,111839.29
9028,Kriti Khatri,36,Finance,124363.42
9029,Vaidehi Sharma,55,Engineering,197932.75
9030,Tara Khatri,37,Marketing,198989.29
9031,Rohit Khatri,22,Finance,52709.2
9032,Akanksha Raina,28,Engineering,67905.3
9033,Kavish Desai,54,Engineering,139962.58
9034,Agnijeet Kamble,57,Engineering,43939.77
9035,Sanjay Jain,55,Finance,124204.98
9036,Kavish Patel,26,HR,124716.73
9037,Kriti Kamble,22,Support,108906.12
9038,Rina Paraswar,55,Finance,137627.14
9039,Tara Desai,65,Marketing,85397.75
9040,Rohit Patel,62,Marketing,51454.78
9041,Agnijeet Paraswar,32,Finance,79267.06
9042,Vaidehi Desai,20,Support,119106.09
9043,Kavish Patel,41,Engineering,195872.65
9044,Sanjay Jain,49,Finance,105785.44
9045,Akanksha Patel,33,HR,43473.5
9046,Rohit Patel,54,Sales,185142.15
9047,Amit Sharma,39,Support,65555.0
9048,Sanjay Desai,36,Sales,57696.16
9049,Amit Desai,30,Support,52364.32
9050,Sanjay Khatri,39,Finance,160783.87
9051,Rohit Sharma,31,HR,99847.49
9052,Kavish Patel,28,Sales,185599.06
9053,Agnijeet Raina,26,Finance,127999.43
9054,Akanksha Khatri,61,Engineering,181473.15
9055,Amit Patel,49,Finance,74651.56
9056,Amit Raina,28,HR,178263.3
9057,Akanksha Paraswar,52,Marketing,48509.95
9058,Agnijeet Jain,44,Sales,112117.08
9059,Rohit Raina,51,HR,134324.83
9060,Sanjay Sharma,35,Sales,193056.58
9061,Rina Khatri,22,Engineering,136757.48
9062,Akanksha Kamble,19,Marketing,112690.1
9063,Akanksha Jain,34,Sales,186237.16
9064,Rina Kamble,38,Sales,87363.92
9065,Sanjay Sharma,27,Engineering,172783.99
9066,Amit Patel,43,Sales,72651.35
9067,Vaidehi Sharma,20,Engineering,138458.28
9068,Rina Desai,39,Support,59543.17
9069,Rohit Jain,23,Marketing,154434.18
9070,Rohit Paraswar,32,Marketing,155863.28
9071,Sanjay Paraswar,64,HR,123459.43
9072,Vaidehi Patel,25,Support,22604.76
9073,Kriti Raina,51,Finance,149592.41
9074,Kriti Patel,57,HR,99261.05
9075,Tara Paraswar,50,HR,197695.95
9076,Rohit Khatri,42,Support,112914.65
9077,Rina Khatri,61,Marketing,45337.59
9078,Rina Raina,51,Marketing,22699.45
9079,Vaidehi Kamble,56,HR,198382.74
9080,Agnijeet Kamble,51,Support,94855.44
9081,Kavish Jain,39,Sales,73289.84
9082,Agnijeet Sharma,42,Support,58779.37
9083,Kriti Kamble,42,Finance,189288.34
9084,Vaidehi Paraswar,59,Engineering,106621.55
9085,Agnijeet Desai,54,HR,68906.81
9086,Rina Khatri,19,Finance,165807.54
9087,Agnijeet Desai,64,HR,199731.35
9088,Amit Jain,25,Finance,111279.56
9089,Akanksha Jain,48,Finance,178174.41
9090,Sanjay Desai,24,Sales,90803.71
9091,Tara Desai,64,Sales,44534.64
9092,Agnijeet Desai,37,Finance,45958.56
9093,Agnijeet Desai,35,Support,168211.38
9094,Rina Jain,44,Marketing,122941.53
9095,Sanjay Patel,44,HR,115244.89
9096,Kavish Sharma,34,Marketing,162839.89
9097,Kavish Jain,31,HR,156086.04
9098,Rina Khatri,33,Support,171013.99
9099,Rina Khatri,24,Finance,153929.26
9100,Akanksha Desai,30,Finance,185435.7
9101,Tara Sharma,28,HR,30187.62
9102,Kriti Sharma,47,Support,44813.43
9103,Amit Sharma,30,Marketing,47573.79
9104,Tara Khatri,42,Sales,148589.74
9105,Kavish Raina,50,Sales,29272.78
9106,Amit Sharma,43,Finance,54284.66
9107,Tara Jain,36,Support,137638.95
9108,Tara Raina,62,Sales,118841.25
9109,Rina Kamble,51,HR,111519.25
9110,Tara Kamble,48,Sales,26166.12
9111,Kavish Kamble,22,Marketing,36653.08
9112,Vaidehi Sharma,57,HR,199902.49
9113,Agnijeet Khatri,29,Marketing,28384.3
9114,Vaidehi Patel,55,Support,56303.94
9115,Vaidehi Raina,32,HR,163179.36
9116,Kriti Kamble,20,Engineering,66453.85
9117,Rohit Sharma,57,HR,86599.04
9118,Akanksha Raina,32,Engineering,69928.18
9119,Akanksha Paraswar,65,Marketing,45192.57
9120,Sanjay Jain,58,HR,173592.91
9121,Kavish Khatri,43,Finance,181196.15
9122,Kriti Khatri,56,Marketing,153402.94
9123,Amit Patel,42,Finance,59978.06
9124,Sanjay Kamble,52,Support,37574.64
9125,Kriti Patel,45,Finance,42329.81
9126,Vaidehi Sharma,26,Finance,186015.96
9127,Rohit Raina,52,Engineering,28384.9
9128,Amit Khatri,40,Support,88636.49
9129,Sanjay Khatri,43,Sales,56001.89
9130,Akanksha Sharma,20,Marketing,175478.88
9131,Agnijeet Raina,47,Engineering,157042.8
9132,Akanksha Patel,23,Marketing,157870.46
9133,Sanjay Sharma,60,Finance,173709.65
9134,Agnijeet Patel,61,Engineering,194652.72
9135,Kavish Sharma,34,Engineering,46485.16
9136,Kavish Patel,29,HR,180181.99
9137,Akanksha Khatri,27,Marketing,149287.12
9138,Rina Sharma,23,Engineering,142890.83
9139,Amit Paraswar,57,Sales,164953.53
9140,Vaidehi Kamble,41,HR,189060.5
9141,Rohit Paraswar,52,Finance,176180.64
9142,Rohit Patel,45,Finance,47727.61
9143,Amit Patel,65,HR,99814.17
9144,Sanjay Desai,57,Finance,94355.32
9145,Rina Jain,44,Sales,144875.79
9146,Rina Patel,33,Marketing,163181.09
9147,Rohit Sharma,38,Engineering,146348.3
9148,Rohit Paraswar,58,Engineering,129692.53
9149,Vaidehi Raina,63,Marketing,171750.74
9150,Akanksha Kamble,21,Sales,78893.96
9151,Akanksha Jain,46,HR,163224.75
9152,Akanksha Sharma,56,HR,32250.23
9153,Akanksha Raina,59,Marketing,64643.27
9154,Sanjay Khatri,55,Sales,45776.75
9155,Rina Sharma,45,Sales,29541.29
9156,Kriti Kamble,65,Marketing,102300.76
9157,Akanksha Khatri,51,Sales,196192.06
9158,Vaidehi Jain,33,Finance,195991.75
9159,Kriti Khatri,29,Marketing,136605.51
9160,Kavish Patel,60,Support,114263.7
9161,Rina Jain,59,Sales,90516.66
9162,Sanjay Khatri,55,Finance,20424.42
9163,Rohit Patel,21,Engineering,152690.75
9164,Rohit Jain,23,HR,55675.27
9165,Tara Kamble,59,Support,182614.85
9166,Vaidehi Paraswar,53,Finance,29268.87
9167,Kavish Khatri,43,Sales,31096.14
9168,Agnijeet Patel,51,HR,94028.65
9169,Agnijeet Paraswar,23,Marketing,195825.48
9170,Tara Sharma,47,Finance,191358.21
9171,Rina Jain,62,Engineering,40681.89
9172,Vaidehi Paraswar,45,Engineering,103603.73
9173,Kriti Kamble,56,Support,21306.35
9174,Tara Patel,41,Finance,156353.53
9175,Tara Jain,55,Sales,30065.55
9176,Kavish Kamble,21,Marketing,57162.29
9177,Agnijeet Raina,21,HR,99087.72
9178,Kavish Kamble,26,Support,98783.46
9179,Tara Kamble,46,Engineering,199002.62
9180,Amit Desai,22,Engineering,83583.67
9181,Sanjay Jain,57,Marketing,94600.63
9182,Rina Desai,45,Support,47886.71
9183,Agnijeet Paraswar,61,Marketing,177216.28
9184,Sanjay Sharma,52,Support,93971.77
9185,Kavish Desai,57,HR,68731.41
9186,Sanjay Paraswar,49,Sales,54026.35
9187,Kriti Raina,47,HR,37798.56
9188,Kriti Kamble,44,Marketing,34702.92
9189,Tara Patel,52,HR,182277.33
9190,Amit Khatri,29,Marketing,199149.06
9191,Kavish Jain,21,Sales,180733.82
9192,Vaidehi Paraswar,26,Marketing,96141.14
9193,Akanksha Paraswar,62,Support,54857.96
9194,Kriti Khatri,29,Support,71473.96
9195,Agnijeet Khatri,33,Support,24126.5
9196,Agnijeet Paraswar,21,Support,146754.09
9197,Amit Kamble,34,Finance,119221.72
9198,Rohit Patel,47,Sales,24083.32
9199,Rohit Desai,53,HR,168437.42
9200,Kavish Kamble,28,Support,91253.59
9201,Tara Desai,62,Finance,138805.98
9202,Agnijeet Khatri,23,Engineering,57436.05
9203,Rina Jain,60,Finance,178253.17
9204,Vaidehi Raina,45,Support,20480.22
9205,Kriti Kamble,36,Support,106898.32
9206,Kriti Patel,61,Sales,147342.81
9207,Agnijeet Khatri,49,Finance,158339.58
9208,Sanjay Raina,32,HR,98028.84
9209,Akanksha Jain,31,Support,118490.93
9210,Vaidehi Kamble,46,HR,140940.84
9211,Rohit Raina,41,Sales,91030.91
9212,Tara Khatri,18,HR,124104.06
9213,Kavish Desai,20,Engineering,171945.58
9214,Kavish Kamble,18,HR,120106.45
9215,Kriti Desai,49,Sales,180464.93
9216,Kavish Kamble,27,HR,83204.88
9217,Agnijeet Khatri,42,Support,44469.77
9218,Akanksha Khatri,50,Finance,140488.6
9219,Akanksha Patel,30,Marketing,130178.06
9220,Agnijeet Kamble,59,Finance,136265.98
9221,Kriti Kamble,49,Engineering,169476.55
9222,Akanksha Desai,56,Engineering,193776.56
9223,Tara Khatri,23,Support,139521.1
9224,Tara Patel,46,Finance,189850.07
9225,Sanjay Kamble,65,Finance,89468.58
9226,Tara Raina,22,Finance,61995.62
9227,Agnijeet Kamble,21,Finance,78614.12
9228,Amit Paraswar,41,Engineering,26297.06
9229,Amit Kamble,41,Engineering,70388.27
9230,Vaidehi Sharma,52,HR,68369.54
9231,Akanksha Paraswar,48,Marketing,192714.52
9232,Kriti Khatri,48,Marketing,62523.97
9233,Kavish Desai,57,Finance,127141.35
9234,Tara Khatri,39,Sales,176587.05
9235,Sanjay Desai,61,HR,160278.73
9236,Rina Raina,45,Engineering,105627.38
9237,Vaidehi Khatri,26,Engineering,108457.9
9238,Rohit Paraswar,55,Support,126256.16
9239,Akanksha Paraswar,32,Engineering,196935.06
9240,Sanjay Sharma,53,Engineering,29935.16
9241,Rohit Jain,30,Engineering,161754.39
9242,Akanksha Paraswar,23,HR,34974.26
9243,Sanjay Khatri,27,Marketing,133871.53
9244,Rina Raina,38,Marketing,43294.6
9245,Kriti Jain,23,HR,71859.0
9246,Sanjay Sharma,63,Sales,186494.13
9247,Rina Kamble,62,Engineering,106867.21
9248,Tara Raina,48,HR,75558.27
9249,Agnijeet Sharma,41,Finance,36060.19
9250,Vaidehi Paraswar,59,HR,195633.37
9251,Agnijeet Desai,43,Finance,107512.25
9252,Amit Paraswar,35,Finance,53658.59
9253,Rina Desai,37,Sales,100348.83
9254,Rina Desai,40,Marketing,50154.94
9255,Tara Raina,46,HR,68197.12
9256,Rina Desai,26,Sales,157716.75
9257,Kavish Jain,51,Sales,52450.77
9258,Vaidehi Kamble,48,Sales,108554.46
9259,Kriti Patel,22,Finance,21399.54
9260,Amit Jain,47,Marketing,147296.3
9261,Amit Desai,46,Sales,43940.4
9262,Sanjay Jain,48,Sales,95789.51
9263,Kavish Kamble,21,Marketing,88615.23
9264,Amit Kamble,20,Finance,122399.27
9265,Amit Paraswar,28,Finance,134787.48
9266,Vaidehi Sharma,65,Marketing,119463.65
9267,Kriti Raina,20,Finance,57793.51
9268,Vaidehi Khatri,45,Marketing,75706.88
9269,Rohit Khatri,27,Finance,146477.04
9270,Vaidehi Kamble,63,Sales,132933.63
9271,Vaidehi Kamble,37,HR,151896.28
9272,Rina Patel,22,Finance,186946.79
9273,Agnijeet Sharma,39,Finance,86346.38
9274,Kriti Sharma,62,HR,118555.73
9275,Vaidehi Desai,18,Sales,42579.6
9276,Tara Raina,54,Sales,159937.83
9277,Kriti Raina,26,Sales,129352.17
9278,Vaidehi Khatri,45,Marketing,32132.57
9279,Vaidehi Khatri,21,Marketing,164920.33
9280,Kriti Patel,18,HR,58875.41
9281,Sanjay Jain,50,HR,184293.65
9282,Rohit Sharma,61,Support,54958.69
9283,Kavish Patel,42,HR,104590.74
9284,Rohit Jain,31,Support,20252.99
9285,Kavish Raina,32,Finance,165126.83
9286,Akanksha Paraswar,28,Support,174494.61
9287,Sanjay Paraswar,22,Sales,37870.93
9288,Akanksha Desai,35,Sales,66740.89
9289,Rohit Kamble,59,Marketing,192109.43
9290,Rohit Khatri,50,Sales,130286.76
9291,Vaidehi Jain,49,Support,34952.76
9292,Amit Desai,65,Support,52489.98
9293,Amit Patel,39,HR,198014.55
9294,Kriti Jain,41,HR,137234.69
9295,Agnijeet Khatri,41,Finance,33012.51
9296,Amit Paraswar,50,HR,122546.96
9297,Rina Paraswar,62,HR,137177.32
9298,Agnijeet Sharma,47,Sales,153726.59
9299,Amit Sharma,56,Engineering,147673.2
9300,Agnijeet Jain,21,Support,143656.13
9301,Kriti Paraswar,62,Sales,189338.73
9302,Rina Paraswar,44,Support,151410.56
9303,Rina Desai,25,Finance,58524.05
9304,Kriti Desai,52,Finance,199224.29
9305,Vaidehi Sharma,34,Finance,109771.05
9306,Kriti Sharma,25,HR,63201.29
9307,Vaidehi Sharma,61,Marketing,38492.47
9308,Akanksha Kamble,61,HR,74350.89
9309,Vaidehi Desai,44,Engineering,86527.02
9310,Tara Raina,29,Finance,82838.01
9311,Kavish Jain,61,Sales,58684.32
9312,Akanksha Desai,26,HR,74322.51
9313,Akanksha Sharma,65,Engineering,78184.47
9314,Agnijeet Sharma,22,Sales,185615.61
9315,Kriti Raina,57,Engineering,56140.38
9316,Amit Paraswar,40,Marketing,165619.6
9317,Rohit Paraswar,48,HR,103591.99
9318,Agnijeet Raina,32,Engineering,114945.47
9319,Tara Patel,36,Sales,35955.33
9320,Sanjay Sharma,48,Support,44092.59
9321,Kavish Raina,57,HR,171393.57
9322,Vaidehi Jain,42,HR,182473.34
9323,Akanksha Desai,28,Marketing,89188.25
9324,Tara Kamble,45,HR,36708.76
9325,Akanksha Khatri,20,Finance,181370.86
9326,Amit Kamble,49,Support,93842.43
9327,Akanksha Raina,37,Finance,41693.54
9328,Agnijeet Desai,45,Marketing,145958.92
9329,Vaidehi Paraswar,39,Finance,29756.74
9330,Rina Jain,42,HR,83273.79
9331,Sanjay Patel,51,Finance,51077.76
9332,Akanksha Khatri,49,HR,147776.45
9333,Rohit Desai,57,Sales,184375.38
9334,Akanksha Raina,59,HR,114370.9
9335,Vaidehi Khatri,65,Sales,188211.45
9336,Kriti Paraswar,22,HR,177245.34
9337,Kriti Raina,47,Sales,49859.82
9338,Rohit Kamble,49,Finance,125875.68
9339,Vaidehi Sharma,41,Sales,67750.55
9340,Rina Khatri,32,Marketing,106427.88
9341,Vaidehi Khatri,36,HR,107780.5
9342,Rina Patel,65,Support,84805.66
9343,Amit Patel,46,Sales,119663.01
9344,Rina Khatri,36,Engineering,134806.26
9345,Agnijeet Khatri,31,Engineering,130199.29
9346,Akanksha Patel,33,Engineering,199031.63
9347,Vaidehi Paraswar,20,Marketing,134867.57
9348,Amit Raina,48,Marketing,72482.46
9349,Agnijeet Jain,42,Marketing,65669.3
9350,Sanjay Patel,40,Engineering,70377.43
9351,Akanksha Paraswar,42,Support,62102.85
9352,Sanjay Sharma,30,HR,176395.95
9353,Agnijeet Kamble,53,Sales,76342.3
9354,Kriti Paraswar,52,Finance,61244.05
9355,Kriti Raina,53,Engineering,25366.62
9356,Akanksha Kamble,26,HR,134020.17
9357,Rohit Jain,58,Sales,67768.97
9358,Kavish Patel,20,HR,136726.36
9359,Amit Kamble,57,Engineering,70287.98
9360,Sanjay Desai,47,HR,65832.76
9361,Rina Paraswar,22,HR,135190.09
9362,Agnijeet Kamble,44,Marketing,154795.73
9363,Vaidehi Patel,52,Engineering,43995.13
9364,Rina Paraswar,32,HR,127228.86
9365,Amit Jain,22,Engineering,45912.92
9366,Amit Jain,49,Engineering,161254.96
9367,Agnijeet Paraswar,36,Sales,145621.4
9368,Sanjay Patel,35,Support,100036.4
9369,Sanjay Patel,28,Support,143237.22
9370,Vaidehi Sharma,57,Engineering,58436.88
9371,Vaidehi Desai,49,Finance,138740.67
9372,Rohit Paraswar,51,HR,108975.33
9373,Kriti Raina,21,Engineering,148760.59
9374,Rohit Paraswar,22,Finance,41032.18
9375,Kavish Khatri,20,Sales,139000.32
9376,Agnijeet Desai,39,Support,72743.8
9377,Kavish Desai,34,Sales,138147.1
9378,Amit Sharma,53,Support,188813.12
9379,Rohit Khatri,61,Sales,111319.14
9380,Kavish Desai,46,Support,152382.88
9381,Rina Patel,65,Sales,184795.29
9382,Sanjay Kamble,44,Engineering,174367.88
9383,Kavish Jain,49,Marketing,72666.11
9384,Akanksha Patel,35,Sales,87891.81
9385,Akanksha Sharma,56,Engineering,159744.21
9386,Kriti Khatri,51,HR,112773.27
9387,Rohit Sharma,49,Engineering,27971.57
9388,Rohit Kamble,43,Finance,104769.47
9389,Rohit Raina,51,Sales,68737.05
9390,Agnijeet Desai,29,Support,85372.63
9391,Kavish Jain,64,Finance,101342.22
9392,Amit Raina,33,Finance,87370.51
9393,Rina Paraswar,36,Sales,40542.15
9394,Kavish Patel,44,Support,147063.12
9395,Kavish Sharma,58,Engineering,53242.74
9396,Rina Jain,44,Support,117853.08
9397,Kavish Sharma,25,Support,57758.13
9398,Akanksha Paraswar,56,Sales,53652.63
9399,Vaidehi Jain,31,Engineering,94084.33
9400,Kriti Jain,52,Finance,99600.44
9401,Akanksha Kamble,58,Support,191866.95
9402,Akanksha Paraswar,63,Marketing,30175.44
9403,Tara Jain,63,Engineering,70136.12
9404,Sanjay Khatri,48,HR,142821.59
9405,Kavish Khatri,62,Sales,99472.71
9406,Sanjay Kamble,21,Support,102714.66
9407,Akanksha Kamble,63,Support,131098.63
9408,Sanjay Patel,55,Support,83139.4
9409,Tara Khatri,62,Marketing,67865.32
9410,Akanksha Sharma,24,Support,44333.44
9411,Tara Raina,35,Sales,117197.28
9412,Sanjay Patel,50,Support,188332.16
9413,Rohit Sharma,21,Sales,102284.76
9414,Kriti Raina,44,Sales,97227.1
9415,Rina Paraswar,39,Support,75282.01
9416,Rohit Raina,32,Sales,103455.5
9417,Rina Raina,54,Finance,48260.25
9418,Kriti Patel,53,Engineering,45216.2
9419,Agnijeet Khatri,25,Engineering,153847.03
9420,Sanjay Paraswar,55,Engineering,90857.91
9421,Tara Desai,41,Support,92249.67
9422,Kriti Kamble,49,Support,80588.63
9423,Amit Desai,65,Sales,129929.27
9424,Rina Jain,39,HR,99830.96
9425,Rohit Raina,25,Marketing,189037.58
9426,Rohit Desai,42,Sales,138306.28
9427,Kriti Raina,56,Marketing,83157.92
9428,Amit Khatri,31,Engineering,51534.02
9429,Tara Kamble,64,HR,59579.88
9430,Agnijeet Khatri,44,Finance,57794.81
9431,Akanksha Paraswar,50,Engineering,133225.45
9432,Tara Paraswar,38,Engineering,47558.04
9433,Tara Patel,31,Marketing,55526.12
9434,Kriti Desai,61,Support,188365.8
9435,Vaidehi Kamble,30,Support,115413.56
9436,Tara Jain,32,Engineering,115825.08
9437,Sanjay Raina,64,Marketing,45884.0
9438,Tara Sharma,63,Finance,143473.45
9439,Rohit Khatri,56,Finance,23051.47
9440,Kavish Jain,40,Finance,50261.78
9441,Sanjay Khatri,46,Support,44151.8
9442,Kriti Jain,53,Engineering,105988.58
9443,Rina Patel,30,HR,124790.39
9444,Amit Khatri,27,Finance,152668.51
9445,Amit Sharma,58,Marketing,41782.04
9446,Kavish Paraswar,48,Finance,150197.77
9447,Kavish Jain,42,Support,66549.81
9448,Agnijeet Kamble,36,HR,49294.55
9449,Akanksha Sharma,47,Finance,104726.78
9450,Rohit Jain,43,Support,91586.2
9451,Akanksha Paraswar,25,Marketing,146517.08
9452,Akanksha Jain,63,Support,108210.11
9453,Agnijeet Paraswar,37,Finance,39382.8
9454,Amit Jain,50,Sales,54674.91
9455,Kavish Patel,44,Sales,108867.53
9456,Akanksha Desai,58,Marketing,68809.9
9457,Kavish Sharma,37,Marketing,65184.44
9458,Tara Patel,25,HR,156808.32
9459,Tara Sharma,18,Support,150441.36
9460,Kavish Khatri,54,Marketing,67146.52
9461,Rina Kamble,63,Sales,136177.67
9462,Amit Jain,22,Engineering,77323.73
9463,Amit Sharma,28,HR,148853.18
9464,Tara Sharma,37,Finance,182893.32
9465,Amit Patel,61,Marketing,109514.4
9466,Agnijeet Patel,56,HR,98929.03
9467,Kriti Paraswar,28,Sales,136088.34
9468,Kriti Raina,20,Support,79983.72
9469,Akanksha Khatri,65,Engineering,93548.58
9470,Kriti Khatri,26,Engineering,89636.52
9471,Akanksha Sharma,38,Marketing,77678.16
9472,Vaidehi Desai,64,Finance,23094.39
9473,Kriti Sharma,50,Finance,76588.35
9474,Sanjay Patel,57,Sales,82554.27
9475,Sanjay Kamble,28,Engineering,96508.06
9476,Kavish Sharma,38,Support,130341.12
9477,Akanksha Paraswar,53,Finance,50364.53
9478,Kriti Patel,47,Finance,123167.08
9479,Rina Jain,22,Support,148853.41
9480,Tara Raina,22,Sales,174384.97
9481,Vaidehi Desai,40,HR,51826.14
9482,Sanjay Jain,49,HR,87309.5
9483,Kavish Kamble,28,Engineering,46757.66
9484,Tara Jain,41,Marketing,43557.42
9485,Vaidehi Kamble,58,Marketing,173507.72
9486,Kavish Khatri,28,Sales,50171.86
9487,Kavish Khatri,40,Sales,128010.84
9488,Akanksha Khatri,19,Support,23663.93
9489,Rina Patel,47,HR,166225.92
9490,Vaidehi Paraswar,64,Marketing,55402.29
9491,Vaidehi Kamble,38,Engineering,82154.2
9492,Rohit Kamble,39,Sales,197077.21
9493,Kriti Khatri,58,Sales,33106.73
9494,Tara Sharma,52,Sales,176307.69
9495,Kavish Raina,34,Sales,199689.21
9496,Rohit Khatri,52,Support,158903.98
9497,Kriti Jain,27,HR,197923.42
9498,Vaidehi Desai,57,Support,152793.29
9499,Rohit Patel,36,Support,21551.22
9500,Rohit Kamble,34,Support,79370.58
9501,Akanksha Jain,61,Marketing,149345.2
9502,Kriti Raina,61,HR,48825.81
9503,Kavish Khatri,49,Support,93486.32
9504,Akanksha Sharma,40,HR,24116.75
9505,Rohit Paraswar,48,Marketing,99303.0
9506,Sanjay Khatri,62,Support,41931.71
9507,Kriti Paraswar,60,Marketing,102793.77
9508,Amit Sharma,53,Marketing,129759.18
9509,Vaidehi Patel,25,Sales,51091.31
9510,Rina Jain,51,Sales,24341.91
9511,Sanjay Kamble,57,Sales,99221.13
9512,Vaidehi Jain,55,Finance,134689.26
9513,Agnijeet Paraswar,23,Marketing,65114.25
9514,Agnijeet Raina,29,Marketing,116857.45
9515,Vaidehi Desai,18,Engineering,68004.39
9516,Rina Jain,52,Sales,123285.33
9517,Amit Paraswar,48,Support,40645.85
9518,Kriti Raina,45,Engineering,72690.74
9519,Kriti Desai,35,Support,186475.95
9520,Tara Patel,52,Finance,64452.16
9521,Agnijeet Paraswar,53,Marketing,190807.25
9522,Vaidehi Khatri,60,Engineering,113539.9
9523,Tara Paraswar,61,Marketing,40131.51
9524,Agnijeet Jain,41,Sales,148007.43
9525,Rina Jain,24,Engineering,28615.1
9526,Akanksha Jain,56,Engineering,169363.2
9527,Kavish Patel,45,Sales,192771.72
9528,Sanjay Paraswar,50,Marketing,186358.64
9529,Vaidehi Kamble,53,Finance,161527.61
9530,Kriti Paraswar,60,HR,34255.12
9531,Kavish Kamble,47,Sales,45502.67
9532,Rohit Desai,20,HR,38680.18
9533,Agnijeet Raina,40,HR,99578.62
9534,Kavish Sharma,34,Marketing,77940.18
9535,Kavish Patel,54,Engineering,104948.16
9536,Akanksha Khatri,46,Finance,187399.1
9537,Kavish Patel,61,Marketing,147248.18
9538,Sanjay Patel,59,Support,159278.29
9539,Kriti Sharma,35,Sales,76667.06
9540,Tara Raina,33,Finance,33460.02
9541,Agnijeet Raina,60,HR,85589.38
9542,Akanksha Raina,22,HR,123645.15
9543,Amit Khatri,57,Support,174023.25
9544,Amit Raina,43,HR,197296.88
9545,Amit Desai,51,Engineering,199806.97
9546,Kavish Kamble,29,HR,126856.39
9547,Akanksha Desai,59,Sales,78097.96
9548,Agnijeet Patel,36,Sales,52310.54
9549,Akanksha Sharma,28,Support,39958.71
9550,Sanjay Kamble,26,Marketing,181311.03
9551,Akanksha Kamble,63,Finance,170378.65
9552,Agnijeet Paraswar,40,Engineering,152472.86
9553,Rohit Raina,39,HR,70595.79
9554,Vaidehi Jain,34,Engineering,124724.21
9555,Akanksha Sharma,57,Marketing,152348.16
9556,Amit Paraswar,23,Support,120704.99
9557,Akanksha Kamble,28,Marketing,38463.03
9558,Rina Raina,63,Marketing,90959.76
9559,Kriti Sharma,47,Engineering,136054.72
9560,Amit Sharma,58,Marketing,195917.41
9561,Rohit Kamble,40,Marketing,93423.69
9562,Kriti Paraswar,48,Finance,35702.98
9563,Rina Raina,59,Marketing,77143.37
9564,Kavish Jain,39,Marketing,95870.11
9565,Kriti Desai,38,HR,161222.68
9566,Kavish Sharma,27,HR,80720.31
9567,Kavish Kamble,44,HR,199098.68
9568,Kriti Jain,34,HR,173840.16
9569,Kavish Desai,48,HR,136386.14
9570,Amit Sharma,48,Sales,53452.2
9571,Kavish Paraswar,60,Support,167867.32
9572,Akanksha Jain,23,Sales,81736.08
9573,Agnijeet Desai,30,Finance,104706.85
9574,Rina Khatri,33,Finance,62146.74
9575,Vaidehi Desai,45,Engineering,123026.12
9576,Amit Sharma,62,Finance,128879.2
9577,Vaidehi Paraswar,47,Sales,73723.99
9578,Amit Khatri,60,Support,157615.98
9579,Tara Jain,28,Finance,125524.49
9580,Amit Raina,61,Finance,185547.79
9581,Amit Paraswar,53,Sales,131598.82
9582,Amit Sharma,47,Finance,56327.14
9583,Vaidehi Khatri,64,Engineering,154200.6
9584,Akanksha Sharma,60,Support,34309.25
9585,Tara Paraswar,19,HR,125189.91
9586,Vaidehi Patel,18,Marketing,158181.88
9587,Akanksha Khatri,53,Marketing,167163.04
9588,Rina Raina,65,Marketing,84710.27
9589,Rohit Desai,64,Marketing,198167.61
9590,Rohit Khatri,63,HR,41636.22
9591,Rina Kamble,19,Engineering,26289.73
9592,Tara Kamble,30,Support,109935.02
9593,Kavish Desai,59,Sales,182300.92
9594,Rohit Raina,58,Support,74333.07
9595,Sanjay Jain,48,HR,180837.17
9596,Kavish Khatri,38,Sales,142707.13
9597,Akanksha Patel,25,Marketing,79289.93
9598,Kriti Jain,23,Engineering,178973.84
9599,Agnijeet Jain,43,Support,198467.48
9600,Vaidehi Khatri,53,Finance,166574.59
9601,Kriti Paraswar,46,Sales,88209.02
9602,Agnijeet Patel,22,Sales,149570.22
9603,Rina Paraswar,36,Support,59112.39
9604,Sanjay Khatri,46,Finance,45977.14
9605,Kavish Patel,27,HR,141619.23
9606,Tara Patel,54,Marketing,135574.45
9607,Kriti Desai,50,Support,75577.44
9608,Rohit Kamble,32,Engineering,63729.36
9609,Agnijeet Desai,27,Sales,55321.97
9610,Agnijeet Patel,31,Marketing,55565.6
9611,Agnijeet Raina,48,HR,79356.67
9612,Kriti Jain,20,Finance,141155.25
9613,Kriti Raina,35,HR,194058.36
9614,Kriti Sharma,45,Marketing,185518.08
9615,Agnijeet Jain,41,Finance,21932.5
9616,Vaidehi Jain,50,HR,84353.62
9617,Rohit Khatri,33,Marketing,171146.57
9618,Agnijeet Sharma,49,Sales,196453.08
9619,Rina Sharma,32,HR,91331.48
9620,Vaidehi Khatri,40,Support,78992.13
9621,Kavish Desai,51,Engineering,66796.4
9622,Kavish Patel,30,Sales,70064.89
9623,Agnijeet Paraswar,55,Engineering,61030.73
9624,Kriti Desai,38,Finance,126722.36
9625,Amit Patel,52,HR,177122.4
9626,Tara Desai,59,Sales,63801.48
9627,Rina Desai,30,Support,197846.52
9628,Amit Kamble,57,Support,139976.88
9629,Rohit Khatri,40,Marketing,65478.6
9630,Amit Jain,38,Support,25772.52
9631,Akanksha Kamble,56,Engineering,104143.53
9632,Amit Kamble,51,Finance,114269.67
9633,Kriti Paraswar,36,HR,174295.6
9634,Akanksha Jain,20,HR,82946.14
9635,Tara Jain,18,Finance,131380.08
9636,Vaidehi Raina,51,Sales,21961.26
9637,Sanjay Khatri,24,Marketing,187119.19
9638,Amit Raina,60,Support,136305.02
9639,Akanksha Patel,26,Sales,124635.98
9640,Vaidehi Jain,21,Finance,35081.76
9641,Akanksha Jain,21,Marketing,198859.4
9642,Vaidehi Desai,31,Engineering,80683.34
9643,Amit Desai,65,Support,182802.56
9644,Kavish Kamble,43,Support,136687.77
9645,Kavish Raina,42,Support,24971.31
9646,Rina Raina,35,HR,70606.22
9647,Rohit Raina,37,Sales,94679.89
9648,Rina Sharma,38,Finance,176967.35
9649,Vaidehi Raina,60,Marketing,65627.41
9650,Kriti Sharma,42,Finance,30788.47
9651,Agnijeet Sharma,39,Finance,60441.69
9652,Kavish Sharma,46,HR,57217.34
9653,Sanjay Khatri,35,HR,149932.88
9654,Rohit Khatri,54,Sales,94362.59
9655,Amit Paraswar,65,Marketing,73763.78
9656,Amit Khatri,43,Marketing,198471.66
9657,Akanksha Jain,57,Engineering,153583.53
9658,Kriti Kamble,61,Sales,124307.61
9659,Kriti Desai,52,Sales,107973.42
9660,Akanksha Raina,31,Engineering,162375.25
9661,Rohit Sharma,41,Support,161079.95
9662,Rina Raina,25,Sales,76404.85
9663,Vaidehi Jain,37,Support,187480.11
9664,Tara Patel,25,Sales,134609.73
9665,Akanksha Jain,58,HR,51439.3
9666,Akanksha Sharma,44,Support,183392.48
9667,Sanjay Khatri,21,Sales,72166.64
9668,Sanjay Sharma,40,Support,69756.23
9669,Kriti Raina,52,Finance,139104.12
9670,Sanjay Jain,24,Sales,161404.06
9671,Kriti Desai,59,Sales,171854.93
9672,Amit Sharma,62,Engineering,138357.58
9673,Vaidehi Raina,29,Marketing,170409.71
9674,Rohit Paraswar,36,Support,31081.68
9675,Tara Khatri,46,Finance,105738.96
9676,Kriti Sharma,62,Finance,36223.65
9677,Akanksha Kamble,27,Sales,25659.96
9678,Kriti Khatri,28,HR,140600.26
9679,Sanjay Kamble,39,Finance,22326.26
9680,Vaidehi Patel,39,Engineering,192797.07
9681,Kavish Sharma,29,HR,112410.83
9682,Rina Paraswar,36,HR,181953.72
9683,Kavish Khatri,65,Support,32031.47
9684,Agnijeet Kamble,53,HR,47207.4
9685,Sanjay Jain,60,Marketing,197471.15
9686,Rina Raina,49,Sales,155880.4
9687,Vaidehi Desai,22,Support,150482.53
9688,Rohit Desai,49,Marketing,96420.0
9689,Amit Desai,61,Engineering,88224.97
9690,Amit Desai,38,Sales,150965.27
9691,Rohit Desai,20,Support,58547.44
9692,Vaidehi Paraswar,64,Marketing,117201.39
9693,Vaidehi Patel,60,Sales,172436.98
9694,Sanjay Patel,54,Finance,189066.18
9695,Amit Jain,41,Finance,27030.49
9696,Amit Sharma,47,Support,99634.15
9697,Kavish Kamble,54,Finance,105380.46
9698,Tara Paraswar,40,Sales,120195.24
9699,Akanksha Kamble,20,Marketing,173250.71
9700,Kavish Sharma,37,Marketing,120477.02
9701,Tara Paraswar,36,Support,20170.79
9702,Agnijeet Desai,32,Support,23070.95
9703,Tara Jain,56,Sales,177345.4
9704,Vaidehi Desai,51,Sales,176451.46
9705,Amit Khatri,26,Finance,77097.15
9706,Amit Sharma,55,Finance,100388.7
9707,Sanjay Khatri,18,HR,52071.16
9708,Akanksha Patel,19,HR,101826.61
9709,Kriti Jain,53,Finance,50420.59
9710,Akanksha Patel,46,HR,116282.76
9711,Sanjay Sharma,53,Support,47734.38
9712,Akanksha Sharma,19,Engineering,51151.41
9713,Kavish Patel,29,Finance,127136.19
9714,Kriti Khatri,63,HR,21735.95
9715,Tara Kamble,20,Marketing,166702.58
9716,Tara Sharma,22,Support,67062.65
9717,Amit Sharma,62,Sales,152294.29
9718,Rina Sharma,59,Support,153584.52
9719,Tara Khatri,64,Support,122443.09
9720,Tara Raina,65,Finance,131400.11
9721,Sanjay Patel,47,Finance,134576.94
9722,Sanjay Raina,29,HR,165496.64
9723,Agnijeet Paraswar,32,Sales,72424.3
9724,Vaidehi Kamble,42,Marketing,39684.19
9725,Agnijeet Desai,24,Marketing,104242.6
9726,Amit Patel,59,Support,77034.81
9727,Rina Kamble,47,Engineering,163884.82
9728,Rohit Patel,19,Sales,84546.55
9729,Kriti Khatri,45,Support,140090.71
9730,Agnijeet Khatri,18,HR,118186.63
9731,Rohit Jain,53,Marketing,31063.74
9732,Kriti Raina,18,HR,70188.52
9733,Kavish Raina,44,Marketing,117091.18
9734,Rina Jain,36,Finance,27113.23
9735,Amit Patel,21,Finance,78793.68
9736,Agnijeet Patel,51,HR,36386.94
9737,Rohit Jain,64,Support,160123.11
9738,Kavish Sharma,63,Sales,52074.06
9739,Kavish Sharma,22,Marketing,27893.38
9740,Amit Khatri,55,Engineering,150319.65
9741,Amit Kamble,26,Sales,30219.22
9742,Akanksha Desai,59,Finance,197310.31
9743,Rina Khatri,21,HR,108794.56
9744,Kriti Khatri,39,Marketing,85519.73
9745,Kriti Jain,31,Sales,35530.53
9746,Rohit Patel,41,HR,164145.54
9747,Rohit Paraswar,36,Finance,44654.2
9748,Rohit Paraswar,60,Finance,78583.5
9749,Agnijeet Raina,55,Engineering,74296.35
9750,Vaidehi Sharma,63,Marketing,175719.25
9751,Agnijeet Desai,31,Finance,69642.87
9752,Akanksha Sharma,49,Finance,185529.38
9753,Rohit Sharma,45,Finance,95999.32
9754,Vaidehi Kamble,29,Finance,189424.34
9755,Agnijeet Jain,41,Marketing,164586.11
9756,Tara Paraswar,25,Sales,189204.31
9757,Kriti Patel,48,Marketing,120491.62
9758,Rina Jain,55,Sales,127266.63
9759,Amit Khatri,21,Support,145950.02
9760,Rohit Khatri,25,Engineering,72423.92
9761,Sanjay Desai,46,Marketing,195760.69
9762,Kriti Sharma,25,Engineering,65019.46
9763,Vaidehi Sharma,36,HR,98392.15
9764,Sanjay Patel,31,Engineering,134551.14
9765,Rohit Sharma,47,Engineering,176211.25
9766,Amit Patel,31,Engineering,91332.59
9767,Vaidehi Paraswar,42,Engineering,163172.03
9768,Sanjay Sharma,64,Support,105330.91
9769,Kavish Raina,41,Marketing,100900.73
9770,Akanksha Paraswar,54,Marketing,182252.39
9771,Vaidehi Jain,23,Support,77097.28
9772,Agnijeet Kamble,26,HR,171143.05
9773,Akanksha Patel,62,Marketing,92320.15
9774,Rina Desai,50,Finance,161721.85
9775,Kriti Patel,63,Sales,119608.36
9776,Rina Paraswar,37,Sales,122721.7
9777,Sanjay Jain,43,Finance,49717.83
9778,Kavish Kamble,28,Sales,47861.26
9779,Tara Patel,18,Marketing,183070.97
9780,Tara Jain,45,Sales,172272.45
9781,Sanjay Patel,43,Marketing,44810.03
9782,Sanjay Jain,24,Sales,50243.63
9783,Tara Paraswar,29,HR,157028.68
9784,Tara Patel,37,HR,48630.61
9785,Kavish Kamble,50,HR,196342.13
9786,Kriti Raina,28,Marketing,106173.77
9787,Vaidehi Desai,31,HR,40820.04
9788,Akanksha Jain,63,Sales,81833.8
9789,Vaidehi Raina,29,Engineering,139217.09
9790,Kavish Jain,33,Sales,154670.01
9791,Vaidehi Kamble,36,Engineering,198413.85
9792,Agnijeet Desai,30,Marketing,163317.55
9793,Vaidehi Paraswar,49,Finance,122189.59
9794,Agnijeet Raina,22,Engineering,124350.37
9795,Kavish Kamble,65,Support,103545.3
9796,Rohit Khatri,29,Marketing,73114.78
9797,Rina Sharma,59,Engineering,126922.47
9798,Rina Sharma,65,Marketing,108479.85
9799,Amit Desai,59,Marketing,28751.43
9800,Rina Sharma,27,Finance,187045.95
9801,Agnijeet Raina,26,Support,128528.72
9802,Rohit Paraswar,33,Engineering,21519.82
9803,Amit Kamble,61,Engineering,76616.44
9804,Akanksha Jain,49,Support,172823.05
9805,Amit Patel,50,Finance,189793.35
9806,Amit Desai,37,HR,124712.74
9807,Vaidehi Desai,19,Marketing,73515.2
9808,Kriti Paraswar,60,Marketing,168143.28
9809,Sanjay Jain,26,HR,179310.76
9810,Tara Sharma,40,Marketing,77091.79
9811,Agnijeet Jain,41,Sales,145444.07
9812,Kavish Jain,37,Finance,122522.15
9813,Vaidehi Paraswar,46,Engineering,122074.69
9814,Sanjay Paraswar,29,Sales,69602.05
9815,Vaidehi Kamble,26,Engineering,112528.6
9816,Kavish Jain,25,HR,42678.94
9817,Kavish Kamble,51,Marketing,164911.29
9818,Rina Kamble,55,Support,126687.48
9819,Tara Raina,44,Marketing,47406.19
9820,Kriti Kamble,21,Finance,118517.28
9821,Vaidehi Desai,62,Support,62675.27
9822,Tara Desai,21,Sales,23834.4
9823,Kriti Desai,22,Marketing,125899.08
9824,Rina Raina,42,HR,133230.5
9825,Tara Paraswar,65,Sales,20396.41
9826,Sanjay Patel,51,Sales,74592.73
9827,Rohit Patel,32,HR,88311.77
9828,Tara Patel,36,Engineering,171802.96
9829,Tara Khatri,20,HR,110882.38
9830,Kavish Patel,29,Marketing,47336.47
9831,Amit Kamble,39,Sales,187243.6
9832,Sanjay Khatri,21,Engineering,97281.97
9833,Agnijeet Jain,37,Support,111892.25
9834,Amit Kamble,30,Sales,121015.07
9835,Kavish Jain,65,Sales,55160.12
9836,Rina Raina,57,Engineering,120000.63
9837,Kavish Desai,18,Sales,145342.37
9838,Sanjay Jain,59,Engineering,80273.86
9839,Rohit Khatri,33,HR,197253.32
9840,Kriti Paraswar,62,Sales,58887.23
9841,Kavish Desai,31,Finance,69395.35
9842,Kriti Jain,34,Support,36700.31
9843,Rina Raina,55,Sales,196864.0
9844,Tara Khatri,47,Engineering,108457.74
9845,Amit Raina,34,HR,72887.65
9846,Amit Jain,44,HR,59986.61
9847,Sanjay Raina,47,Finance,149629.74
9848,Amit Khatri,46,Marketing,141349.15
9849,Kavish Khatri,63,Finance,115987.35
9850,Sanjay Desai,44,Engineering,35292.45
9851,Rina Kamble,47,Sales,55860.84
9852,Tara Desai,52,Engineering,105715.84
9853,Rohit Paraswar,20,Support,92775.15
9854,Rina Paraswar,26,Support,75018.56
9855,Amit Patel,51,HR,107871.67
9856,Kriti Desai,23,Sales,71277.52
9857,Kriti Patel,50,Sales,146897.71
9858,Vaidehi Patel,64,Support,93422.96
9859,Amit Desai,41,Sales,159698.77
9860,Tara Kamble,54,HR,195885.71
9861,Sanjay Kamble,55,Sales,47007.5
9862,Kavish Paraswar,41,Support,43681.48
9863,Kriti Khatri,41,HR,97517.65
9864,Rina Desai,31,Marketing,169506.37
9865,Sanjay Raina,19,Marketing,79016.84
9866,Agnijeet Sharma,30,Marketing,182356.88
9867,Rohit Jain,49,Support,181490.11
9868,Rohit Patel,33,Sales,159583.57
9869,Sanjay Raina,58,Support,165599.77
9870,Amit Patel,30,Engineering,96991.99
9871,Sanjay Khatri,62,Marketing,123057.61
9872,Kavish Raina,18,Support,55184.7
9873,Akanksha Desai,39,Sales,164464.77
9874,Agnijeet Khatri,41,Sales,74250.12
9875,Amit Patel,62,Marketing,42141.24
9876,Agnijeet Desai,25,Sales,28913.5
9877,Rina Sharma,43,Finance,135332.35
9878,Tara Kamble,59,HR,105726.25
9879,Sanjay Sharma,31,Engineering,58337.19
9880,Tara Sharma,36,Engineering,168741.74
9881,Sanjay Kamble,39,Finance,171594.02
9882,Vaidehi Desai,62,Marketing,75006.33
9883,Amit Paraswar,35,HR,68812.35
9884,Sanjay Raina,26,Finance,129515.56
9885,Rohit Jain,33,Support,86586.22
9886,Vaidehi Paraswar,52,Finance,190692.23
9887,Tara Paraswar,24,Marketing,131601.82
9888,Tara Desai,41,HR,40912.62
9889,Kriti Jain,61,Engineering,66536.8
9890,Tara Paraswar,30,Marketing,38141.27
9891,Rina Kamble,34,Sales,21524.99
9892,Rohit Paraswar,63,Finance,57923.41
9893,Amit Patel,51,Marketing,114829.31
9894,Sanjay Raina,46,HR,147022.65
9895,Agnijeet Desai,24,Engineering,63005.49
9896,Vaidehi Sharma,54,Marketing,147795.37
9897,Akanksha Kamble,19,Finance,110743.58
9898,Rohit Desai,19,Support,130378.93
9899,Akanksha Khatri,57,HR,37652.73
9900,Sanjay Kamble,25,Engineering,161822.81
9901,Agnijeet Sharma,49,Engineering,172041.27
9902,Vaidehi Paraswar,61,Support,165721.54
9903,Akanksha Paraswar,35,Engineering,25960.26
9904,Kavish Jain,43,Support,127046.51
9905,Amit Jain,28,HR,33085.86
9906,Vaidehi Khatri,58,Support,112956.99
9907,Agnijeet Sharma,24,Support,179074.51
9908,Kavish Kamble,42,HR,168399.56
9909,Vaidehi Raina,58,Support,70163.24
9910,Tara Jain,24,Sales,125186.16
9911,Vaidehi Desai,64,Marketing,163317.55
9912,Amit Raina,56,Finance,78961.3
9913,Tara Paraswar,41,Engineering,165551.09
9914,Kriti Desai,23,Engineering,130072.35
9915,Kavish Kamble,49,Support,52316.07
9916,Vaidehi Desai,55,Engineering,148582.71
9917,Rohit Paraswar,50,Finance,22352.25
9918,Tara Raina,49,Finance,146478.26
9919,Amit Desai,63,Marketing,106406.15
9920,Akanksha Desai,32,Marketing,79309.28
9921,Rina Khatri,21,Engineering,41826.54
9922,Agnijeet Paraswar,50,Engineering,66331.86
9923,Sanjay Paraswar,19,Engineering,168756.48
9924,Rohit Paraswar,23,HR,182301.64
9925,Amit Kamble,23,Finance,24733.31
9926,Kavish Desai,25,Sales,85526.53
9927,Rina Sharma,61,Finance,90716.19
9928,Tara Paraswar,32,Marketing,169005.75
9929,Tara Paraswar,20,Finance,78031.55
9930,Kriti Sharma,46,Engineering,24539.21
9931,Agnijeet Kamble,27,Sales,65079.33
9932,Akanksha Kamble,40,Finance,192293.13
9933,Amit Desai,39,HR,148090.84
9934,Kavish Kamble,64,Sales,30628.28
9935,Sanjay Kamble,41,HR,128246.58
9936,Sanjay Sharma,51,Sales,80132.51
9937,Sanjay Paraswar,20,HR,192695.39
9938,Vaidehi Kamble,49,HR,27513.26
9939,Sanjay Paraswar,36,Sales,120760.18
9940,Kavish Raina,21,Support,112116.92
9941,Rina Paraswar,50,Sales,35587.19
9942,Kavish Sharma,19,Support,126729.07
9943,Kriti Jain,29,Sales,112915.57
9944,Kavish Paraswar,46,Sales,126063.91
9945,Sanjay Sharma,50,Support,48590.08
9946,Agnijeet Kamble,32,Finance,119433.0
9947,Amit Khatri,21,Support,155212.94
9948,Sanjay Sharma,38,Sales,146826.69
9949,Agnijeet Jain,50,Engineering,79123.61
9950,Akanksha Sharma,33,Finance,189883.27
9951,Kavish Khatri,22,Sales,151158.47
9952,Amit Sharma,65,HR,155118.35
9953,Amit Jain,62,Support,36103.02
9954,Kriti Desai,40,HR,40103.39
9955,Sanjay Patel,39,Finance,39663.4
9956,Vaidehi Paraswar,23,Finance,123115.68
9957,Kavish Khatri,33,Engineering,123398.05
9958,Sanjay Patel,18,Marketing,170729.09
9959,Akanksha Desai,56,Support,123201.86
9960,Rohit Patel,54,Support,79901.21
9961,Vaidehi Khatri,50,Support,81298.97
9962,Rina Patel,36,HR,148467.12
9963,Kavish Khatri,60,Marketing,74977.29
9964,Kavish Desai,51,Marketing,118074.93
9965,Amit Desai,42,HR,41871.99
9966,Agnijeet Raina,59,Engineering,96898.22
9967,Vaidehi Raina,34,Marketing,35365.72
9968,Akanksha Paraswar,32,Finance,41675.36
9969,Agnijeet Jain,54,Finance,194702.31
9970,Rohit Paraswar,20,Support,27013.59
9971,Sanjay Paraswar,32,Marketing,52137.63
9972,Kavish Sharma,61,Sales,56462.01
9973,Rohit Desai,36,Sales,34494.42
9974,Kriti Kamble,56,Marketing,105475.86
9975,Agnijeet Paraswar,51,Marketing,167742.77
9976,Vaidehi Patel,40,Engineering,25878.96
9977,Sanjay Paraswar,36,HR,180955.48
9978,Amit Sharma,64,HR,195354.63
9979,Agnijeet Raina,42,Sales,57636.43
9980,Akanksha Patel,38,Finance,27866.02
9981,Vaidehi Khatri,23,Finance,175466.92
9982,Kriti Paraswar,37,Sales,47820.14
9983,Kavish Kamble,64,HR,109836.43
9984,Kavish Jain,26,HR,107392.31
9985,Sanjay Khatri,22,Engineering,75434.29
9986,Kavish Desai,28,Support,106328.35
9987,Vaidehi Sharma,58,Finance,182853.92
9988,Tara Kamble,32,Support,114092.46
9989,Rohit Desai,41,Support,189640.24
9990,Sanjay Khatri,60,Marketing,88188.84
9991,Kavish Raina,43,Finance,155622.31
9992,Vaidehi Patel,64,Finance,161568.95
9993,Rohit Jain,63,Engineering,107276.98
9994,Agnijeet Khatri,19,Support,51435.46
9995,Vaidehi Desai,20,Finance,64682.77
9996,Sanjay Patel,18,Finance,75070.92
9997,Tara Patel,52,Support,125886.38
9998,Tara Patel,37,HR,158260.89
9999,Kavish Desai,21,HR,96625.45
10000,Vaidehi Paraswar,65,Support,33601.64
